"lemmaId","arabic","lemma","root","rootArabic","transliteration","partOfSpeech","phoneticKeys","occurrenceCount","firstRef","meaning","reviewStatus"
"DHk-DHkt","فَلْيَضْحَكُوا۟","ضَحِكَتْ","DHk","ضحك","ḍaḥikat","verb","DHkt","7","9:82:1","laugh","auto"
"DHk-DaaHk","ضَاحِكًۭا","ضَاحِك","DHk","ضحك","ḍāḥik","noun","DaaHk","1","27:19:2","laughing","auto"
"DHk-DaaHk@","ضَاحِكَةٌۭ","ضَاحِكَة","DHk","ضحك","ḍāḥika","noun","DaaHk@","1","80:39:1","Laughing","auto"
"DHk-a2DHk","أَضْحَكَ","أَضْحَكَ","DHk","ضحك","ʾaḍḥaka","verb","a2DHk","1","53:43:3","makes (one) laugh","auto"
"DHw-DHy","ضُحًۭى","ضُحًى","DHw","ضحو","ḍuḥanā","time","DHy","6","7:98:7","(in) daylight","auto"
"DHw-tDHy","تَضْحَىٰ","تَضْحَىٰ","DHw","ضحو","taḍḥāā","verb","tDHy","1","20:119:6","exposed to the sun's heat","auto"
"Daan-Da2n","ٱلضَّأْنِ","ضَّأْن","DAn","ضان","ḍaʾn","noun","Da2n","1","6:143:4","the sheep","auto"
"Daf-Daf","أَضْعَافًۭا","ضِعْف","DEf","ضعف","ḍiʿf","noun","Daf","18","2:245:10","double","auto"
"Daf-Dayf","ضُعَفَآءُ","ضَعِيف","DEf","ضعف","ḍaʿīf","adjective","Dayf","8","2:266:23","weak","auto"
"Daf-a2Daf","وَأَضْعَفُ","أَضْعَف","DEf","ضعف","ʾaḍʿaf","noun","a2Daf","2","19:75:24","and weaker","auto"
"Daf-aastDaf","ٱسْتُضْعِفُوا۟","ٱسْتَضْعَفُ","DEf","ضعف","āstaḍʿafu","verb","aastDaf","8","7:75:8","were oppressed","auto"
"Daf-mDaf@","مُّضَٰعَفَةًۭ","مُّضَٰعَفَة","DEf","ضعف","muḍāʿafa","adjective","mDaf@","1","3:130:8","multiplied","auto"
"Daf-mDafwn","ٱلْمُضْعِفُونَ","مُضْعِفُون","DEf","ضعف","muḍʿifūn","noun","mDafwn","1","30:39:22","(will) get manifold","auto"
"Daf-mstDafwn","وَٱلْمُسْتَضْعَفِينَ","مُّسْتَضْعَفُون","DEf","ضعف","mustaḍʿafūn","noun","mstDafwn","5","4:75:8","and (for) those who are weak","auto"
"Daf-yDaf","فَيُضَٰعِفَهُۥ","يُضَٰعِفُ","DEf","ضعف","yuḍāʿifu","verb","yDaf","9","2:245:8","so (that) He multiplies it","auto"
"DbH-DbH","ٱللَّهِ","ضَبْح","DbH","ضبح","ḍabḥ","noun","DbH","1","100:1:2","panting","auto"
"Ddd-Dd","ضِدًّا","ضِدّ","Ddd","ضدد","ḍidd","noun","Dd","1","19:82:6","opponents","auto"
"Dfda-Dfaada","وَٱلضَّفَادِعَ","ضَّفَادِع","DfdE","ضفدع","ḍafādiʿ","noun","Dfaada","1","7:133:6","and the frogs","auto"
"Dghn-a2Dghn","أَضْغَٰنَهُمْ","أَضْغَٰن","Dgn","ضغن","ʾaḍġān","noun","a2Dghn","2","47:29:11","their hatred","auto"
"Dghth-Dghth","أَضْغَٰثُ","ضِغْث","Dgv","ضغث","ḍiġṯ","noun","Dghth","3","12:44:2","Confused","auto"
"Dhaa-yDh","يُضَٰهِـُٔونَ","يُضَٰهِـُٕ","DhA","ضها","yuḍāhiu","verb","yDh","1","9:30:14","they imitate","auto"
"Dja-mDaaja","مَضَاجِعِهِمْ","مَضَاجِع","DjE","ضجع","maḍāǧiʿ","noun","mDaaja","3","3:154:62","their places of death","auto"
"Dll-Daal","ٱلضَّآلِّينَ","ضَألّ","Dll","ضلل","ḍāll","noun","Daal","14","1:7:9","those who are astray","auto"
"Dll-Dl","ضَلَّ","ضَلَّ","Dll","ضلل","ḍalla","verb","Dl","53","2:108:16","goes astray","auto"
"Dll-Dll","ضَلَٰلٍۢ","ضَلَٰل","Dll","ضلل","ḍalāl","noun","Dll","38","3:164:24","error","auto"
"Dll-Dll@","ٱلضَّلَٰلَةَ","ضَلَٰلَة","Dll","ضلل","ḍalāla","noun","Dll@","9","2:16:4","[the] astraying","auto"
"Dll-a2Dl","يُضِلُّ","أَضَلَّ","Dll","ضلل","ʾaḍalla","verb","a2Dl","73","2:26:29","He lets go astray","auto"
"Dll-mDl","ٱلْمُضِلِّينَ","مُّضِلّ","Dll","ضلل","muḍill","noun","mDl","3","18:51:12","the misleaders","auto"
"Dll-tDlyl","تَضْلِيلٍۢ","تَضْلِيل","Dll","ضلل","taḍlīl","noun","tDlyl","1","105:2:5","astray","auto"
"Dmm-aaDmm","وَٱضْمُمْ","ٱضْمُمْ","Dmm","ضمم","āḍmum","verb","aaDmm","2","20:22:1","And draw near","auto"
"Dmr-Daamr","ضَامِرٍۢ","ضَامِر","Dmr","ضمر","ḍāmir","noun","Daamr","1","22:27:9","lean camel","auto"
"Dnk-Dnk","ضَنكًۭا","ضَنك","Dnk","ضنك","ḍank","adjective","Dnk","1","20:124:8","straitened","auto"
"Dnn-Dnyn","بِضَنِينٍۢ","ضَنِين","Dnn","ضنن","ḍanīn","noun","Dnyn","1","81:24:5","a withholder","auto"
"Dra-Drya","ضَرِيعٍۢ","ضَرِيع","DrE","ضرع","ḍarīʿ","noun","Drya","1","88:6:6","a bitter thorny plant","auto"
"Dra-tDra","تَضَرَّعُوا۟","تَضَرَّعُ","DrE","ضرع","taḍarraʿu","verb","tDra","4","6:43:5","humbly","auto"
"Dra-ytDra","يَتَضَرَّعُونَ","يَتَضَرَّعُ","DrE","ضرع","yataḍarraʿu","verb","ytDra","3","6:42:11","humble themselves","auto"
"Drb-Drb","يَضْرِبَ","ضَرَبَ","Drb","ضرب","ḍaraba","verb","Drb","58","2:26:6","Allah sets forth","auto"
"Drr-Daar","بِضَآرِّينَ","ضَأرّ","Drr","ضرر","ḍārr","noun","Daar","2","2:102:45","at all [be those who] harm","auto"
"Drr-Dr","ضَرًّۭا","ضَرّ","Drr","ضرر","ḍarr","noun","Dr","29","5:76:10","any harm","auto"
"Drr-Draa2","وَٱلضَّرَّآءِ","ضَرَّأء","Drr","ضرر","ḍarrāʾ","noun","Draa2","9","2:177:43","and [the] hardship","auto"
"Drr-Draar","ضِرَارًۭا","ضِرَار","Drr","ضرر","ḍirār","noun","Draar","2","2:231:13","(to) hurt","auto"
"Drr-Drr","ٱلضَّرَرِ","ضَّرَر","Drr","ضرر","ḍarar","noun","Drr","1","4:95:8","[the] disabled","auto"
"Drr-aaDTr","أَضْطَرُّهُۥٓ","ٱضْطُرَّ","Drr","ضرر","āḍṭurra","verb","aaDTr","7","2:126:25","(is) forced","auto"
"Drr-mDTr","ٱلْمُضْطَرَّ","مُضْطَرّ","Drr","ضرر","muḍṭarr","noun","mDTr","1","27:62:3","(to) the distressed one","auto"
"Drr-mDaar","مُضَآرٍّۢ","مُضَأرّ","Drr","ضرر","muḍārr","noun","mDaar","1","4:12:82","(being) harmful","auto"
"Drr-yDaar","تُضَآرَّ","يُضَأرَّ","Drr","ضرر","yuḍārra","verb","yDaar","3","2:233:23","made to suffer","auto"
"Drr-yDr","يَضُرُّهُمْ","يَضُرَّ","Drr","ضرر","yaḍurra","verb","yDr","19","2:102:54","harms them","auto"
"Dwaa-Dyaa2","ضِيَآءًۭ","ضِيَأء","DwA","ضوا","ḍiyāʾ","noun","Dyaa2","3","10:5:5","a shining light","auto"
"Dwaa-a2Daa2","أَضَآءَتْ","أَضَأءَ","DwA","ضوا","ʾaḍāʾa","verb","a2Daa2","3","2:17:7","it illuminated","auto"
"Dya-a2Daa","لِيُضِيعَ","أَضَاعُ","DyE","ضيع","ʾaḍāʿu","verb","a2Daa","10","2:143:39","let go waste","auto"
"Dyf-Dyf","ضَيْفِىٓ","ضَيْف","Dyf","ضيف","ḍayf","noun","Dyf","5","11:78:22","my guests","auto"
"Dyf-yDyf","يُضَيِّفُوهُمَا","يُضَيِّفُ","Dyf","ضيف","yuḍayyifu","verb","yDyf","1","18:77:11","offer them hospitality","auto"
"Dyq-Daaq","وَضَاقَتْ","ضَاقَ","Dyq","ضيق","ḍāqa","verb","Daaq","7","9:25:16","and felt straitened","auto"
"Dyq-Daay2q","وَضَآئِقٌۢ","ضَأئِق","Dyq","ضيق","ḍāʾiq","noun","Daay2q","1","11:12:7","and straitened","auto"
"Dyq-Dyq","ضَيِّقًا","ضَيِّق","Dyq","ضيق","ḍayyiq","noun","Dyq","4","6:125:15","distress","auto"
"Dyq-tDyq","لِتُضَيِّقُوا۟","تُضَيِّقُ","Dyq","ضيق","tuḍayyiqu","verb","tDyq","1","65:6:9","to distress","auto"
"Dyr-Dyr","ضَيْرَ","ضَيْر","Dyr","ضير","ḍayr","noun","Dyr","1","26:50:3","harm","auto"
"Dyz-Dyzy","ضِيزَىٰٓ","ضِيزَىٰٔ","Dyz","ضيز","ḍīzāā","adjective","Dyzy","1","53:22:4","unfair","auto"
"HDD-tHD","تَحَٰٓضُّونَ","تَحَٰٔضُّ","HDD","حضض","taḥāḍḍu","verb","tHD","1","89:18:2","you feel the urge","auto"
"HDD-yHD","يَحُضُّ","يَحُضُّ","HDD","حضض","yaḥuḍḍu","verb","yHD","2","69:34:2","feel the urge","auto"
"HDr-HDr","حَضَرَ","حَضَرَ","HDr","حضر","ḥaḍara","verb","HDr","7","2:133:5","approaches","auto"
"HDr-HaaDr","حَاضِرًۭا","حَاضِر","HDr","حضر","ḥāḍir","noun","HaaDr","1","18:49:23","presented","auto"
"HDr-HaaDr@","حَاضِرَةًۭ","حَاضِرَة","HDr","حضر","ḥāḍira","adjective","HaaDr@","2","2:282:100","present","auto"
"HDr-HaaDry","حَاضِرِى","حَاضِرِى","HDr","حضر","ḥāḍiriā","noun","HaaDry","1","2:196:64","present","auto"
"HDr-a2HDrt","وَأُحْضِرَتِ","أَحْضَرَتْ","HDr","حضر","ʾaḥḍarat","verb","a2HDrt","3","4:128:18","And are swayed","auto"
"HDr-mHDr","مُّحْضَرًۭا","مُّحْضَر","HDr","حضر","muḥḍar","noun","mHDr","10","3:30:9","(will be) brought","auto"
"HDr-mHtDr","مُّحْتَضَرٌۭ","مُّحْتَضَر","HDr","حضر","muḥtaḍar","noun","mHtDr","1","54:28:8","attended","auto"
"HSHS-HSHS","حَصْحَصَ","حَصْحَصَ","HSHS","حصحص","ḥaṣḥaṣa","verb","HSHS","1","12:51:21","(is) manifest","auto"
"HSb-HSb","حَصَبُ","حَصَب","HSb","حصب","ḥaṣab","noun","HSb","1","21:98:7","(are) firewood","auto"
"HSb-HaaSb","حَاصِبًۭا","حَاصِب","HSb","حصب","ḥāṣib","noun","HaaSb","4","17:68:10","a storm of stones","auto"
"HSd-HSaad","حَصَادِهِۦ","حَصَاد","HSd","حصد","ḥaṣād","noun","HSaad","1","6:141:25","(of) its harvest","auto"
"HSd-HSd","حَصَدتُّمْ","حَصَد","HSd","حصد","ḥaṣad","verb","HSd","1","12:47:7","you reap","auto"
"HSd-HSyd","حَصِيدًۭا","حَصِيد","HSd","حصد","ḥaṣīd","noun","HSyd","4","10:24:34","a harvest clean-mown","auto"
"HSl-HSl","وَحُصِّلَ","حُصِّلَ","HSl","حصل","ḥuṣṣila","verb","HSl","1","100:10:1","And is made apparent","auto"
"HSn-HSwn","حُصُونُهُم","حُصُون","HSn","حصن","ḥuṣūn","noun","HSwn","1","59:2:20","their fortresses","auto"
"HSn-a2HSnt","أُحْصِنَّ","أَحْصَنَتْ","HSn","حصن","ʾaḥṣanat","verb","a2HSnt","5","4:25:36","guarded","auto"
"HSn-mHSn@","مُّحَصَّنَةٍ","مُّحَصَّنَة","HSn","حصن","muḥaṣṣana","adjective","mHSn@","1","59:14:7","fortified","auto"
"HSn-mHSnt","وَٱلْمُحْصَنَٰتُ","مُحْصَنَٰت","HSn","حصن","muḥṣanāt","noun","mHSnt","8","4:24:1","the chaste women","auto"
"HSn-mHSnyn","مُّحْصِنِينَ","مُّحْصِنِين","HSn","حصن","muḥṣinīn","noun","mHSnyn","2","4:24:19","desiring to be chaste","auto"
"HSn-tHSn","تَحَصُّنًۭا","تَحَصُّن","HSn","حصن","taḥaṣṣun","noun","tHSn","1","24:33:35","chastity","auto"
"HSr-HSrt","حَصِرَتْ","حَصِرَتْ","HSr","حصر","ḥaṣirat","verb","HSrt","2","4:90:11","restraining","auto"
"HSr-HSwr","وَحَصُورًۭا","حَصُور","HSr","حصر","ḥaṣūr","noun","HSwr","1","3:39:17","and chaste","auto"
"HSr-HSyr","حَصِيرًا","حَصِير","HSr","حصر","ḥaṣīr","noun","HSyr","1","17:8:11","a prison-bed","auto"
"HSr-a2HSr","أُحْصِرْتُمْ","أُحْصِرُ","HSr","حصر","ʾuḥṣiru","verb","a2HSr","2","2:196:6","you are held back","auto"
"HSy-a2HSy","تُحْصُوهَآ","أَحْصَىٰ","HSy","حصي","ʾaḥṣāā","verb","a2HSy","11","14:34:11","We have enumerated it","auto"
"HTT-HT@","حِطَّةٌۭ","حِطَّة","HTT","حطط","ḥiṭṭa","noun","HT@","2","2:58:15","Repentance","auto"
"HTb-HTb","حَطَبًۭا","حَطَب","HTb","حطب","ḥaṭab","noun","HTb","2","72:15:5","firewood","auto"
"HTm-HTm","حُطَٰمًا","حُطَٰم","HTm","حطم","ḥuṭām","noun","HTm","3","39:21:25","debris","auto"
"HTm-HTm@","ٱلْحُطَمَةِ","حُطَمَة","HTm","حطم","ḥuṭama","noun","HTm@","2","104:4:4","the Crusher","auto"
"HTm-yHTm","يَحْطِمَنَّكُمْ","يَحْطِمَ","HTm","حطم","yaḥṭima","verb","yHTm","1","27:18:14","lest not crush you","auto"
"HZZ-HZ","حَظًّۭا","حَظّ","HZZ","حظظ","ḥaẓẓ","noun","HZ","7","3:176:17","a part","auto"
"HZr-mHZwr","مَحْظُورًا","مَحْظُور","HZr","حظر","maḥẓūr","noun","mHZwr","1","17:20:12","restricted","auto"
"HZr-mHtZr","ٱلْمُحْتَظِرِ","مُحْتَظِر","HZr","حظر","muḥtaẓir","noun","mHtZr","1","54:31:8","(used by) a fence builder","auto"
"HbT-HbT","حَبِطَتْ","حَبِطَ","HbT","حبط","ḥabiṭa","verb","HbT","12","2:217:47","worthless","auto"
"HbT-a2HbT","فَأَحْبَطَ","أَحْبَطَ","HbT","حبط","ʾaḥbaṭa","verb","a2HbT","4","33:19:28","so Allah made worthless","auto"
"Hbb-Hb","كَحُبِّ","حُبّ","Hbb","حبب","ḥubb","noun","Hb","16","2:165:10","grain","auto"
"Hbb-Hb@","حَبَّةٍ","حَبَّة","Hbb","حبب","ḥabba","noun","Hb@","5","2:261:9","a grain","auto"
"Hbb-Hbb","حَبَّبَ","حَبَّبَ","Hbb","حبب","ḥabbaba","verb","Hbb","1","49:7:15","has endeared","auto"
"Hbb-a2Hb","أَحَبَّ","أَحَبّ","Hbb","حبب","ʾaḥabb","noun","a2Hb","3","9:24:16","(are) more beloved","auto"
"Hbb-a2Hbb","يُحِبُّونَهُمْ","أَحْبَبْ","Hbb","حبب","ʾaḥbab","verb","a2Hbb","64","2:165:9","love","auto"
"Hbb-a2Hbw2","وَأَحِبَّٰٓؤُهُۥ","أَحِبَّٰٔؤ","Hbb","حبب","ʾaḥibbāʾ","noun","a2Hbw2","1","5:18:7","and His beloved","auto"
"Hbb-aastHb","ٱسْتَحَبُّوا۟","ٱسْتَحَبُّ","Hbb","حبب","āstaḥabbu","verb","aastHb","4","9:23:10","they prefer","auto"
"Hbb-mHb@","مَحَبَّةًۭ","مَحَبَّة","Hbb","حبب","maḥabba","noun","mHb@","1","20:39:18","love","auto"
"Hbk-Hbk","ٱلْحُبُكِ","حُبُك","Hbk","حبك","ḥubuk","noun","Hbk","1","51:7:3","pathways","auto"
"Hbl-Hbl","بِحَبْلِ","حَبْل","Hbl","حبل","ḥabl","noun","Hbl","7","3:103:2","to (the) rope","auto"
"Hbr-a2Hbaar","وَٱلْأَحْبَارُ","أَحْبَار","Hbr","حبر","ʾaḥbār","noun","a2Hbaar","4","5:44:15","and the scholars","auto"
"Hbr-yHbr","يُحْبَرُونَ","يُحْبَرُ","Hbr","حبر","yuḥbaru","verb","yHbr","2","30:15:9","will be delighted","auto"
"Hbs-yHbs","تَحْبِسُونَهُمَا","يَحْبِسُ","Hbs","حبس","yaḥbisu","verb","yHbs","2","5:106:28","Detain both of them","auto"
"Hdb-Hdb","حَدَبٍۢ","حَدَب","Hdb","حدب","ḥadab","noun","Hdb","1","21:96:9","elevation","auto"
"Hdd-Haad","يُحَادِدِ","حَأدَّ","Hdd","حدد","ḥādda","verb","Haad","2","9:63:5","opposes","auto"
"Hdd-Hdaad","حِدَادٍ","حِدَاد","Hdd","حدد","ḥidād","noun","Hdaad","1","33:19:21","sharp","auto"
"Hdd-Hdwd","حُدُودُ","حُدُود","Hdd","حدد","ḥudūd","noun","Hdwd","14","2:187:55","(the) limits","auto"
"Hdd-Hdyd","حَدِيدًا","حَدِيد","Hdd","حدد","ḥadīd","noun","Hdyd","6","17:50:5","iron","auto"
"Hdd-yHaad","يُحَآدُّونَ","يُحَأدُّ","Hdd","حدد","yuḥāddu","verb","yHaad","2","58:5:3","oppose","auto"
"Hdhr-Hdhr","حَذَرَ","حَذَر","H*r","حذر","ḥaḏar","noun","Hdhr","5","2:19:15","your precautions","auto"
"Hdhr-Hdhrwn","حَٰذِرُونَ","حَٰذِرُون","H*r","حذر","ḥāḏirūn","noun","Hdhrwn","1","26:56:3","forewarned","auto"
"Hdhr-mHdhwr","مَحْذُورًۭا","مَحْذُور","H*r","حذر","maḥḏūr","noun","mHdhwr","1","17:57:18","(ever) feared","auto"
"Hdhr-yHdhr","فَٱحْذَرُوهُ","يَحْذَرُ","H*r","حذر","yaḥḏaru","verb","yHdhr","14","2:235:42","And warns you","auto"
"Hdq-Hdaay2q","حَدَآئِقَ","حَدَأئِق","Hdq","حدق","ḥadāʾiq","noun","Hdaay2q","3","27:60:12","gardens","auto"
"Hdth-Hdyth","حَدِيثًۭا","حَدِيث","Hdv","حدث","ḥadīṯ","noun","Hdyth","28","4:42:14","statement","auto"
"Hdth-mHdth","مُّحْدَثٍ","مُحْدَث","Hdv","حدث","muḥdaṯ","noun","mHdth","2","21:2:7","anew","auto"
"Hdth-tHdth","أَتُحَدِّثُونَهُم","تُحَدِّثُ","Hdv","حدث","tuḥaddiṯu","verb","tHdth","3","2:76:13","Do you tell them","auto"
"Hdth-yHdth","أُحْدِثَ","يُحْدِثُ","Hdv","حدث","yuḥdiṯu","verb","yHdth","3","18:70:9","I present","auto"
"HfZ-HfZ","حِفْظُهُمَا","حِفْظ","HfZ","حفظ","ḥifẓ","noun","HfZ","23","2:255:47","(will) surely (be) guardians","auto"
"HfZ-HfZt","حَٰفِظَٰتٌۭ","حَٰفِظَٰت","HfZ","حفظ","ḥāfiẓāt","noun","HfZt","2","4:34:17","guarding","auto"
"HfZ-HfyZ","حَفِيظًۭا","حَفِيظ","HfZ","حفظ","ḥafīẓ","noun","HfyZ","12","4:80:12","a guardian","auto"
"HfZ-aastHfZ","ٱسْتُحْفِظُوا۟","ٱسْتُحْفِظُ","HfZ","حفظ","āstuḥfiẓu","verb","aastHfZ","1","5:44:17","they were entrusted","auto"
"HfZ-mHfwZ","مَّحْفُوظًۭا","مَّحْفُوظ","HfZ","حفظ","maḥfūẓ","noun","mHfwZ","2","21:32:4","protected","auto"
"HfZ-yHaafZ","حَٰفِظُوا۟","يُحَافِظُ","HfZ","حفظ","yuḥāfiẓu","verb","yHaafZ","4","2:238:1","Guard strictly","auto"
"Hfd-Hfd@","وَحَفَدَةًۭ","حَفَدَة","Hfd","حفد","ḥafada","noun","Hfd@","1","16:72:12","and grandsons","auto"
"Hff-Haafyn","حَآفِّينَ","حَأفِّين","Hff","حفف","ḥāffīn","noun","Haafyn","1","39:75:3","surrounding","auto"
"Hff-Hff","وَحَفَفْنَٰهُمَا","حَفَفْ","Hff","حفف","ḥafaf","verb","Hff","1","18:32:10","and We bordered them","auto"
"Hfr-Haafr@","ٱلْحَافِرَةِ","حَافِرَة","Hfr","حفر","ḥāfira","noun","Haafr@","1","79:10:5","the former state","auto"
"Hfr-Hfr@","حُفْرَةٍۢ","حُفْرَة","Hfr","حفر","ḥufra","noun","Hfr@","1","3:103:23","(of) pit","auto"
"Hfw-Hfy","حَفِىٌّ","حَفِيّ","Hfw","حفو","ḥafīy","noun","Hfy","2","7:187:26","(were) well informed","auto"
"Hfw-yHf","فَيُحْفِكُمْ","يُحْفِ","Hfw","حفو","yuḥfi","verb","yHf","1","47:37:3","and press you","auto"
"Hjb-Hjaab","حِجَابٌۭ","حِجَاب","Hjb","حجب","ḥiǧāb","noun","Hjaab","7","7:46:2","a screen","auto"
"Hjb-mHjwbwn","لَّمَحْجُوبُونَ","مَحْجُوبُون","Hjb","حجب","maḥǧūbūn","noun","mHjwbwn","1","83:15:6","surely will be partitioned","auto"
"Hjj-Haaj","لِيُحَآجُّوكُم","حَأجَّ","Hjj","حجج","ḥāǧǧa","verb","Haaj","13","2:76:18","argued","auto"
"Hjj-Hj","حَجَّ","حَجَّ","Hjj","حجج","ḥaǧǧa","verb","Hj","11","2:158:8","the Hajj","auto"
"Hjj-Hj@","حُجَّةٌ","حُجَّة","Hjj","حجج","ḥuǧǧa","noun","Hj@","7","2:150:19","any argument","auto"
"Hjj-Hjj","حِجَجٍۢ","حِجَج","Hjj","حجج","ḥiǧaǧ","noun","Hjj","1","28:27:13","years","auto"
"Hjj-ytHaaj","يَتَحَآجُّونَ","يَتَحَأجُّ","Hjj","حجج","yataḥāǧǧu","verb","ytHaaj","1","40:47:2","they will dispute","auto"
"Hjr-Hjaar@","وَٱلْحِجَارَةُ","حِجَارَة","Hjr","حجر","ḥiǧāra","noun","Hjaar@","10","2:24:11","stones","auto"
"Hjr-Hjr","ٱلْحَجَرَ","حَجَر","Hjr","حجر","ḥaǧar","noun","Hjr","7","2:60:8","the stone","auto"
"Hjr-Hjrt","ٱلْحُجُرَٰتِ","حُجُرَٰت","Hjr","حجر","ḥuǧurāt","noun","Hjrt","1","49:4:6","the private chambers","auto"
"Hjr-Hjwr","حُجُورِكُم","حُجُور","Hjr","حجر","ḥuǧūr","noun","Hjwr","1","4:23:23","your guardianship","auto"
"Hjr-mHjwr","مَّحْجُورًۭا","مَّحْجُور","Hjr","حجر","maḥǧūr","noun","mHjwr","2","25:22:10","forbidden","auto"
"Hjz-Haajz","حَاجِزًا","حَاجِز","Hjz","حجز","ḥāǧiz","noun","Haajz","1","27:61:14","a barrier","auto"
"Hjz-Hjzyn","حَٰجِزِينَ","حَٰجِزِين","Hjz","حجز","ḥāǧizīn","adjective","Hjzyn","1","69:47:6","(who could) prevent (it)","auto"
"Hkm-Hkaam","ٱلْحُكَّامِ","حُكَّام","Hkm","حكم","ḥukkām","noun","Hkaam","1","2:188:9","the authorities","auto"
"Hkm-Hkm","يَحْكُمُ","حَكَمَ","Hkm","حكم","ḥakama","verb","Hkm","78","2:113:24","you judge","auto"
"Hkm-Hkm@","وَٱلْحِكْمَةَ","حِكْمَة","Hkm","حكم","ḥikma","noun","Hkm@","20","2:129:11","and the wisdom","auto"
"Hkm-Hkmyn","ٱلْحَٰكِمِينَ","حَٰكِمِين","Hkm","حكم","ḥākimīn","noun","Hkmyn","5","7:87:19","(of) the Judges","auto"
"Hkm-Hkym","ٱلْحَكِيمُ","حَكِيم","Hkm","حكم","ḥakīm","adjective","Hkym","97","2:32:12","All-Wise","auto"
"Hkm-a2Hkm","أَحْكَمُ","أَحْكَم","Hkm","حكم","ʾaḥkam","noun","a2Hkm","2","11:45:14","(are) the Most Just","auto"
"Hkm-a2Hkmt","ٱلرَّحْمَٰنِ","أُحْكِمَتْ","Hkm","حكم","ʾuḥkimat","verb","a2Hkmt","2","11:1:3","are perfected","auto"
"Hkm-mHkm@","مُّحْكَمَةٌۭ","مُّحْكَمَة","Hkm","حكم","muḥkama","noun","mHkm@","1","47:20:10","precise","auto"
"Hkm-mHkmt","مُّحْكَمَٰتٌ","مُّحْكَمَٰت","Hkm","حكم","muḥkamāt","adjective","mHkmt","1","3:7:8","absolutely clear","auto"
"Hkm-yHkm","يُحَكِّمُوكَ","يُحَكِّمُ","Hkm","حكم","yuḥakkimu","verb","yHkm","2","4:65:6","they make you judge","auto"
"Hkm-ytHaakm","يَتَحَاكَمُوٓا۟","يَتَحَاكَمُ","Hkm","حكم","yataḥākamu","verb","ytHaakm","1","4:60:17","go for judgment","auto"
"Hlf-Hlaaf","حَلَّافٍۢ","حَلَّاف","Hlf","حلف","ḥallāf","noun","Hlaaf","1","68:10:4","habitual swearer","auto"
"Hlf-Hlf","يَحْلِفُونَ","حَلَفْ","Hlf","حلف","ḥalaf","verb","Hlf","12","4:62:10","They swear","auto"
"Hll-Hl","حِلًّۭا","حِلّ","Hll","حلل","ḥill","noun","Hl","5","3:93:4","(is) lawful","auto"
"Hll-Hll","حَلَٰلًۭا","حَلَٰل","Hll","حلل","ḥalāl","noun","Hll","20","2:168:7","lawful","auto"
"Hll-Hly2l","وَحَلَٰٓئِلُ","حَلَٰٔئِل","Hll","حلل","ḥalāʾil","noun","Hly2l","1","4:23:37","And wives","auto"
"Hll-a2Hl","أُحِلَّ","أَحَلَّ","Hll","حلل","ʾaḥalla","verb","a2Hl","20","2:187:1","Are made lawful","auto"
"Hll-mHl","مَحِلَّهُۥ","مَحِلّ","Hll","حلل","maḥill","noun","mHl","3","2:196:17","(to) its destination","auto"
"Hll-mHly","مَا","مُحِلِّى","Hll","حلل","muḥilliā","noun","mHly","1","5:1:15","being permitted","auto"
"Hll-tHl@","تَحِلَّةَ","تَحِلَّة","Hll","حلل","taḥilla","noun","tHl@","1","66:2:5","(the) dissolution","auto"
"Hlm-Hlm","أَحْلَٰمٍۢ","حُلُم","Hlm","حلم","ḥulum","noun","Hlm","6","12:44:3","dreams","auto"
"Hlm-Hlym","حَلِيمٌۭ","حَلِيم","Hlm","حلم","ḥalīm","adjective","Hlym","15","2:225:14","Most Forbearing","auto"
"Hlq-Hlqwm","ٱلْحُلْقُومَ","حُلْقُوم","Hlq","حلق","ḥulqūm","noun","Hlqwm","1","56:83:4","the throat","auto"
"Hlq-mHlqyn","مُحَلِّقِينَ","مُحَلِّقِين","Hlq","حلق","muḥalliqīn","noun","mHlqyn","1","48:27:14","having shaved","auto"
"Hlq-tHlq","تَحْلِقُوا۟","تَحْلِقُ","Hlq","حلق","taḥliqu","verb","tHlq","1","2:196:12","shave","auto"
"Hly-Hl","يُحَلَّوْنَ","حُلُّ","Hly","حلي","ḥullu","verb","Hl","4","18:31:9","They will be adorned","auto"
"Hly-Hly","حُلِيِّهِمْ","حُلِيّ","Hly","حلي","ḥulīy","noun","Hly","1","7:148:7","their ornaments","auto"
"Hly-Hly@","حِلْيَةٍ","حِلْيَة","Hly","حلي","ḥilya","noun","Hly@","4","13:17:18","ornaments","auto"
"Hmaa-Hmi2","حَمَإٍۢ","حَمَإ","HmA","حما","ḥamaʾ","noun","Hmi2","3","15:26:7","black mud","auto"
"Hmaa-Hmy2@","حَمِئَةٍۢ","حَمِئَة","HmA","حما","ḥamiʾa","adjective","Hmy2@","1","18:86:10","(of) dark mud","auto"
"Hmd-Hmd","ٱلْحَمْدُ","حَمْد","Hmd","حمد","ḥamd","noun","Hmd","43","1:2:1","(the) praise","auto"
"Hmd-Hmdwn","ٱلْحَٰمِدُونَ","حَٰمِدُون","Hmd","حمد","ḥāmidūn","noun","Hmdwn","1","9:112:3","those who praise","auto"
"Hmd-Hmyd","حَمِيدٌ","حَمِيد","Hmd","حمد","ḥamīd","adjective","Hmyd","17","2:267:29","the Praiseworthy","auto"
"Hmd-mHmwd","مَّحْمُودًۭا","مَّحْمُود","Hmd","حمد","maḥmūd","noun","mHmwd","1","17:79:12","praiseworthy","auto"
"Hmd-yHmd","يُحْمَدُوا۟","يُحْمَدُ","Hmd","حمد","yuḥmadu","verb","yHmd","1","3:188:9","they be praised","auto"
"Hml-Hmaal@","حَمَّالَةَ","حَمَّالَة","Hml","حمل","ḥammāla","noun","Hmaal@","1","111:4:2","(the) carrier","auto"
"Hml-Hml","تَحْمِلُهُ","حَمَلَ","Hml","حمل","ḥamala","verb","Hml","56","2:248:21","We carried","auto"
"Hml-Hmlt","فَٱلْحَٰمِلَٰتِ","حَٰمِلَٰت","Hml","حمل","ḥāmilāt","noun","Hmlt","1","51:2:1","And those carrying","auto"
"Hml-Hmlyn","بِحَٰمِلِينَ","حَٰمِلِين","Hml","حمل","ḥāmilīn","noun","Hmlyn","1","29:12:12","(are) going to carry","auto"
"Hml-Hmwl@","حَمُولَةًۭ","حَمُولَة","Hml","حمل","ḥamūla","noun","Hmwl@","1","6:142:3","(are some for) burden","auto"
"Hml-a2Hmaal","ٱلْأَحْمَالِ","أَحْمَال","Hml","حمل","ʾaḥmāl","noun","a2Hmaal","1","65:4:16","pregnant","auto"
"Hml-aaHtml","ٱحْتَمَلَ","ٱحْتَمَلَ","Hml","حمل","āḥtamala","verb","aaHtml","3","4:112:11","he (has) burdened (himself)","auto"
"Hmm-Hmym","حَمِيمٍۢ","حَمِيم","Hmm","حمم","ḥamīm","noun","Hmym","20","6:70:40","boiling water","auto"
"Hmm-yHmwm","يَحْمُومٍۢ","يَحْمُوم","Hmm","حمم","yaḥmūm","noun","yHmwm","1","56:43:3","black smoke","auto"
"Hmr-Hmaar","حِمَارِكَ","حِمَار","Hmr","حمر","ḥimār","noun","Hmaar","5","2:259:45","your donkey","auto"
"Hmr-Hmr","وَحُمْرٌۭ","حُمْر","Hmr","حمر","ḥumr","noun","Hmr","1","35:27:18","and red","auto"
"Hmy-Haam","حَامٍۢ","حَام","Hmy","حمي","ḥām","noun","Haam","1","5:103:11","a Hami","auto"
"Hmy-Haamy@","حَامِيَةًۭ","حَامِيَة","Hmy","حمي","ḥāmiya","adjective","Haamy@","2","88:4:3","intensely hot","auto"
"Hmy-Hmy@","ٱلْحَمِيَّةَ","حَمِيَّة","Hmy","حمي","ḥamīya","noun","Hmy@","2","48:26:7","disdain","auto"
"Hmy-yHmy","يُحْمَىٰ","يُحْمَىٰ","Hmy","حمي","yuḥmāā","verb","yHmy","1","9:35:2","it will be heated [on it]","auto"
"Hndh-Hnydh","حَنِيذٍۢ","حَنِيذ","Hn*","حنذ","ḥanīḏ","adjective","Hnydh","1","11:69:15","roasted","auto"
"Hnf-Hnyf","حَنِيفًۭا","حَنِيف","Hnf","حنف","ḥanīf","noun","Hnyf","12","2:135:11","upright","auto"
"Hnjr-Hnaajr","ٱلْحَنَاجِرَ","حَنَاجِر","Hnjr","حنجر","ḥanāǧir","noun","Hnaajr","2","33:10:13","the throats","auto"
"Hnk-a2Htnk","لَأَحْتَنِكَنَّ","أَحْتَنِكَ","Hnk","حنك","ʾaḥtanika","verb","a2Htnk","1","17:62:12","I will surely destroy","auto"
"Hnn-Hnaan","وَحَنَانًۭا","حَنَان","Hnn","حنن","ḥanān","noun","Hnaan","1","19:13:1","And affection","auto"
"Hnth-Hnth","ٱلْحِنثِ","حِنث","Hnv","حنث","ḥinṯ","noun","Hnth","1","56:46:4","the sin","auto"
"Hnth-tHnth","تَحْنَثْ","تَحْنَثْ","Hnv","حنث","taḥnaṯ","verb","tHnth","1","38:44:7","break (your) oath","auto"
"Hqb-Hqb","حُقُبًۭا","حُقُب","Hqb","حقب","ḥuqub","noun","Hqb","1","18:60:13","(for) a long period","auto"
"Hqb-a2Hqaab","أَحْقَابًۭا","أَحْقَاب","Hqb","حقب","ʾaḥqāb","time","a2Hqaab","1","78:23:3","(for) ages","auto"
"Hqf-a2Hqaaf","بِٱلْأَحْقَافِ","أَحْقَاف","Hqf","حقف","ʾaḥqāf","proper-noun","a2Hqaaf","1","46:21:7","in the Al-Ahqaf","auto"
"Hqq-Haaq@","بِسْمِ","حَأقَّة","Hqq","حقق","ḥāqqa","noun","Haaq@","3","69:1:1","(is) the Inevitable Reality","auto"
"Hqq-Hq","ٱلْحَقُّ","حَقّ","Hqq","حقق","ḥaqq","noun","Hq","267","2:26:17","the truth","auto"
"Hqq-Hqyq","حَقِيقٌ","حَقِيق","Hqq","حقق","ḥaqīq","noun","Hqyq","1","7:105:1","Obligated","auto"
"Hqq-a2Hq","أَحَقُّ","أَحَقّ","Hqq","حقق","ʾaḥaqq","noun","a2Hq","10","2:228:23","has more right","auto"
"Hqq-aastHq","ٱسْتَحَقَّآ","ٱسْتَحَقَّ","Hqq","حقق","āstaḥaqqa","verb","aastHq","2","5:107:5","(were) guilty","auto"
"Hqq-yHq","يُحِقَّ","يُحِقَّ","Hqq","حقق","yuḥiqqa","verb","yHq","4","8:7:18","justify","auto"
"HrD-HrD","وَحَرِّضِ","حَرِّضِ","HrD","حرض","ḥarriḍi","verb","HrD","3","4:84:9","And encourage","auto"
"HrS-HrS","حَرَصْتُمْ","حَرَصْ","HrS","حرص","ḥaraṣ","verb","HrS","3","4:129:8","you desire","auto"
"HrS-HryS","حَرِيصٌ","حَرِيص","HrS","حرص","ḥarīṣ","noun","HryS","1","9:128:10","(he is) concerned","auto"
"HrS-a2HrS","أَحْرَصَ","أَحْرَص","HrS","حرص","ʾaḥraṣ","noun","a2HrS","1","2:96:2","(the) most greedy","auto"
"Hrb-Haarb","يُحَارِبُونَ","حَارَبَ","Hrb","حرب","ḥāraba","verb","Haarb","2","5:33:4","wage war","auto"
"Hrb-Hrb","بِحَرْبٍۢ","حَرْب","Hrb","حرب","ḥarb","noun","Hrb","4","2:279:5","the war","auto"
"Hrb-mHraab","ٱلْمِحْرَابَ","مِحْرَاب","Hrb","حرب","miḥrāb","noun","mHraab","4","3:37:14","the prayer chamber","auto"
"Hrb-mHryb","مَّحَٰرِيبَ","مَّحَٰرِيب","Hrb","حرب","maḥārīb","noun","mHryb","1","34:13:6","elevated chambers","auto"
"Hrd-Hrd","حَرْدٍۢ","حَرْد","Hrd","حرد","ḥard","noun","Hrd","1","68:25:3","determination","auto"
"Hrf-Hrf","حَرْفٍۢ","حَرْف","Hrf","حرف","ḥarf","noun","Hrf","1","22:11:7","an edge","auto"
"Hrf-mtHrf","مُتَحَرِّفًۭا","مُتَحَرِّف","Hrf","حرف","mutaḥarrif","noun","mtHrf","1","8:16:6","(as) a strategy","auto"
"Hrf-yHrf","يُحَرِّفُونَهُۥ","يُحَرِّفُ","Hrf","حرف","yuḥarrifu","verb","yHrf","4","2:75:13","They distort","auto"
"Hrj-Hrj","حَرَجًۭا","حَرَج","Hrj","حرج","ḥaraǧ","noun","Hrj","15","4:65:15","any blame","auto"
"Hrk-tHrk","تُحَرِّكْ","تُحَرِّكْ","Hrk","حرك","tuḥarrik","verb","tHrk","1","75:16:2","move","auto"
"Hrm-Hraam","ٱلْحَرَامِ","حَرَام","Hrm","حرم","ḥarām","adjective","Hraam","33","2:144:14","Al-Haraam","auto"
"Hrm-Hrm","حَرَّمَ","حَرَّمَ","Hrm","حرم","ḥarrama","verb","Hrm","39","2:173:2","He has forbidden","auto"
"Hrm-Hrmt","وَٱلْحُرُمَٰتُ","حُرُمَٰت","Hrm","حرم","ḥurumāt","noun","Hrmt","2","2:194:5","and for all the violations","auto"
"Hrm-mHrm","مُحَرَّمٌ","مُحَرَّم","Hrm","حرم","muḥarram","noun","mHrm","4","2:85:20","(was) forbidden","auto"
"Hrm-mHrm@","مُحَرَّمَةٌ","مُحَرَّمَة","Hrm","حرم","muḥarrama","noun","mHrm@","1","5:26:3","(will be) forbidden","auto"
"Hrm-mHrwm","وَٱلْمَحْرُومِ","مَحْرُوم","Hrm","حرم","maḥrūm","noun","mHrwm","4","51:19:5","and the deprived","auto"
"Hrq-Hrq","لَّنُحَرِّقَنَّهُۥ","حَرِّقُ","Hrq","حرق","ḥarriqu","verb","Hrq","3","20:97:23","Surely we will burn it","auto"
"Hrq-Hryq","ٱلْحَرِيقِ","حَرِيق","Hrq","حرق","ḥarīq","noun","Hryq","5","3:181:22","(of) the Burning Fire","auto"
"Hrq-aaHtrqt","فَٱحْتَرَقَتْ","ٱحْتَرَقَتْ","Hrq","حرق","āḥtaraqat","verb","aaHtrqt","1","2:266:28","then it is burnt","auto"
"Hrr-Hr","ٱلْحُرُّ","حُرّ","Hrr","حرر","ḥurr","noun","Hr","5","2:178:9","the freeman","auto"
"Hrr-Hrwr","ٱلْحَرُورُ","حَرُور","Hrr","حرر","ḥarūr","noun","Hrwr","1","35:21:4","the heat","auto"
"Hrr-Hryr","حَرِيرٌۭ","حَرِير","Hrr","حرر","ḥarīr","noun","Hryr","3","22:23:22","(will be of) silk","auto"
"Hrr-mHrr","مُحَرَّرًۭا","مُحَرَّر","Hrr","حرر","muḥarrar","noun","mHrr","1","3:35:12","dedicated","auto"
"Hrr-tHryr","فَتَحْرِيرُ","تَحْرِير","Hrr","حرر","taḥrīr","noun","tHryr","5","4:92:13","then freeing","auto"
"Hrs-Hrs","حَرَسًۭا","حَرَس","Hrs","حرس","ḥaras","noun","Hrs","1","72:8:6","guards","auto"
"Hrth-Hrth","ٱلْحَرْثَ","حَرْث","Hrv","حرث","ḥarṯ","noun","Hrth","13","2:71:12","(the) harvest","auto"
"Hrth-tHrth","تَحْرُثُونَ","تَحْرُثُ","Hrv","حرث","taḥruṯu","verb","tHrth","1","56:63:3","you sow","auto"
"Hry-tHr","تَحَرَّوْا۟","تَحَرَّ","Hry","حري","taḥarra","verb","tHr","1","72:14:9","have sought","auto"
"Hsb-Haasb","يُحَاسِبْكُم","حَاسَبْ","Hsb","حسب","ḥāsab","verb","Haasb","3","2:284:15","will call you to account","auto"
"Hsb-Hsaab","ٱلْحِسَابِ","حِسَاب","Hsb","حسب","ḥisāb","noun","Hsaab","39","2:202:8","measure","auto"
"Hsb-Hsb","فَحَسْبُهُۥ","حَسْب","Hsb","حسب","ḥasb","noun","Hsb","55","2:206:9","think","auto"
"Hsb-Hsbaan","حُسْبَانًۭا","حُسْبَان","Hsb","حسب","ḥusbān","noun","Hsbaan","3","6:96:8","(for) reckoning","auto"
"Hsb-Hsbyn","ٱلْحَٰسِبِينَ","حَٰسِبِين","Hsb","حسب","ḥāsibīn","noun","Hsbyn","2","6:62:12","(of) the Reckoners","auto"
"Hsb-Hsyb","حَسِيبًۭا","حَسِيب","Hsb","حسب","ḥasīb","noun","Hsyb","4","4:6:37","(as) a Reckoner","auto"
"Hsb-yHtsb","يَحْتَسِبُونَ","يَحْتَسِبُ","Hsb","حسب","yaḥtasibu","verb","yHtsb","3","39:47:25","taken into account","auto"
"Hsd-Haasd","حَاسِدٍ","حَاسِد","Hsd","حسد","ḥāsid","noun","Haasd","1","113:5:3","(of) an envier","auto"
"Hsd-Hsd","حَسَدًۭا","حَسَد","Hsd","حسد","ḥasad","noun","Hsd","4","2:109:12","(out of) jealousy","auto"
"Hshr-Hshr","تُحْشَرُونَ","حَشَرَ","H$r","حشر","ḥašara","verb","Hshr","39","2:203:25","you will be gathered","auto"
"Hshr-Hshryn","حَٰشِرِينَ","حَٰشِرِين","H$r","حشر","ḥāširīn","noun","Hshryn","3","7:111:7","gatherers","auto"
"Hshr-mHshwr@","مَحْشُورَةًۭ","مَحْشُورَة","H$r","حشر","maḥšūra","noun","mHshwr@","1","38:19:2","assembled","auto"
"Hsm-Hswm","حُسُومًۭا","حُسُوم","Hsm","حسم","ḥusūm","adjective","Hswm","1","69:7:7","(in) succession","auto"
"Hsn-Hsn","حُسْنًۭا","حُسْن","Hsn","حسن","ḥusn","noun","Hsn","37","2:83:18","good","auto"
"Hsn-Hsn@","حَسَنَةًۭ","حَسَنَة","Hsn","حسن","ḥasana","noun","Hsn@","28","2:201:8","good","auto"
"Hsn-Hsnt","بِٱلْحَسَنَٰتِ","حَسَنَٰت","Hsn","حسن","ḥasanāt","noun","Hsnt","3","7:168:11","with the good","auto"
"Hsn-Hsny","ٱلْحُسْنَىٰ","حُسْنَىٰ","Hsn","حسن","ḥusnāā","noun","Hsny","17","4:95:26","the best","auto"
"Hsn-Hsnyyn","ٱلْحُسْنَيَيْنِ","حُسْنَيَيْن","Hsn","حسن","ḥusnayayn","adjective","Hsnyyn","1","9:52:7","(of) the two best (things)","auto"
"Hsn-a2Hsn","أَحْسَنُ","أَحْسَن","Hsn","حسن","ʾaḥsan","noun","a2Hsn","57","2:138:4","(is) best","auto"
"Hsn-i2Hsn","إِحْسَانًۭا","إِحْسَٰن","Hsn","حسن","ʾiḥsān","noun","i2Hsn","12","2:83:11","(be) good","auto"
"Hsn-mHsn","ٱلْمُحْسِنِينَ","مُحْسِن","Hsn","حسن","muḥsin","noun","mHsn","38","2:58:20","the good-doers","auto"
"Hsn-mHsnt","لِلْمُحْسِنَٰتِ","مُحْسِنَٰت","Hsn","حسن","muḥsināt","noun","mHsnt","1","33:29:11","for the good-doers","auto"
"Hsr-Hsr@","حَسَرَٰتٍ","حَسْرَة","Hsr","حسر","ḥasra","noun","Hsr@","7","2:167:17","a regret","auto"
"Hsr-Hsrt","يَٰحَسْرَتَنَا","حَسْرَت","Hsr","حسر","ḥasrat","noun","Hsrt","1","6:31:13","Oh! Our regret","auto"
"Hsr-Hsrty","يَٰحَسْرَتَىٰ","حَسْرَتَىٰ","Hsr","حسر","ḥasratāā","noun","Hsrty","1","39:56:4","Oh! My regret","auto"
"Hsr-Hsyr","حَسِيرٌۭ","حَسِير","Hsr","حسر","ḥasīr","noun","Hsyr","1","67:4:10","(is) fatigued","auto"
"Hsr-mHswr","مَّحْسُورًا","مَّحْسُور","Hsr","حسر","maḥsūr","noun","mHswr","1","17:29:13","insolvent","auto"
"Hsr-ystHsr","يَسْتَحْسِرُونَ","يَسْتَحْسِرُ","Hsr","حسر","yastaḥsiru","verb","ystHsr","1","21:19:13","they tire","auto"
"Hss-Hsys","حَسِيسَهَا","حَسِيس","Hss","حسس","ḥasīs","noun","Hsys","1","21:102:3","(the) slightest sound of it","auto"
"Hss-a2Hs","أَحَسَّ","أَحَسَّ","Hss","حسس","ʾaḥassa","verb","a2Hs","3","3:52:2","perceived","auto"
"Hss-tHs","تَحُسُّونَهُم","تَحُسُّ","Hss","حسس","taḥussu","verb","tHs","1","3:152:6","you were killing them","auto"
"Hss-tHss","فَتَحَسَّسُوا۟","تَحَسَّسُ","Hss","حسس","taḥassasu","verb","tHss","1","12:87:3","and inquire","auto"
"Hthth-Hthyth","حَثِيثًۭا","حَثِيث","Hvv","حثث","ḥaṯīṯ","noun","Hthyth","1","7:54:19","rapidly","auto"
"Htm-Htm","حَتْمًۭا","حَتْم","Htm","حتم","ḥatm","noun","Htm","1","19:71:8","an inevitability","auto"
"HwT-a2HaaT","وَأَحَٰطَتْ","أَحَاطَ","HwT","حوط","ʾaḥāṭa","verb","a2HaaT","17","2:81:5","they encompass","auto"
"HwT-mHyT","مُحِيطٌۢ","مُحِيط","HwT","حوط","muḥīṭ","noun","mHyT","9","2:19:18","(is) All-Encompassing","auto"
"HwT-mHyT@","لَمُحِيطَةٌۢ","مُحِيطَة","HwT","حوط","muḥīṭa","noun","mHyT@","2","9:49:14","(will) surely surround","auto"
"Hwb-Hwb","حُوبًۭا","حُوب","Hwb","حوب","ḥūb","noun","Hwb","1","4:2:15","a sin","auto"
"Hwdh-aastHwdh","نَسْتَحْوِذْ","ٱسْتَحْوَذَ","Hw*","حوذ","āstaḥwaḏa","verb","aastHwdh","2","4:141:20","we have advantage","auto"
"Hwj-Haaj@","حَاجَةًۭ","حَاجَة","Hwj","حوج","ḥāǧa","noun","Haaj@","3","12:68:16","(it was) a need","auto"
"Hwl-Haal","يَحُولُ","حَالَ","Hwl","حول","ḥāla","verb","Haal","3","8:24:14","comes","auto"
"Hwl-Hwl","حَوْلَهُۥ","حَوْل","Hwl","حول","ḥawl","location","Hwl","18","2:17:9","around you","auto"
"Hwl-Hyl@","حِيلَةًۭ","حِيلَة","Hwl","حول","ḥīla","noun","Hyl@","1","4:98:9","plan","auto"
"Hwl-tHwyl","تَحْوِيلًا","تَحْوِيل","Hwl","حول","taḥwīl","noun","tHwyl","3","17:56:13","any alteration","auto"
"Hwr-Hwaarywn","ٱلْحَوَارِيُّونَ","حَوَارِيُّون","Hwr","حور","ḥawārīyūn","noun","Hwaarywn","5","3:52:12","the disciples","auto"
"Hwr-Hwr","بِحُورٍ","حُور","Hwr","حور","ḥūr","noun","Hwr","4","44:54:3","(to) companions with beautiful eyes","auto"
"Hwr-tHaawr","إِلَى","تَحَاوُر","Hwr","حور","taḥāwur","noun","tHaawr","1","58:1:14","(the) dialogue of both of you","auto"
"Hwr-yHaawr","يُحَاوِرُهُۥٓ","يُحَاوِرُ","Hwr","حور","yuḥāwiru","verb","yHaawr","2","18:34:7","(was) talking with him","auto"
"Hwr-yHwr","يَحُورَ","يَحُورَ","Hwr","حور","yaḥūra","verb","yHwr","1","84:14:5","he would return","auto"
"Hwsh-Hsh","حَٰشَ","حَٰش","Hw$","حوش","ḥāš","noun","Hsh","2","12:31:23","Forbid","auto"
"Hwt-Hwt","حِيتَانُهُمْ","حُوت","Hwt","حوت","ḥūt","noun","Hwt","5","7:163:14","their fish","auto"
"Hwy-Hwaayaa","ٱلْحَوَايَآ","حَوَايَأ","Hwy","حوي","ḥawāyā","noun","Hwaayaa","1","6:146:19","the entrails","auto"
"Hwy-a2Hwy","أَحْوَىٰ","أَحْوَىٰ","Hwy","حوي","ʾaḥwāā","adjective","a2Hwy","1","87:5:3","dark","auto"
"Hwz-mtHyz","مُتَحَيِّزًا","مُتَحَيِّز","Hwz","حوز","mutaḥayyiz","noun","mtHyz","1","8:16:9","(to) join","auto"
"HyD-mHyD","ٱلْمَحِيضِ","مَحِيض","HyD","حيض","maḥīḍ","noun","mHyD","3","2:222:3","[the] menstruation","auto"
"HyD-yHD","يَحِضْنَ","يَحِضْ","HyD","حيض","yaḥiḍ","verb","yHD","1","65:4:14","[they] menstruated","auto"
"HyS-mHyS","مَحِيصًۭا","مَّحِيص","HyS","حيص","maḥīṣ","noun","mHyS","5","4:121:7","place of escape","auto"
"Hyd-tHyd","تَحِيدُ","تَحِيدُ","Hyd","حيد","taḥīdu","verb","tHyd","1","50:19:9","avoiding","auto"
"Hyf-yHyf","يَحِيفَ","يَحِيفَ","Hyf","حيف","yaḥīfa","verb","yHyf","1","24:50:9","Allah will be unjust","auto"
"Hyn-Hyn","حِينٍۢ","حِين","Hyn","حين","ḥīn","noun","Hyn","34","2:36:19","a time","auto"
"Hyq-Haaq","فَحَاقَ","حَاقَ","Hyq","حيق","ḥāqa","verb","Haaq","10","6:10:6","and enveloped","auto"
"Hyr-Hyraan","حَيْرَانَ","حَيْرَان","Hyr","حير","ḥayrān","noun","Hyraan","1","6:71:23","confused","auto"
"Hyth-Hyth","حَيْثُ","حَيْث","Hyv","حيث","ḥayṯ","location","Hyth","29","2:35:10","wherever","auto"
"Hyy-Hy","أَحْيَآءٌۭ","حَيّ","Hyy","حيي","ḥayy","noun","Hy","35","2:154:10","the living","auto"
"Hyy-Hy@","حَيَّةٌۭ","حَيَّة","Hyy","حيي","ḥayya","noun","Hy@","1","20:20:4","(was) a snake","auto"
"Hyy-Hyw@","ٱلْحَيَوٰةِ","حَيَوٰة","Hyy","حيي","ḥayawā","noun","Hyw@","76","2:85:37","the life","auto"
"Hyy-Hywaan","ٱلْحَيَوَانُ","حَيَوَان","Hyy","حيي","ḥayawān","noun","Hywaan","1","29:64:12","(is) the life","auto"
"Hyy-a2Hyaa","فَأَحْيَٰكُمْ","أَحْيَا","Hyy","حيي","ʾaḥyā","verb","a2Hyaa","51","2:28:6","gives life","auto"
"Hyy-aastHyaa2","ٱسْتِحْيَآءٍۢ","ٱسْتِحْيَأء","Hyy","حيي","āstiḥyāʾ","noun","aastHyaa2","1","28:25:5","shyness","auto"
"Hyy-mHy","لَمُحْىِ","مُحْى","Hyy","حيي","muḥā","noun","mHy","2","30:50:13","surely He (will) give life","auto"
"Hyy-mHyaa","وَمَحْيَاىَ","مَّحْيَا","Hyy","حيي","maḥyā","noun","mHyaa","2","6:162:5","and my living","auto"
"Hyy-tHy@","بِتَحِيَّةٍۢ","تَحِيَّة","Hyy","حيي","taḥīya","noun","tHy@","6","4:86:3","with a greeting","auto"
"Hyy-ystHy","يَسْتَحْىِۦٓ","يَسْتَحْىِۣٔ","Hyy","حيي","yastaḥāi","verb","ystHy","9","2:26:4","and letting live","auto"
"Hzb-Hzb","حِزْبَ","حِزْب","Hzb","حزب","ḥizb","noun","Hzb","20","5:56:8","(the) party","auto"
"Hzn-Hzn","حَزَنًا","حَزَن","Hzn","حزن","ḥazan","noun","Hzn","5","9:92:19","(of) sorrow","auto"
"Hzn-yHzn","يَحْزَنُونَ","يَحْزُن","Hzn","حزن","yaḥzun","verb","yHzn","37","2:38:17","will grieve","auto"
"SHb-SHb@","صَٰحِبَةٌۭ","صَٰحِبَة","SHb","صحب","ṣāḥiba","noun","SHb@","4","6:101:11","a companion","auto"
"SHb-SaaHb","وَٱلصَّاحِبِ","صَاحِب","SHb","صحب","ṣāḥib","noun","SaaHb","10","4:36:18","to his companion","auto"
"SHb-SyHb","يَٰصَٰحِبَىِ","صَىٰحِب","SHb","صحب","ṣāāḥib","noun","SyHb","2","12:39:1","O my two companions","auto"
"SHb-a2SHb","أَصْحَٰبُ","أَصْحَٰب","SHb","صحب","ʾaṣḥāb","noun","a2SHb","78","2:39:6","(are the) companions","auto"
"SHb-tSHb","تُصَٰحِبْنِى","تُصَٰحِبْ","SHb","صحب","tuṣāḥib","verb","tSHb","2","18:76:8","keep me as a companion","auto"
"SHb-ySHb","يُصْحَبُونَ","يُصْحَبُ","SHb","صحب","yuṣḥabu","verb","ySHb","1","21:43:14","can be protected","auto"
"SHf-SHaaf","بِصِحَافٍۢ","صِحَاف","SHf","صحف","ṣiḥāf","noun","SHaaf","1","43:71:3","plates","auto"
"SHf-SHf","ٱلصُّحُفِ","صُحُف","SHf","صحف","ṣuḥuf","noun","SHf","8","20:133:12","the Scriptures","auto"
"Sad-Sad","صَعَدًۭا","صَعَد","SEd","صعد","ṣaʿad","adjective","Sad","1","72:17:10","severe","auto"
"Sad-Sawd","صَعُودًا","صَعُود","SEd","صعد","ṣaʿūd","noun","Sawd","1","74:17:2","(with) a laborious punishment","auto"
"Sad-Sayd","صَعِيدًۭا","صَعِيد","SEd","صعد","ṣaʿīd","noun","Sayd","4","4:43:39","(with) earth","auto"
"Sad-tSad","تُصْعِدُونَ","تُصْعِدُ","SEd","صعد","tuṣʿidu","verb","tSad","1","3:153:2","you were running uphill","auto"
"Sad-ySad","يَصَّعَّدُ","يَصَّعَّدُ","SEd","صعد","yaṣṣaʿʿadu","verb","ySad","2","6:125:18","he (were) climbing","auto"
"Saq-Saaq@","ٱلصَّوَٰعِقِ","صَاعِقَة","SEq","صعق","ṣāʿiqa","noun","Saaq@","8","2:19:14","the thunderbolt","auto"
"Saq-Saq","صَعِقًۭا","صَعِق","SEq","صعق","ṣaʿiq","noun","Saq","3","7:143:32","unconscious","auto"
"Sar-tSar","تُصَعِّرْ","تُصَعِّرْ","SEr","صعر","tuṣaʿʿir","verb","tSar","1","31:18:2","turn","auto"
"SbH-SbH","ٱلصُّبْحُ","صُبْح","SbH","صبح","ṣubḥ","noun","SbH","6","11:81:26","(is) morning","auto"
"SbH-SbaaH","صَبَاحُ","صَبَاح","SbH","صبح","ṣabāḥ","noun","SbaaH","1","37:177:5","(the) morning","auto"
"SbH-a2SbH","فَأَصْبَحْتُم","أَصْبَحَ","SbH","صبح","ʾaṣbaḥa","verb","a2SbH","28","3:103:17","then they became","auto"
"SbH-i2SbaaH","ٱلْإِصْبَاحِ","إِصْبَاح","SbH","صبح","ʾiṣbāḥ","noun","i2SbaaH","1","6:96:2","(of) the daybreak","auto"
"SbH-mSbHyn","مُّصْبِحِينَ","مُصْبِحِين","SbH","صبح","muṣbiḥīn","noun","mSbHyn","5","15:66:9","(in the) morning","auto"
"SbH-mSbaaH","مِصْبَاحٌ","مِصْبَاح","SbH","صبح","miṣbāḥ","noun","mSbaaH","4","24:35:9","with lamps","auto"
"Sba-a2Sba","أَصَٰبِعَهُمْ","أَصَٰبِع","SbE","صبع","ʾaṣābiʿ","noun","a2Sba","2","2:19:10","their fingers","auto"
"Sbaa-Sbyn","وَٱلصَّٰبِـِٔينَ","صَّٰبِـِٕين","SbA","صبا","ṣābiīn","proper-noun","Sbyn","3","2:62:7","and the Sabians","auto"
"Sbb-Sb","يُصَبُّ","صَبَّ","Sbb","صبب","ṣabba","verb","Sb","5","22:19:13","Will be poured","auto"
"Sbgh-Sbgh","وَصِبْغٍۢ","صِبْغ","Sbg","صبغ","ṣibġ","noun","Sbgh","1","23:20:8","and a relish","auto"
"Sbgh-Sbgh@","صِبْغَةَ","صِبْغَة","Sbg","صبغ","ṣibġa","noun","Sbgh@","2","2:138:1","(The) color (religion)","auto"
"Sbr-Saabr","ٱلصَّٰبِرِينَ","صَابِر","Sbr","صبر","ṣābir","noun","Saabr","21","2:153:10","the patient ones","auto"
"Sbr-Saabr@","صَابِرَةٌۭ","صَابِرَة","Sbr","صبر","ṣābira","adjective","Saabr@","1","8:66:13","steadfast","auto"
"Sbr-Sbaar","صَبَّارٍۢ","صَبَّار","Sbr","صبر","ṣabbār","adjective","Sbaar","4","14:5:20","patient","auto"
"Sbr-Sbr","بِٱلصَّبْرِ","صَبْر","Sbr","صبر","ṣabr","noun","Sbr","73","2:45:2","So be patient","auto"
"Sbr-Sbrt","وَٱلصَّٰبِرَٰتِ","صَّٰبِرَٰت","Sbr","صبر","ṣābirāt","noun","Sbrt","1","33:35:11","and the patient women","auto"
"Sbr-aaSTbr","وَٱصْطَبِرْ","ٱصْطَبِرْ","Sbr","صبر","āṣṭabir","verb","aaSTbr","3","19:65:7","and be constant","auto"
"Sbw-Sby","صَبِيًّۭا","صَبِيّ","Sbw","صبو","ṣabīy","noun","Sby","2","19:12:7","(when he was) a child","auto"
"Sbw-a2Sb","أَصْبُ","أَصْبُ","Sbw","صبو","ʾaṣbu","verb","a2Sb","1","12:33:13","I might incline","auto"
"Sda-Sda","ٱلصَّدْعِ","صَّدْع","SdE","صدع","ṣadʿ","noun","Sda","1","86:12:3","cracks open","auto"
"Sda-aaSda","فَٱصْدَعْ","ٱصْدَعْ","SdE","صدع","āṣdaʿ","verb","aaSda","1","15:94:1","So proclaim","auto"
"Sda-mtSda","مُّتَصَدِّعًۭا","مُّتَصَدِّع","SdE","صدع","mutaṣaddiʿ","noun","mtSda","1","59:21:9","breaking asunder","auto"
"Sda-ySda","يَصَّدَّعُونَ","يَصَّدَّعُ","SdE","صدع","yaṣṣaddaʿu","verb","ySda","2","30:43:16","they will be divided","auto"
"Sdd-Sd","وَصَدٌّ","صَدّ","Sdd","صدد","ṣadd","noun","Sd","40","2:217:11","and hinder","auto"
"Sdd-Sdwd","صُدُودًۭا","صُدُود","Sdd","صدد","ṣudūd","noun","Sdwd","1","4:61:15","(in) aversion","auto"
"Sdd-Sdyd","صَدِيدٍۢ","صَدِيد","Sdd","صدد","ṣadīd","adjective","Sdyd","1","14:16:7","purulent","auto"
"Sdf-Sdf","يَصْدِفُونَ","صَدَفَ","Sdf","صدف","ṣadafa","verb","Sdf","4","6:46:23","turn away","auto"
"Sdf-Sdfyn","ٱلصَّدَفَيْنِ","صَّدَفَيْن","Sdf","صدف","ṣadafayn","noun","Sdfyn","1","18:96:8","the two cliffs","auto"
"Sdq-Saadq","صَٰدِقِينَ","صَادِق","Sdq","صدق","ṣādiq","noun","Saadq","59","2:23:20","truthful","auto"
"Sdq-Sdq","صَدَقُوا۟","صَدَقَ","Sdq","صدق","ṣadaqa","verb","Sdq","39","2:177:48","sound","auto"
"Sdq-Sdq@","صَدَقَةٍ","صَدَقَة","Sdq","صدق","ṣadaqa","noun","Sdq@","5","2:196:31","charity","auto"
"Sdq-Sdqt","صَدَقَٰتِكُم","صَدَقَٰت","Sdq","صدق","ṣadaqāt","noun","Sdqt","10","2:264:6","the charities","auto"
"Sdq-Sdyq","وَٱلصِّدِّيقِينَ","صِدِّيق","Sdq","صدق","ṣiddīq","noun","Sdyq","7","4:69:13","and the truthful","auto"
"Sdq-Sdyq@","صِدِّيقَةٌۭ","صِدِّيقَة","Sdq","صدق","ṣiddīqa","noun","Sdyq@","1","5:75:13","(was) truthful","auto"
"Sdq-a2Sdq","أَصْدَقُ","أَصْدَق","Sdq","صدق","ʾaṣdaq","noun","a2Sdq","2","4:87:14","(is) more truthful","auto"
"Sdq-mSdq","مُصَدِّقًۭا","مُصَدِّق","Sdq","صدق","muṣaddiq","noun","mSdq","19","2:41:4","confirming","auto"
"Sdq-mSdqt","وَٱلْمُصَّدِّقَٰتِ","مُصَّدِّقَٰت","Sdq","صدق","muṣṣaddiqāt","noun","mSdqt","1","57:18:3","and the women who give charity","auto"
"Sdq-mSdqyn","ٱلْمُصَّدِّقِينَ","مُصَّدِّقِين","Sdq","صدق","muṣṣaddiqīn","noun","mSdqyn","1","57:18:2","the men who give charity","auto"
"Sdq-mtSdqt","وَٱلْمُتَصَدِّقَٰتِ","مُتَصَدِّقَٰت","Sdq","صدق","mutaṣaddiqāt","noun","mtSdqt","1","33:35:15","and the women who give charity","auto"
"Sdq-mtSdqyn","ٱلْمُتَصَدِّقِينَ","مُتَصَدِّقِين","Sdq","صدق","mutaṣaddiqīn","noun","mtSdqyn","2","12:88:21","the charitable","auto"
"Sdq-tSdq","تَصَدَّقُوا۟","تَصَدَّقَ","Sdq","صدق","taṣaddaqa","verb","tSdq","6","2:280:9","you remit as charity","auto"
"Sdq-tSdyq","تَصْدِيقَ","تَصْدِيق","Sdq","صدق","taṣdīq","noun","tSdyq","2","10:37:11","(it is) a confirmation","auto"
"Sdr-Sdr","صُدُورِكُمْ","صَدْر","Sdr","صدر","ṣadr","noun","Sdr","44","3:29:6","their breasts","auto"
"Sdr-ySdr","يُصْدِرَ","يُصْدِرَ","Sdr","صدر","yuṣdira","verb","ySdr","2","28:23:23","take away","auto"
"Sdy-tSdy","تَصَدَّىٰ","تَصَدَّىٰ","Sdy","صدي","taṣaddāā","verb","tSdy","1","80:6:3","give attention","auto"
"Sdy-tSdy@","وَتَصْدِيَةًۭ","تَصْدِيَة","Sdy","صدي","taṣdiya","noun","tSdy@","1","8:35:8","and clapping","auto"
"SfH-SfH","ٱلصَّفْحَ","صَفْح","SfH","صفح","ṣafḥ","noun","SfH","2","15:85:13","(with) forgiveness","auto"
"SfH-ySfH","وَٱصْفَحُوا۟","يَصْفَحُ","SfH","صفح","yaṣfaḥu","verb","ySfH","6","2:109:23","and overlook","auto"
"SfSf-SfSf","صَفْصَفًۭا","صَفْصَف","SfSf","صفصف","ṣafṣaf","adjective","SfSf","1","20:106:3","plain","auto"
"Sfd-a2Sfaad","ٱلْأَصْفَادِ","أَصْفَاد","Sfd","صفد","ʾaṣfād","noun","a2Sfaad","2","14:49:6","the chains","auto"
"Sff-Saafwn","ٱلصَّآفُّونَ","صَّأفُّون","Sff","صفف","ṣāffūn","noun","Saafwn","1","37:165:3","stand in rows","auto"
"Sff-Sf","صَفًّۭا","صَفّ","Sff","صفف","ṣaff","noun","Sf","7","18:48:4","(in) rows","auto"
"Sff-Sft","صَٰٓفَّٰتٍۢ","صَٰٔفَّٰت","Sff","صفف","ṣāffāt","noun","Sft","3","24:41:12","(with) wings outspread","auto"
"Sff-Swaaf","صَوَآفَّ","صَوَأفّ","Sff","صفف","ṣawāff","noun","Swaaf","1","22:36:14","(when) lined up","auto"
"Sff-mSfwf@","مَّصْفُوفَةٍۢ","مَصْفُوفَة","Sff","صفف","maṣfūfa","noun","mSfwf@","2","52:20:4","lined up","auto"
"Sfn-Sfnt","ٱلصَّٰفِنَٰتُ","صَّٰفِنَٰت","Sfn","صفن","ṣāfināt","noun","Sfnt","1","38:31:5","excellent bred steeds","auto"
"Sfr-Sfr","صُفْرٌۭ","صُفْر","Sfr","صفر","ṣufr","adjective","Sfr","1","77:33:3","yellow","auto"
"Sfr-Sfraa2","صَفْرَآءُ","صَفْرَأء","Sfr","صفر","ṣafrāʾ","adjective","Sfraa2","1","2:69:14","yellow","auto"
"Sfr-mSfr","مُصْفَرًّۭا","مُصْفَرّ","Sfr","صفر","muṣfarr","noun","mSfr","3","30:51:5","turn yellow","auto"
"Sfw-Sfwaan","صَفْوَانٍ","صَفْوَان","Sfw","صفو","ṣafwān","noun","Sfwaan","1","2:264:21","(that of a) smooth rock","auto"
"Sfw-a2Sfy","أَفَأَصْفَىٰكُمْ","أَصْفَىٰ","Sfw","صفو","ʾaṣfāā","verb","a2Sfy","2","17:40:1","Then has your Lord chosen (for) you","auto"
"Sfw-aaSTfy","ٱصْطَفَيْنَٰهُ","ٱصْطَفَىٰ","Sfw","صفو","āṣṭafāā","verb","aaSTfy","12","2:130:11","We chose him","auto"
"Sfw-mSTfyn","ٱلْمُصْطَفَيْنَ","مُصْطَفَيْن","Sfw","صفو","muṣṭafayn","noun","mSTfyn","1","38:47:4","the chosen ones","auto"
"Sfw-mSfy","مُّصَفًّۭى","مُّصَفًّى","Sfw","صفو","muṣaffanā","noun","mSfy","1","47:15:26","purified","auto"
"Sghr-Sghaar","صَغَارٌ","صَغَار","Sgr","صغر","ṣaġār","noun","Sghaar","1","6:124:22","a humiliation","auto"
"Sghr-Sghrwn","ٱلصَّٰغِرِينَ","صَٰغِرُون","Sgr","صغر","ṣāġirūn","noun","Sghrwn","5","7:13:13","the disgraced ones","auto"
"Sghr-Sghyr","صَغِيرًا","صَغِير","Sgr","صغر","ṣaġīr","noun","Sghyr","3","2:282:82","small","auto"
"Sghr-Sghyr@","صَغِيرَةًۭ","صَغِيرَة","Sgr","صغر","ṣaġīra","adjective","Sghyr@","2","9:121:4","small","auto"
"Sghr-a2Sghr","أَصْغَرَ","أَصْغَر","Sgr","صغر","ʾaṣġar","noun","a2Sghr","2","10:61:34","smaller","auto"
"Sghw-Sght","وَلِتَصْغَىٰٓ","صَغَتْ","Sgw","صغو","ṣaġat","verb","Sght","2","6:113:1","And so that incline","auto"
"Shr-Shr","وَصِهْرًۭا","صِهْر","Shr","صهر","ṣihr","noun","Shr","1","25:54:9","and marriage relationship","auto"
"Shr-yShr","يُصْهَرُ","يُصْهَرُ","Shr","صهر","yuṣharu","verb","yShr","1","22:20:1","Will be melted","auto"
"Skhkh-Saakh@","ٱلصَّآخَّةُ","صَّأخَّة","Sxx","صخخ","ṣāḫḫa","noun","Saakh@","1","80:33:3","the Deafening Blast","auto"
"Skhr-Skhr","ٱلصَّخْرَ","صَّخْر","Sxr","صخر","ṣaḫr","noun","Skhr","1","89:9:4","the rocks","auto"
"Skhr-Skhr@","ٱلصَّخْرَةِ","صَخْرَة","Sxr","صخر","ṣaḫra","noun","Skhr@","2","18:63:6","the rock","auto"
"Skk-Skt","فَصَكَّتْ","صَكَّتْ","Skk","صكك","ṣakkat","verb","Skt","1","51:29:5","and struck","auto"
"SlH-SlH","صَٰلِحًۭا","صَٰلِح","SlH","صلح","ṣāliḥ","noun","SlH","78","2:62:14","the righteous","auto"
"SlH-SlHt","ٱلصَّٰلِحَٰتِ","صَّٰلِحَٰت","SlH","صلح","ṣāliḥāt","noun","SlHt","62","2:25:5","righteous deeds","auto"
"SlH-a2SlH","وَأَصْلَحُوا۟","أَصْلَحَ","SlH","صلح","ʾaṣlaḥa","verb","a2SlH","28","2:160:4","and reforms","auto"
"SlH-i2SlH","إِصْلَاحٌۭ","إِصْلَٰح","SlH","صلح","ʾiṣlāḥ","noun","i2SlH","7","2:220:8","its reformation","auto"
"SlH-mSlH","مُصْلِحُونَ","مُصْلِح","SlH","صلح","muṣliḥ","noun","mSlH","5","2:11:11","(are) reformers","auto"
"SlSl-SlSl","صَلْصَٰلٍۢ","صَلْصَٰل","SlSl","صلصل","ṣalṣāl","noun","SlSl","4","15:26:5","clay","auto"
"Slb-Slb","أَصْلَٰبِكُمْ","صُّلْب","Slb","صلب","ṣulb","noun","Slb","4","4:23:41","your loins","auto"
"Slb-ySlb","يُصَلَّبُوٓا۟","يُصَلَّبُ","Slb","صلب","yuṣallabu","verb","ySlb","4","5:33:14","they be crucified","auto"
"Sld-Sld","صَلْدًۭا","صَلْد","Sld","صلد","ṣald","noun","Sld","1","2:264:27","bare","auto"
"Slw-Slw@","ٱلصَّلَوٰةَ","صَلَوٰة","Slw","صلو","ṣalawā","noun","Slw@","83","2:3:5","the prayer","auto"
"Slw-Sly","يُصَلِّى","صَلَّىٰ","Slw","صلو","ṣallāā","verb","Sly","12","3:39:5","praying","auto"
"Slw-mSly","مُصَلًّۭى","مُصَلًّى","Slw","صلو","muṣallanā","noun","mSly","1","2:125:11","(as) a place of prayer","auto"
"Slw-mSlyn","ٱلْمُصَلِّينَ","مُصَلِّين","Slw","صلو","muṣallīn","noun","mSlyn","3","70:22:2","those who pray","auto"
"Sly-Saal","صَالِ","صَال","Sly","صلي","ṣāl","noun","Saal","1","37:163:4","(is) to burn","auto"
"Sly-Saalwaa","صَالُوا۟","صَالُوا","Sly","صلي","ṣāluwā","noun","Saalwaa","2","38:59:9","(will) burn","auto"
"Sly-Sl","صَلُّوهُ","صَلُّ","Sly","صلي","ṣallu","verb","Sl","1","69:31:3","burn him","auto"
"Sly-Sly","صِلِيًّۭا","صِلِيّ","Sly","صلي","ṣilīy","noun","Sly","1","19:70:8","(of) being burnt","auto"
"Sly-a2Sly","نُصْلِيهِ","أُصْلِي","Sly","صلي","ʾuṣlī","verb","a2Sly","4","4:30:7","We (will) cast him","auto"
"Sly-tSTl","تَصْطَلُونَ","تَصْطَلُ","Sly","صلي","taṣṭalu","verb","tSTl","2","27:7:16","warm yourselves","auto"
"Sly-tSly@","وَتَصْلِيَةُ","تَصْلِيَة","Sly","صلي","taṣliya","noun","tSly@","1","56:94:1","And burning","auto"
"Sly-ySly","وَسَيَصْلَوْنَ","يَصْلَى","Sly","صلي","yaṣlā","verb","ySly","13","4:10:12","and they will be burned","auto"
"Sma-Swma","صَوَٰمِعُ","صَوَٰمِع","SmE","صمع","ṣawāmiʿ","noun","Swma","1","22:40:19","monasteries","auto"
"Smd-Smd","ٱلصَّمَدُ","صَّمَد","Smd","صمد","ṣamad","noun","Smd","1","112:2:2","the Eternal, the Absolute","auto"
"Smm-Sm","وَصَمُّوا۟","صَمُّ","Smm","صمم","ṣammu","verb","Sm","2","5:71:6","and they became deaf","auto"
"Smm-a2Sm","صُمٌّۢ","أَصَمّ","Smm","صمم","ʾaṣamm","noun","a2Sm","13","2:18:1","the deaf","auto"
"Smt-Smtwn","صَٰمِتُونَ","صَٰمِتُون","Smt","صمت","ṣāmitūn","noun","Smtwn","1","7:193:12","remain silent","auto"
"Sna-Sna","يَصْنَعُونَ","صَنَعُ","SnE","صنع","ṣanaʿu","verb","Sna","17","5:14:25","do","auto"
"Sna-Sna@","صَنْعَةَ","صَنْعَة","SnE","صنع","ṣanʿa","noun","Sna@","1","21:80:2","(the) making","auto"
"Sna-aaSTna","وَٱصْطَنَعْتُكَ","ٱصْطَنَعْ","SnE","صنع","āṣṭanaʿ","verb","aaSTna","1","20:41:1","And I (have) chosen you","auto"
"Sna-mSaana","مَصَانِعَ","مَصَانِع","SnE","صنع","maṣāniʿ","noun","mSaana","1","26:129:2","strongholds","auto"
"Snm-a2Snaam","أَصْنَامًا","أَصْنَام","Snm","صنم","ʾaṣnām","noun","a2Snaam","5","6:74:7","idols","auto"
"Snw-Snwaan","صِنْوَانٌۭ","صِنْوَان","Snw","صنو","ṣinwān","noun","Snwaan","2","13:4:10","trees (growing) from a single root","auto"
"SrH-SrH","ٱلصَّرْحَ","صَرْح","SrH","صرح","ṣarḥ","noun","SrH","4","27:44:4","the palace","auto"
"SrSr-SrSr","صَرْصَرًۭا","صَرْصَر","SrSr","صرصر","ṣarṣar","adjective","SrSr","3","41:16:4","furious","auto"
"SrT-SrT","ٱلصِّرَٰطَ","صِرَٰط","SrT","صرط","ṣirāṭ","noun","SrT","45","1:6:2","a path","auto"
"Sra-Sray","صَرْعَىٰ","صَرْعَىٰ","SrE","صرع","ṣarʿāā","noun","Sray","1","69:7:11","fallen","auto"
"Srf-Srf","صَرَفَكُمْ","صَرَفَ","Srf","صرف","ṣarafa","verb","Srf","25","3:152:30","We explain","auto"
"Srf-aanSrf","ٱنصَرَفُوا۟","ٱنصَرَفُ","Srf","صرف","ānṣarafu","verb","aanSrf","1","9:127:14","they turn away","auto"
"Srf-mSrf","مَصْرِفًۭا","مَصْرِف","Srf","صرف","maṣrif","noun","mSrf","1","18:53:10","a way of escape","auto"
"Srf-mSrwf","مَصْرُوفًا","مَصْرُوف","Srf","صرف","maṣrūf","noun","mSrwf","1","11:8:15","(will be) averted","auto"
"Srf-tSryf","وَتَصْرِيفِ","تَصْرِيف","Srf","صرف","taṣrīf","noun","tSryf","2","2:164:34","and directing","auto"
"Srkh-Srykh","صَرِيخَ","صَرِيخ","Srx","صرخ","ṣarīḫ","noun","Srykh","1","36:43:5","(would be) a responder to a cry","auto"
"Srkh-mSrkh","بِمُصْرِخِكُمْ","مُصْرِخ","Srx","صرخ","muṣriḫ","noun","mSrkh","2","14:22:30","(be) your helper","auto"
"Srkh-ySTrkh","يَصْطَرِخُونَ","يَصْطَرِخُ","Srx","صرخ","yaṣṭariḫu","verb","ySTrkh","1","35:37:2","will cry","auto"
"Srkh-ystSrkh","يَسْتَصْرِخُهُۥ","يَسْتَصْرِخُ","Srx","صرخ","yastaṣriḫu","verb","ystSrkh","1","28:18:10","cried out to him for help","auto"
"Srm-Srmyn","صَٰرِمِينَ","صَٰرِمِين","Srm","صرم","ṣārimīn","noun","Srmyn","1","68:22:7","pluck (the) fruit","auto"
"Srm-Srym","كَٱلصَّرِيمِ","صَّرِيم","Srm","صرم","ṣarīm","noun","Srym","1","68:20:2","as if reaped","auto"
"Srm-ySrm","لَيَصْرِمُنَّهَا","يَصْرِمُ","Srm","صرم","yaṣrimu","verb","ySrm","1","68:17:9","to pluck its fruit","auto"
"Srr-Sr","صِرٌّ","صِرّ","Srr","صرر","ṣirr","noun","Sr","1","3:117:11","(is) frost","auto"
"Srr-Sr@","صَرَّةٍۢ","صَرَّة","Srr","صرر","ṣarra","noun","Sr@","1","51:29:4","a loud voice","auto"
"Srr-a2Sr","يُصِرُّوا۟","أَصَرُّ","Srr","صرر","ʾaṣarru","verb","a2Sr","4","3:135:18","they persist","auto"
"Swa-Swaa","صُوَاعَ","صُوَاع","SwE","صوع","ṣuwāʿ","noun","Swaa","1","12:72:3","(the) cup","auto"
"Swb-Swaab","صَوَابًۭا","صَوَاب","Swb","صوب","ṣawāb","noun","Swaab","1","78:38:14","(what is) correct","auto"
"Swb-Syb","كَصَيِّبٍۢ","صَيِّب","Swb","صوب","ṣayyib","noun","Syb","1","2:19:2","like a rainstorm","auto"
"Swb-a2Saab","أَصَٰبَتْهُم","أَصَابَ","Swb","صوب","ʾaṣāba","verb","a2Saab","64","2:156:3","befalls you","auto"
"Swb-mSyb","مُصِيبُهَا","مُصِيب","Swb","صوب","muṣīb","noun","mSyb","1","11:81:21","will strike her","auto"
"Swb-mSyb@","مُّصِيبَةٌۭ","مُّصِيبَة","Swb","صوب","muṣība","noun","mSyb@","10","2:156:4","disaster","auto"
"Swf-a2Swaaf","أَصْوَافِهَا","أَصْوَاف","Swf","صوف","ʾaṣwāf","noun","a2Swaaf","1","16:80:19","their wool","auto"
"Swm-Swm","صَوْمًۭا","صَوْم","Swm","صوم","ṣawm","noun","Swm","1","19:26:14","a fast","auto"
"Swm-Sy2mt","وَٱلصَّٰٓئِمَٰتِ","صَّٰٔئِمَٰت","Swm","صوم","ṣāʾimāt","noun","Sy2mt","1","33:35:17","and the women who fast","auto"
"Swm-Sy2myn","وَٱلصَّٰٓئِمِينَ","صَّٰٔئِمِين","Swm","صوم","ṣāʾimīn","noun","Sy2myn","1","33:35:16","and the men who fast","auto"
"Swm-Syaam","ٱلصِّيَامُ","صِيَام","Swm","صوم","ṣiyām","noun","Syaam","9","2:183:6","then fasting","auto"
"Swm-ySm","تَصُومُوا۟","يَصُمْ","Swm","صوم","yaṣum","verb","ySm","2","2:184:27","fast","auto"
"Swr-Sr","فَصُرْهُنَّ","صُرْ","Swr","صور","ṣur","verb","Sr","1","2:260:22","and incline them","auto"
"Swr-Swr","يُصَوِّرُكُمْ","صَوَّرَ","Swr","صور","ṣawwara","verb","Swr","14","3:6:3","the trumpet","auto"
"Swr-Swr@","صُوَرَكُمْ","صُورَة","Swr","صور","ṣūra","noun","Swr@","3","40:64:11","your forms","auto"
"Swr-mSwr","ٱلْمُصَوِّرُ","مُصَوِّر","Swr","صور","muṣawwir","adjective","mSwr","1","59:24:5","the Fashioner","auto"
"Swt-Swt","بِصَوْتِكَ","صَوْت","Swt","صوت","ṣawt","noun","Swt","8","17:64:5","with your voice","auto"
"SyH-SyH@","ٱلصَّيْحَةُ","صَيْحَة","SyH","صيح","ṣayḥa","noun","SyH@","13","11:67:4","the awful cry","auto"
"SyS-SyaaSy","صَيَاصِيهِمْ","صَيَاصِي","SyS","صيص","ṣayāṣī","noun","SyaaSy","1","33:26:8","their fortresses","auto"
"Syd-Syd","يُتْلَىٰ","صَيْد","Syd","صيد","ṣayd","noun","Syd","5","5:1:16","the game","auto"
"Syd-aaSTaad","فَٱصْطَادُوا۟","ٱصْطَادُ","Syd","صيد","āṣṭādu","verb","aaSTaad","1","5:2:26","then (you may) hunt","auto"
"Syf-Syf","وَٱلصَّيْفِ","صَّيْف","Syf","صيف","ṣayf","noun","Syf","1","106:2:4","and summer","auto"
"Syr-mSyr","ٱلْمَصِيرُ","مَصِير","Syr","صير","maṣīr","noun","mSyr","28","2:126:30","(is) the destination","auto"
"Syr-tSyr","تَصِيرُ","تَصِيرُ","Syr","صير","taṣīru","verb","tSyr","1","42:53:14","reach","auto"
"THw-THy","طَحَىٰهَا","طَحَىٰ","THw","طحو","ṭaḥāā","verb","THy","1","91:6:3","spread it","auto"
"Tam-Taam","طَعَامٍۢ","طَعَام","TEm","طعم","ṭaʿām","noun","Taam","25","2:61:7","food","auto"
"Tam-Tam","يَطْعَمْهُ","طَعِمُ","TEm","طعم","ṭaʿimu","verb","Tam","6","2:249:17","taste it","auto"
"Tam-a2Tam","تُطْعِمُونَ","أَطْعَمَ","TEm","طعم","ʾaṭʿama","verb","a2Tam","13","5:89:19","and feed","auto"
"Tam-aastTam","ٱسْتَطْعَمَآ","ٱسْتَطْعَمَ","TEm","طعم","āstaṭʿama","verb","aastTam","1","18:77:7","they asked for food","auto"
"Tam-i2Tam","إِطْعَامُ","إِطْعَٰم","TEm","طعم","ʾiṭʿām","noun","i2Tam","3","5:89:13","(is) feeding","auto"
"Tan-Tan","وَطَعْنًۭا","طَعْن","TEn","طعن","ṭaʿn","noun","Tan","2","4:46:17","and defaming","auto"
"Tba-Tba","طَبَعَ","طَبَعَ","TbE","طبع","ṭabaʿa","verb","Tba","11","4:155:15","Allah has set a seal","auto"
"Tbq-Tbq","طِبَاقًۭا","طَبَق","Tbq","طبق","ṭabaq","adjective","Tbq","4","67:3:5","one above another","auto"
"Tfaa-a2Tfa2","أَطْفَأَهَا","أَطْفَأَ","TfA","طفا","ʾaṭfaʾa","verb","a2Tfa2","3","5:64:38","it (was) extinguished","auto"
"Tff-mTffyn","ٱللَّهِ","مُطَفِّفِين","Tff","طفف","muṭaffifīn","noun","mTffyn","1","83:1:2","to those who give less","auto"
"Tfl-Tfl","طِفْلًۭا","طِفْل","Tfl","طفل","ṭifl","noun","Tfl","4","22:5:37","(as) a child","auto"
"Tfq-Tfq","وَطَفِقَا","طَفِقَ","Tfq","طفق","ṭafiqa","verb","Tfq","3","7:22:9","and they began","auto"
"Tghy-Taaghy@","بِٱلطَّاغِيَةِ","طَّاغِيَة","Tgy","طغي","ṭāġiya","noun","Taaghy@","1","69:5:4","by the overpowering (blast)","auto"
"Tghy-Tghwt","بِٱلطَّٰغُوتِ","طَّٰغُوت","Tgy","طغي","ṭāġūt","noun","Tghwt","8","2:256:12","the false deities","auto"
"Tghy-Tghwy","بِطَغْوَىٰهَآ","طَغْوَىٰ","Tgy","طغي","ṭaġwāā","noun","Tghwy","1","91:11:3","by their transgression","auto"
"Tghy-Tghy","تَطْغَوْا۟","طَغَىٰ","Tgy","طغي","ṭaġāā","verb","Tghy","12","11:112:8","(has) transgressed","auto"
"Tghy-Tghyn","طُغْيَٰنِهِمْ","طُغْيَٰن","Tgy","طغي","ṭuġyān","noun","Tghyn","15","2:15:6","their transgression","auto"
"Tghy-a2Tghy","أَطْغَيْتُهُۥ","أَطْغَيْ","Tgy","طغي","ʾaṭġay","verb","a2Tghy","2","50:27:5","I made him transgress","auto"
"Thr-Thr","طَهِّرَا","طَهَّرَ","Thr","طهر","ṭahhara","verb","Thr","9","2:125:17","[You both] purify","auto"
"Thr-Thwr","طَهُورًۭا","طَهُور","Thr","طهر","ṭahūr","adjective","Thwr","2","25:48:13","pure","auto"
"Thr-a2Thr","وَأَطْهَرُ","أَطْهَر","Thr","طهر","ʾaṭhar","noun","a2Thr","4","2:232:28","and more purer","auto"
"Thr-mThr","وَمُطَهِّرُكَ","مُطَهِّر","Thr","طهر","muṭahhir","noun","mThr","1","3:55:9","and purify you","auto"
"Thr-mThr@","مُّطَهَّرَةٌۭ","مُّطَهَّرَة","Thr","طهر","muṭahhara","adjective","mThr@","5","2:25:31","purified","auto"
"Thr-mThrwn","ٱلْمُطَهَّرُونَ","مُطَهَّرُون","Thr","طهر","muṭahharūn","noun","mThrwn","1","56:79:4","the purified","auto"
"Thr-mThryn","ٱلْمُطَّهِّرِينَ","مُطَّهِّرِين","Thr","طهر","muṭṭahhirīn","noun","mThryn","1","9:108:23","the ones who purify themselves","auto"
"Thr-mtThryn","ٱلْمُتَطَهِّرِينَ","مُتَطَهِّرِين","Thr","طهر","mutaṭahhirīn","noun","mtThryn","1","2:222:27","those who purify themselves","auto"
"Thr-tThr","تَطَهَّرْنَ","تَطَهَّرْ","Thr","طهر","taṭahhar","verb","tThr","5","2:222:16","they are purified","auto"
"Thr-tThyr","تَطْهِيرًۭا","تَطْهِير","Thr","طهر","taṭhīr","noun","tThyr","1","33:33:25","(with thorough) purification","auto"
"Thr-yThr","يَطْهُرْنَ","يَطْهُرْ","Thr","طهر","yaṭhur","verb","yThr","1","2:222:14","they are cleansed","auto"
"TlH-TlH","وَطَلْحٍۢ","طَلْح","TlH","طلح","ṭalḥ","noun","TlH","1","56:29:1","And banana trees","auto"
"Tla-Tla","تَطَّلِعُ","طَّلَعَ","TlE","طلع","ṭalaʿa","verb","Tla","11","5:13:19","to discover","auto"
"Tla-Tlat","طَلَعَت","طَلَعَت","TlE","طلع","ṭalaʿat","verb","Tlat","2","18:17:4","it rose","auto"
"Tla-Tlwa","طُلُوعِ","طُلُوع","TlE","طلع","ṭulūʿ","noun","Tlwa","2","20:130:9","(the) rising","auto"
"Tla-mTla","مَطْلِعَ","مَطْلِع","TlE","طلع","maṭliʿ","noun","mTla","2","18:90:4","(the) rising place","auto"
"Tla-mTlawn","مُّطَّلِعُونَ","مُّطَّلِعُون","TlE","طلع","muṭṭaliʿūn","noun","mTlawn","1","37:54:4","be looking","auto"
"Tla-yTla","لِيُطْلِعَكُمْ","يُطْلِعَ","TlE","طلع","yuṭliʿa","verb","yTla","1","3:179:18","to inform you","auto"
"Tlb-Taalb","ٱلطَّالِبُ","طَّالِب","Tlb","طلب","ṭālib","noun","Taalb","1","22:73:27","(are) the seeker","auto"
"Tlb-Tlb","طَلَبًۭا","طَلَب","Tlb","طلب","ṭalab","noun","Tlb","1","18:41:8","to find it","auto"
"Tlb-mTlwb","وَٱلْمَطْلُوبُ","مَطْلُوب","Tlb","طلب","maṭlūb","noun","mTlwb","1","22:73:28","and the one who is sought","auto"
"Tlb-yTlb","يَطْلُبُهُۥ","يَطْلُبُ","Tlb","طلب","yaṭlubu","verb","yTlb","1","7:54:18","seeking it","auto"
"Tll-Tl","فَطَلٌّۭ","طَلّ","Tll","طلل","ṭall","noun","Tl","1","2:265:23","then a drizzle","auto"
"Tlq-Tlq","ٱلطَّلَٰقَ","طَّلَٰق","Tlq","طلق","ṭalāq","noun","Tlq","12","2:227:3","you divorce","auto"
"Tlq-aanTlq","فَٱنطَلَقَا","ٱنطَلَقَ","Tlq","طلق","ānṭalaqa","verb","aanTlq","9","18:71:1","Proceed","auto"
"Tlq-mTlqt","وَٱلْمُطَلَّقَٰتُ","مُطَلَّقَٰت","Tlq","طلق","muṭallaqāt","noun","mTlqt","2","2:228:1","And the women who are divorced","auto"
"Tma-Tma","وَطَمَعًا","طَمَع","TmE","طمع","ṭamaʿ","noun","Tma","4","7:56:9","and hope","auto"
"Tma-yTma","أَفَتَطْمَعُونَ","يَطْمَعُ","TmE","طمع","yaṭmaʿu","verb","yTma","8","2:75:1","hope","auto"
"Tmm-Taam@","ٱلطَّآمَّةُ","طَّأمَّة","Tmm","طمم","ṭāmma","noun","Taam@","1","79:34:3","the Overwhelming Calamity","auto"
"Tmn-aaTma2n","لِّيَطْمَئِنَّ","ٱطْمَأَنَّ","Tmn","طمن","āṭmaʾanna","verb","aaTma2n","9","2:260:15","to satisfy","auto"
"Tmn-mTmy2n","مُطْمَئِنٌّۢ","مُطْمَئِنّ","Tmn","طمن","muṭmaʾinn","noun","mTmy2n","2","16:106:11","(is) content","auto"
"Tmn-mTmy2n@","مُّطْمَئِنَّةًۭ","مُّطْمَئِنَّة","Tmn","طمن","muṭmaʾinna","noun","mTmy2n@","2","16:112:7","and content","auto"
"Tms-Tmst","نَّطْمِسَ","طُمِسَتْ","Tms","طمس","ṭumisat","verb","Tmst","5","4:47:14","We efface","auto"
"Tmth-yTmth","يَطْمِثْهُنَّ","يَطْمِثْ","Tmv","طمث","yaṭmiṯ","verb","yTmth","2","55:56:5","has touched them","auto"
"TrH-aaTrH","ٱطْرَحُوهُ","ٱطْرَحُ","TrH","طرح","āṭraḥu","verb","aaTrH","1","12:9:4","cast him","auto"
"Trd-Taard","بِطَارِدِ","طَارِد","Trd","طرد","ṭārid","noun","Taard","2","11:29:13","going to drive away","auto"
"Trd-Trd","تَطْرُدِ","طَرَد","Trd","طرد","ṭarad","verb","Trd","3","6:52:2","send away","auto"
"Trf-Trf","طَرَفًۭا","طَرَف","Trf","طرف","ṭaraf","noun","Trf","11","3:127:2","(will be) companions of modest gaze","auto"
"Trq-Taarq","ٱللَّهِ","طَّارِق","Trq","طرق","ṭāriq","noun","Taarq","2","86:1:2","and the night comer","auto"
"Trq-Tryq","طَرِيقًا","طَرِيق","Trq","طرق","ṭarīq","noun","Tryq","4","4:168:12","(to) a way","auto"
"Trq-Tryq@","بِطَرِيقَتِكُمُ","طَرِيقَة","Trq","طرق","ṭarīqa","noun","Tryq@","5","20:63:12","with your way","auto"
"Trw-Try","طَرِيًّۭا","طَرِيّ","Trw","طرو","ṭarīy","adjective","Try","2","16:14:8","fresh","auto"
"Twa-Taa@","طَاعَةٌۭ","طَاعَة","TwE","طوع","ṭāʿa","noun","Taa@","3","4:81:2","(We pledge) obedience","auto"
"Twa-Taay2ayn","طَآئِعِينَ","طَأئِعِين","TwE","طوع","ṭāʾiʿīn","noun","Taay2ayn","1","41:11:16","willingly","auto"
"Twa-Twa","طَوْعًۭا","طَوْع","TwE","طوع","ṭawʿ","noun","Twa","4","3:83:11","willingly","auto"
"Twa-Twat","فَطَوَّعَتْ","طَوَّعَتْ","TwE","طوع","ṭawwaʿat","verb","Twat","1","5:30:1","Then prompted","auto"
"Twa-a2Taa","وَأَطَعْنَا","أَطَاعَ","TwE","طوع","ʾaṭāʿa","verb","a2Taa","72","2:285:23","and obey me","auto"
"Twa-aastTaa","ٱسْتَطَٰعُوا۟","ٱسْتَطَاعَ","TwE","طوع","āstaṭāʿa","verb","aastTaa","42","2:217:37","they are able","auto"
"Twa-mTaa","مُّطَاعٍۢ","مُّطَاع","TwE","طوع","muṭāʿ","adjective","mTaa","1","81:21:1","One to be obeyed","auto"
"Twa-mTwayn","ٱلْمُطَّوِّعِينَ","مُطَّوِّعِين","TwE","طوع","muṭṭawwiʿīn","noun","mTwayn","1","9:79:3","the ones who give willingly","auto"
"Twa-tTwa","تَطَوَّعَ","تَطَوَّعَ","TwE","طوع","taṭawwaʿa","verb","tTwa","2","2:158:19","voluntarily does","auto"
"Twa-yTaa","لِيُطَاعَ","يُطَاعُ","TwE","طوع","yuṭāʿu","verb","yTaa","2","4:64:6","to be obeyed","auto"
"Twd-Twd","كَٱلطَّوْدِ","طَّوْد","Twd","طود","ṭawd","noun","Twd","1","26:63:12","like the mountain","auto"
"Twf-Taaf","يُطَافُ","طَافَ","Twf","طوف","ṭāfa","verb","Taaf","8","37:45:1","Will be circulated","auto"
"Twf-Taay2f","لِلطَّآئِفِينَ","طَأئِف","Twf","طوف","ṭāʾif","noun","Taay2f","4","2:125:19","for those who circumambulate","auto"
"Twf-Taay2f@","طَّآئِفَةٌۭ","طَأئِفَة","Twf","طوف","ṭāʾifa","noun","Taay2f@","24","3:69:2","a group","auto"
"Twf-Twfaan","ٱلطُّوفَانَ","طُّوفَان","Twf","طوف","ṭūfān","noun","Twfaan","2","7:133:3","the flood","auto"
"Twf-Twfwn","طَوَّٰفُونَ","طَوَّٰفُون","Twf","طوف","ṭawwāfūn","noun","Twfwn","1","24:58:37","(as) moving about","auto"
"Twf-yTwf","يَطَّوَّفَ","يَطَّوَّفَ","Twf","طوف","yaṭṭawwafa","verb","yTwf","2","2:158:16","he walks","auto"
"Twl-Taal","أَفَطَالَ","طَالَ","Twl","طول","ṭāla","verb","Taal","3","20:86:14","Then, did seem long","auto"
"Twl-Twl","طَوْلًا","طَوْل","Twl","طول","ṭawl","noun","Twl","4","4:25:5","afford","auto"
"Twl-Twyl","طَوِيلًۭا","طَوِيل","Twl","طول","ṭawīl","adjective","Twyl","2","73:7:6","prolonged","auto"
"Twl-tTaawl","فَتَطَاوَلَ","تَطَاوَلَ","Twl","طول","taṭāwala","verb","tTaawl","1","28:45:4","and prolonged","auto"
"Twq-Taaq@","طَاقَةَ","طَاقَة","Twq","طوق","ṭāqa","noun","Taaq@","2","2:249:38","strength","auto"
"Twq-yTwq","سَيُطَوَّقُونَ","يُطَوَّقُ","Twq","طوق","yuṭawwaqu","verb","yTwq","1","3:180:17","Their necks will be encircled","auto"
"Twq-yTyq","يُطِيقُونَهُۥ","يُطِيقُ","Twq","طوق","yuṭīqu","verb","yTyq","1","2:184:16","can afford it","auto"
"Twr-Twr","ٱلطُّورَ","طُور","Twr","طور","ṭūr","noun","Twr","10","2:63:6","the mount","auto"
"Twr-a2Twaar","أَطْوَارًا","أَطْوَار","Twr","طور","ʾaṭwār","noun","a2Twaar","1","71:14:3","(in) stages","auto"
"Twy-Twy","طُوًۭى","طُوًى","Twy","طوي","ṭuwanā","noun","Twy","2","20:12:9","(of) Tuwa","auto"
"Twy-Ty","كَطَىِّ","طَىّ","Twy","طوي","ṭāā","noun","Ty","1","21:104:4","like (the) folding","auto"
"Twy-mTwyt","مَطْوِيَّٰتٌۢ","مَطْوِيَّٰت","Twy","طوي","maṭwīyāt","noun","mTwyt","1","39:67:12","(will be) folded","auto"
"Twy-nTwy","نَطْوِى","نَطْوِى","Twy","طوي","naṭwiā","verb","nTwy","1","21:104:2","We will fold","auto"
"Tyb-Taab","طَابَ","طَابَ","Tyb","طيب","ṭāba","verb","Taab","3","4:3:9","seems suitable","auto"
"Tyb-Twby","طُوبَىٰ","طُوبَىٰ","Tyb","طيب","ṭūbāā","noun","Twby","1","13:29:5","blessedness","auto"
"Tyb-Tyb","طَيِّبًۭا","طَيِّب","Tyb","طيب","ṭayyib","adjective","Tyb","16","2:168:8","the good","auto"
"Tyb-Tyb@","طَيِّبَةً","طَيِّبَة","Tyb","طيب","ṭayyiba","adjective","Tyb@","9","3:38:12","good","auto"
"Tyb-Tybt","طَيِّبَٰتِ","طَيِّبَٰت","Tyb","طيب","ṭayyibāt","noun","Tybt","21","2:57:10","the good things","auto"
"Tyn-Tyn","ٱلطِّينِ","طِين","Tyn","طين","ṭīn","noun","Tyn","12","3:49:15","clay","auto"
"Tyr-Ty2r","طَٰٓئِرٍۢ","طَٰٔئِر","Tyr","طير","ṭāʾir","noun","Ty2r","5","6:38:7","a bird","auto"
"Tyr-Tyr","ٱلطَّيْرِ","طَيْر","Tyr","طير","ṭayr","noun","Tyr","19","2:260:21","the birds","auto"
"Tyr-aaTyr","يَطَّيَّرُوا۟","ٱطَّيَّرْ","Tyr","طير","āṭṭayyar","verb","aaTyr","3","7:131:10","they ascribe evil omens","auto"
"Tyr-mstTyr","مُسْتَطِيرًۭا","مُسْتَطِير","Tyr","طير","mustaṭīr","noun","mstTyr","1","76:7:7","widespread","auto"
"Tyr-yTyr","يَطِيرُ","يَطِيرُ","Tyr","طير","yaṭīru","verb","yTyr","1","6:38:8","(that) flies","auto"
"Zan-Zan","ظَعْنِكُمْ","ظَعْن","ZEn","ظعن","ẓaʿn","noun","Zan","1","16:80:15","(of) your travel","auto"
"Zfr-Zfr","ظُفُرٍۢ","ظُفُر","Zfr","ظفر","ẓufur","noun","Zfr","1","6:146:7","claws","auto"
"Zfr-a2Zfr","أَظْفَرَكُمْ","أَظْفَرَ","Zfr","ظفر","ʾaẓfara","verb","a2Zfr","1","48:24:13","He gave you victory","auto"
"Zhr-Zhr","ظُهُورِهِمْ","ظَهْر","Zhr","ظهر","ẓahr","noun","Zhr","39","2:101:19","their backs","auto"
"Zhr-Zhr@","ظَٰهِرَةًۭ","ظَٰهِرَة","Zhr","ظهر","ẓāhira","noun","Zhr@","2","31:20:16","apparent","auto"
"Zhr-Zhry","ظِهْرِيًّا","ظِهْرِيّ","Zhr","ظهر","ẓihrīy","noun","Zhry","1","11:92:10","backs","auto"
"Zhr-Zhyr","ظَهِيرًۭا","ظَهِير","Zhr","ظهر","ẓahīr","adjective","Zhyr","6","17:88:19","assistants","auto"
"Zhr-Zhyr@","ٱلظَّهِيرَةِ","ظَّهِيرَة","Zhr","ظهر","ẓahīra","noun","Zhyr@","1","24:58:23","noon","auto"
"Zhr-a2Zhr","لِيُظْهِرَهُۥ","أَظْهَرَ","Zhr","ظهر","ʾaẓhara","verb","a2Zhr","8","9:33:8","to manifest it","auto"
"Zhr-tZhr","تَظَٰهَرُونَ","تَظَٰهَرُ","Zhr","ظهر","taẓāharu","verb","tZhr","2","2:85:11","you support one another","auto"
"Zll-Zl","ظِلًّۭا","ظِلّ","Zll","ظلل","ẓill","noun","Zl","23","4:57:19","shades","auto"
"Zll-Zl@","ظُلَلٍۢ","ظُلَّة","Zll","ظلل","ẓulla","noun","Zl@","6","2:210:8","coverings","auto"
"Zll-Zll","وَظَلَّلْنَا","ظَلَّلْ","Zll","ظلل","ẓallal","verb","Zll","2","2:57:1","And We shaded","auto"
"Zll-Zlyl","ظَلِيلًا","ظَلِيل","Zll","ظلل","ẓalīl","adjective","Zlyl","2","4:57:20","thick","auto"
"Zlm-Zaalm","ٱلظَّٰلِمِينَ","ظَالِم","Zlm","ظلم","ẓālim","noun","Zaalm","129","2:35:18","the wrongdoers","auto"
"Zlm-Zaalm@","ظَٰلِمَةٌ","ظَالِمَة","Zlm","ظلم","ẓālima","noun","Zaalm@","4","11:102:8","(are) doing wrong","auto"
"Zlm-Zaalmy","ظَالِمِىٓ","ظَالِمِىٔ","Zlm","ظلم","ẓālimiā","noun","Zaalmy","2","4:97:5","(while) they (were) wronging","auto"
"Zlm-Zlm","ظَلَمْتُمْ","ظَلَمَ","Zlm","ظلم","ẓalama","verb","Zlm","135","2:54:7","wronged","auto"
"Zlm-Zlmt","ظُلُمَٰتٍۢ","ظُلُمَٰت","Zlm","ظلم","ẓulumāt","noun","Zlmt","23","2:17:15","the darkness[es]","auto"
"Zlm-Zlwm","لَظَلُومٌۭ","ظَلُوم","Zlm","ظلم","ẓalūm","noun","Zlwm","2","14:34:14","(is) surely unjust","auto"
"Zlm-a2Zlm","أَظْلَمَ","أَظْلَمَ","Zlm","ظلم","ʾaẓlama","verb","a2Zlm","17","2:20:11","(is) more unjust","auto"
"Zlm-mZlm","مُظْلِمًا","مُظْلِم","Zlm","ظلم","muẓlim","noun","mZlm","2","10:27:21","the darkness (of) night","auto"
"Zlm-mZlwm","مَظْلُومًۭا","مَظْلُوم","Zlm","ظلم","maẓlūm","noun","mZlwm","1","17:33:11","wrongfully","auto"
"Zmaa-Zma2","ظَمَأٌۭ","ظَمَأ","ZmA","ظما","ẓamaʾ","noun","Zma2","1","9:120:23","thirst","auto"
"Zmaa-Zmaan","ٱلظَّمْـَٔانُ","ظَّمْـَٕان","ZmA","ظما","ẓamān","noun","Zmaan","1","24:39:7","the thirsty one","auto"
"Zmaa-tZmw2aa","تَظْمَؤُا۟","تَظْمَؤُاۤ","ZmA","ظما","taẓmaʾuā","verb","tZmw2aa","1","20:119:3","will suffer from thirst","auto"
"Znn-Zaanyn","ٱلظَّآنِّينَ","ظَّأنِّين","Znn","ظنن","ẓānnīn","adjective","Zaanyn","1","48:6:6","who assume","auto"
"Znn-Zn","يَظُنُّونَ","ظَنَّ","Znn","ظنن","ẓanna","verb","Zn","68","2:46:2","the assumption","auto"
"aDD-aD","عَضُّوا۟","عَضُّ","EDD","عضض","ʿaḍḍu","verb","aD","2","3:119:15","they bite","auto"
"aDd-aDd","عَضُدًۭا","عَضُد","EDd","عضد","ʿaḍud","noun","aDd","2","18:51:13","(as) helper(s)","auto"
"aDl-taDl","تَعْضُلُوهُنَّ","تَعْضُلُ","EDl","عضل","taʿḍulu","verb","taDl","2","2:232:7","hinder them","auto"
"aDw-aDyn","عِضِينَ","عِضِين","EDw","عضو","ʿiḍīn","noun","aDyn","1","15:91:4","(in) parts","auto"
"aSb-aSb@","عُصْبَةٌ","عُصْبَة","ESb","عصب","ʿuṣba","noun","aSb@","4","12:8:10","(are) a group","auto"
"aSb-aSyb","عَصِيبٌۭ","عَصِيب","ESb","عصب","ʿaṣīb","adjective","aSyb","1","11:77:13","distressful","auto"
"aSf-aSf","ٱلْعَصْفِ","عَصْف","ESf","عصف","ʿaṣf","noun","aSf","3","55:12:3","husk","auto"
"aSf-aSft","فَٱلْعَٰصِفَٰتِ","عَٰصِفَٰت","ESf","عصف","ʿāṣifāt","noun","aSft","1","77:2:1","And the winds that blow","auto"
"aSf-aaSf","عَاصِفٌۭ","عَاصِف","ESf","عصف","ʿāṣif","adjective","aaSf","2","10:22:20","stormy","auto"
"aSf-aaSf@","عَاصِفَةًۭ","عَاصِفَة","ESf","عصف","ʿāṣifa","noun","aaSf@","1","21:81:3","forcefully","auto"
"aSm-aSm","بِعِصَمِ","عِصَم","ESm","عصم","ʿiṣam","noun","aSm","1","60:10:40","to marriage bonds","auto"
"aSm-aaSm","عَاصِمٍۢ","عَاصِم","ESm","عصم","ʿāṣim","noun","aaSm","3","10:27:14","protector","auto"
"aSm-aastaSm","فَٱسْتَعْصَمَ","ٱسْتَعْصَمَ","ESm","عصم","āstaʿṣama","verb","aastaSm","1","12:32:10","but he saved himself","auto"
"aSm-aatSm","يَعْتَصِم","ٱعْتَصَمُ","ESm","عصم","āʿtaṣamu","verb","aatSm","5","3:101:11","and hold fast","auto"
"aSm-yaSm","يَعْصِمُكَ","يَعْصِمُ","ESm","عصم","yaʿṣimu","verb","yaSm","3","5:67:16","will protect you","auto"
"aSr-aSr","بِسْمِ","عَصْر","ESr","عصر","ʿaṣr","noun","aSr","1","103:1:1","By the time","auto"
"aSr-i2aSaar","إِعْصَارٌۭ","إِعْصَار","ESr","عصر","ʾiʿṣār","noun","i2aSaar","1","2:266:25","whirlwind","auto"
"aSr-maSrt","ٱلْمُعْصِرَٰتِ","مُعْصِرَٰت","ESr","عصر","muʿṣirāt","noun","maSrt","1","78:14:3","the rain clouds","auto"
"aSr-yaSr","أَعْصِرُ","يَعْصِرُ","ESr","عصر","yaʿṣiru","verb","yaSr","2","12:36:9","pressing","auto"
"aSw-aSaa","بِّعَصَاكَ","عَصَا2","ESw","عصو","ʿaṣā","noun","aSaa","10","2:60:7","with your staff","auto"
"aSw-aSy","وَعِصِيُّهُمْ","عِصِيّ","ESw","عصو","ʿiṣīy","noun","aSy","2","20:66:6","and their staffs","auto"
"aSy-aSaa","عَصَوا۟","عَصَا","ESy","عصي","ʿaṣā","verb","aSaa","27","2:61:57","they disobeyed","auto"
"aSy-aSy","عَصِيًّۭا","عَصِيّ","ESy","عصي","ʿaṣīy","adjective","aSy","2","19:14:6","disobedient","auto"
"aSy-aSyaan","وَٱلْعِصْيَانَ","عِصْيَان","ESy","عصي","ʿiṣyān","noun","aSyaan","1","49:7:25","and disobedience","auto"
"aSy-maSyt","وَمَعْصِيَتِ","مَعْصِيَت","ESy","عصي","maʿṣiyat","noun","maSyt","2","58:8:16","and disobedience","auto"
"aTf-aTf","عِطْفِهِۦ","عِطْف","ETf","عطف","ʿiṭf","noun","aTf","1","22:9:2","his neck","auto"
"aTl-aTlt","عُطِّلَتْ","عُطِّلَتْ","ETl","عطل","ʿuṭṭilat","verb","aTlt","1","81:4:3","(are) left untended","auto"
"aTl-maTl@","مُّعَطَّلَةٍۢ","مُّعَطَّلَة","ETl","عطل","muʿaṭṭala","noun","maTl@","1","22:45:12","abandoned","auto"
"aTw-a2aTy","يُعْطُوا۟","أَعْطَىٰ","ETw","عطو","ʾaʿṭāā","verb","a2aTy","8","9:29:24","they are given","auto"
"aTw-aTaa2","عَطَآءً","عَطَأء","ETw","عطو","ʿaṭāʾ","noun","aTaa2","5","11:108:16","(the) gift","auto"
"aTw-taaTy","فَتَعَاطَىٰ","تَعَاطَىٰ","ETw","عطو","taʿāṭāā","verb","taaTy","1","54:29:3","and he took","auto"
"aZm-a2aZm","أَعْظَمُ","أَعْظَم","EZm","عظم","ʾaʿẓam","adjective","a2aZm","3","9:20:10","(are) greater","auto"
"aZm-aZm","بِعَظْمٍۢ","عَظْم","EZm","عظم","ʿaẓm","noun","aZm","2","6:146:23","with the bone","auto"
"aZm-aZym","عَظِيمٌۭ","عَظِيم","EZm","عظم","ʿaẓīm","adjective","aZym","120","2:7:12","great","auto"
"aZm-yaZm","يُعَظِّمْ","يُعَظِّمْ","EZm","عظم","yuʿaẓẓim","verb","yaZm","3","22:30:3","honors","auto"
"aaHd-a2Hd","أَحَدُهُمْ","أَحَد","AHd","احد","ʾaḥad","noun","a2Hd","74","2:96:10","anyone","auto"
"aaHd-i2Hdy","إِحْدَىٰهُمَا","إِحْدَى","AHd","احد","ʾiḥdā","noun","i2Hdy","11","2:282:68","one of them","auto"
"aaSl-a2Sl","أَصْلُهَا","أَصْل","ASl","اصل","ʾaṣl","noun","a2Sl","3","14:24:11","its root","auto"
"aaSl-a2Syl","وَٱلْـَٔاصَالِ","أَصِيل","ASl","اصل","ʾaṣīl","noun","a2Syl","3","7:205:12","and (in) the evenings","auto"
"aaSr-i2Sr","إِصْرًۭا","إِصْر","ASr","اصر","ʾiṣr","noun","i2Sr","3","2:286:24","a burden","auto"
"aabb-a2b","وَأَبًّۭا","أَبّ","Abb","ابب","ʾabb","noun","a2b","1","80:31:2","and grass","auto"
"aabd-a2bdaa","أَبَدًۢا","أَبَدًا","Abd","ابد","ʾabadanā","time","a2bdaa","28","2:95:3","ever","auto"
"aabl-a2baabyl","أَبَابِيلَ","أَبَابِيل","Abl","ابل","ʾabābīl","adjective","a2baabyl","1","105:3:4","(in) flocks","auto"
"aabl-i2bl","ٱلْإِبِلِ","إِبِل","Abl","ابل","ʾibil","noun","i2bl","2","6:144:2","the camels","auto"
"aabq-a2bq","أَبَقَ","أَبَقَ","Abq","ابق","ʾabaqa","verb","a2bq","1","37:140:2","he ran away","auto"
"aabw-a2b","لِأَبِيهِ","أَبٌ","Abw","ابو","ʾabun","noun","a2b","46","6:74:4","to his father","auto"
"aabw-a2bwaan","وَلِأَبَوَيْهِ","أَبَوَان","Abw","ابو","ʾabawān","noun","a2bwaan","7","4:11:23","his parents","auto"
"aabw-aabaa2","ءَابَآئِكَ","أبَاء","Abw","ابو","ābāʾ","noun","aabaa2","64","2:133:19","our forefathers","auto"
"aaby-a2by","أَبَىٰ","أَبَى","Aby","ابي","ʾabā","verb","a2by","13","2:34:9","He refused","auto"
"aadd-i2d","إِدًّۭا","إِدّ","Add","ادد","ʾidd","adjective","i2d","1","19:89:4","atrocious","auto"
"aadhn-2aadhn","ءَاذَنتُكُمْ","ءَاذَن","A*n","اذن","ʾāḏan","verb","2aadhn","2","21:109:4","I (have) announced to you","auto"
"aadhn-a2dhn","ءَاذَانِهِم","أُذُنٌ","A*n","اذن","ʾuḏunun","noun","a2dhn","45","2:19:12","their ears","auto"
"aadhn-aastdhn","يَسْتَـْٔذِنُكَ","ٱسْتَـْٕذَنَ","A*n","اذن","āstaḏana","verb","aastdhn","12","9:44:2","ask your permission","auto"
"aadhn-i2dhn","بِإِذْنِ","إِذْن","A*n","اذن","ʾiḏn","noun","i2dhn","39","2:97:10","by (the) permission","auto"
"aadhn-mw2dhn","مُؤَذِّنٌۢ","مُؤَذِّن","A*n","اذن","muʾaḏḏin","noun","mw2dhn","2","7:44:22","an announcer","auto"
"aadhn-ta2dhn","تَأَذَّنَ","تَأَذَّنَ","A*n","اذن","taʾaḏḏana","verb","ta2dhn","2","7:167:2","declared","auto"
"aadhy-a2dhy","أَذًۭى","أَذًى","A*y","اذي","ʾaḏanā","noun","a2dhy","9","2:196:24","an ailment","auto"
"aadhy-a2wdhy","وَأُوذُوا۟","أُوذِىَ","A*y","اذي","ʾūḏiāa","verb","a2wdhy","15","3:195:22","hurt","auto"
"aady-a2daa2","وَأَدَآءٌ","أَدَأء","Ady","ادي","ʾadāʾ","noun","a2daa2","1","2:178:23","[and] payment","auto"
"aady-yw2d","فَلْيُؤَدِّ","يُؤَدِّ","Ady","ادي","yuʾaddi","verb","yw2d","5","2:283:14","he will return it","auto"
"aaff-a2f","أُفٍّۢ","أُفّ","Aff","افف","ʾuff","noun","a2f","3","17:23:19","Uff","auto"
"aafk-a2faak","أَفَّاكٍ","أَفَّاك","Afk","افك","ʾaffāk","noun","a2faak","2","26:222:4","liar","auto"
"aafk-a2fk","يُؤْفَكُونَ","أُفِكَ","Afk","افك","ʾufika","verb","a2fk","16","5:75:25","are they deluded","auto"
"aafk-i2fk","بِٱلْإِفْكِ","إِفْك","Afk","افك","ʾifk","noun","i2fk","9","24:11:4","(is) a lie","auto"
"aafk-mw2tfk@","وَٱلْمُؤْتَفِكَٰتِ","مُؤْتَفِكَة","Afk","افك","muʾtafika","noun","mw2tfk@","3","9:70:15","and the towns overturned","auto"
"aafl-2aaflyn","ٱلْـَٔافِلِينَ","ءَافِلِين","Afl","افل","ʾāfilīn","noun","2aaflyn","1","6:76:15","the ones that set","auto"
"aafl-a2fl","أَفَلَ","أَفَلَ","Afl","افل","ʾafala","verb","a2fl","3","6:76:11","it set","auto"
"aafq-a2fq","ٱلْـَٔافَاقِ","أُفُق","Afq","افق","ʾufuq","noun","a2fq","3","41:53:4","the horizons","auto"
"aahl-a2hl","أَهْلِ","أَهْل","Ahl","اهل","ʾahl","noun","a2hl","127","2:105:6","(the) People","auto"
"aajj-a2jaaj","أُجَاجٌۭ","أُجَاج","Ajj","اجج","ʾuǧāǧ","noun","a2jaaj","3","25:53:10","(and) bitter","auto"
"aajl-a2jl","أَجَلَهُنَّ","أَجَل","Ajl","اجل","ʾaǧal","noun","a2jl","55","2:231:5","a term","auto"
"aajl-mw2jl","مُّؤَجَّلًۭا","مُّؤَجَّل","Ajl","اجل","muʾaǧǧal","adjective","mw2jl","1","3:145:10","determined","auto"
"aajr-a2jr","أَجْرُهُمْ","أَجْر","Ajr","اجر","ʾaǧr","noun","a2jr","105","2:62:16","their reward","auto"
"aajr-aastjr","ٱسْتَـْٔجِرْهُ","ٱسْتَـْٕجَرْ","Ajr","اجر","āstaǧar","verb","aastjr","2","28:26:4","Hire him","auto"
"aajr-ta2jr","تَأْجُرَنِى","تَأْجُرَ","Ajr","اجر","taʾǧura","verb","ta2jr","1","28:27:11","you serve me","auto"
"aakhdh-a2khdh","يُؤْخَذُ","أَخَذَ","Ax*","اخذ","ʾaḫaḏa","verb","a2khdh","133","2:48:14","We took","auto"
"aakhdh-aakhdh","بِـَٔاخِذِيهِ","أخِذ","Ax*","اخذ","āḫiḏ","noun","aakhdh","3","2:267:20","take it","auto"
"aakhdh-aatkhaadh","بِٱتِّخَاذِكُمُ","ٱتِّخَاذ","Ax*","اخذ","āttiḫāḏ","noun","aatkhaadh","1","2:54:9","by your taking","auto"
"aakhdh-aatkhdh","ٱتَّخَذْتُمُ","ٱتَّخَذَ","Ax*","اخذ","āttaḫaḏa","verb","aatkhdh","124","2:51:7","take","auto"
"aakhdh-mtkhdh","مُتَّخِذَٰتِ","مُتَّخِذ","Ax*","اخذ","muttaḫiḏ","noun","mtkhdh","3","4:25:33","those who take","auto"
"aakhdh-yw2aakhdh","يُؤَاخِذُكُمُ","يُؤَاخِذُ","Ax*","اخذ","yuʾāḫiḏu","verb","yw2aakhdh","9","2:225:2","will take you to task","auto"
"aakhr-a2khr","أَخَّرْتَنَآ","أَخَّرَ","Axr","اخر","ʾaḫḫara","verb","a2khr","15","4:77:34","and give you respite","auto"
"aakhr-aakhr","وَبِٱلْـَٔاخِرَةِ","أخِر","Axr","اخر","āḫir","noun","aakhr","225","2:4:10","the Hereafter","auto"
"aakhr-mstkhryn","ٱلْمُسْتَـْٔخِرِينَ","مُسْتَـْٕخِرِين","Axr","اخر","mustaḫirīn","noun","mstkhryn","1","15:24:7","the later ones","auto"
"aakhr-ta2khr","تَأَخَّرَ","تَأَخَّرَ","Axr","اخر","taʾaḫḫara","verb","ta2khr","3","2:203:14","delays","auto"
"aakhr-ysta2khr","يَسْتَأْخِرُونَ","يَسْتَأْخِرُ","Axr","اخر","yastaʾḫiru","verb","ysta2khr","6","7:34:8","seek to delay","auto"
"aakhw-a2kh","أَخِيهِ","أَخ","Axw","اخو","ʾaḫ","noun","a2kh","75","2:178:19","his brother","auto"
"aakhw-a2kht","أُخْتٌۭ","أُخْت","Axw","اخو","ʾuḫt","noun","a2kht","14","4:12:60","a sister","auto"
"aakhw-i2khw@","إِخْوَةٌۭ","إِخْوَةٌ","Axw","اخو","ʾiḫwaun","noun","i2khw@","7","4:11:46","brothers and sisters","auto"
"aakl-2aaklwn","لِّلْـَٔاكِلِينَ","ءَاكِلُون","Akl","اكل","ʾākilūn","noun","2aaklwn","3","23:20:9","for those who eat","auto"
"aakl-a2kl","وَكُلَا","أَكَلَ","Akl","اكل","ʾakala","verb","a2kl","104","2:35:7","Eat","auto"
"aakl-a2klwn","أَكَّٰلُونَ","أَكَّٰلُون","Akl","اكل","ʾakkālūn","noun","a2klwn","1","5:42:3","devourers","auto"
"aakl-ma2kwl","مَّأْكُولٍۭ","مَّأْكُول","Akl","اكل","maʾkūl","adjective","ma2kwl","1","105:5:3","eaten up","auto"
"aalf-a2lf","أَلْفَ","أَلْف","Alf","الف","ʾalf","noun","a2lf","19","2:96:13","a thousand","auto"
"aalf-i2lf","بِسْمِ","إِلَٰف","Alf","الف","ʾilāf","noun","i2lf","2","106:1:1","For (the) familiarity","auto"
"aalf-mw2lf@","وَٱلْمُؤَلَّفَةِ","مُؤَلَّفَة","Alf","الف","muʾallafa","noun","mw2lf@","1","9:60:7","and the ones inclined","auto"
"aalh-aallh","ٱللَّهِ","ٱللَّه","Alh","اله","ālllah","proper-noun","aallh","2699","1:1:2","Allah","auto"
"aalh-aallhm","ٱللَّهُمَّ","ٱللَّهُمَّ","Alh","اله","ālllahumma","proper-noun","aallhm","5","3:26:2","O Allah","auto"
"aalh-i2lh","إِلَٰهَكَ","إِلَٰه","Alh","اله","ʾilāh","noun","i2lh","147","2:133:17","god","auto"
"aall-i2l","إِلًّۭا","إِلّ","All","الل","ʾill","noun","i2l","2","9:8:8","(of) kinship","auto"
"aalm-a2lym","أَلِيمٌۢ","أَلِيم","Alm","الم","ʾalīm","adjective","a2lym","72","2:10:9","painful","auto"
"aalm-ya2lm","تَأْلَمُونَ","يَأْلَمُ","Alm","الم","yaʾlamu","verb","ya2lm","3","4:104:8","suffering","auto"
"aalt-a2lt","أَلَتْنَٰهُم","أَلَتْ","Alt","الت","ʾalat","verb","a2lt","1","52:21:10","We will deprive them","auto"
"aalw-2aalaa2","ءَالَآءَ","ءَالَأء","Alw","الو","ʾālāʾ","noun","2aalaa2","34","7:69:24","(of the) favors","auto"
"aalw-ya2l","يَأْلُونَكُمْ","يَأْلُ","Alw","الو","yaʾlu","verb","ya2l","1","3:118:10","they will spare you","auto"
"aalw-ya2tl","يَأْتَلِ","يَأْتَلِ","Alw","الو","yaʾtali","verb","ya2tl","1","24:22:2","let swear","auto"
"aalw-yw2l","يُؤْلُونَ","يُؤْلُ","Alw","الو","yuʾlu","verb","yw2l","1","2:226:2","swear (off)","auto"
"aamd-a2md","أَمَدًۢا","أَمَد","Amd","امد","ʾamad","noun","a2md","4","3:30:19","(was) a distance","auto"
"aaml-a2ml","ٱلْأَمَلُ","أَمَل","Aml","امل","ʾamal","noun","a2ml","2","15:3:5","the hope","auto"
"aamm-a2m","أُمُّ","أُمّ","Amm","امم","ʾumm","noun","a2m","34","3:7:10","(of) your mothers","auto"
"aamm-a2m@","أُمَّةًۭ","أُمَّة","Amm","امم","ʾumma","noun","a2m@","64","2:128:7","nation","auto"
"aamm-a2maam","أَمَامَهُۥ","أَمَام","Amm","امم","ʾamām","time","a2maam","1","75:5:5","(to) what is before him","auto"
"aamm-a2my","أُمِّيُّونَ","أُمِّىّ","Amm","امم","ʾummiāā","noun","a2my","6","2:78:2","the unlettered","auto"
"aamm-aamyn","ءَآمِّينَ","أمِّين","Amm","امم","āmmīn","noun","aamyn","1","5:2:16","(those) coming","auto"
"aamm-i2maam","إِمَامًۭا","إِمَام","Amm","امم","ʾimām","noun","i2maam","12","2:124:11","leaders","auto"
"aamn-2aamn","يُؤْمِنُونَ","ءَامَنَ","Amn","امن","ʾāmana","verb","2aamn","543","2:3:2","believe","auto"
"aamn-2aamn@","ءَامِنَةًۭ","ءَامِنَة","Amn","امن","ʾāmina","noun","2aamn@","1","16:112:6","secure","auto"
"aamn-2aamnyn","ءَامِنِينَ","ءَامِنِين","Amn","امن","ʾāminīn","noun","2aamnyn","10","12:99:14","secure","auto"
"aamn-a2mn","وَأَمْنًۭا","أَمْن","Amn","امن","ʾamn","noun","a2mn","25","2:125:6","you are secure","auto"
"aamn-a2mn@","أَمَنَةًۭ","أَمَنَة","Amn","امن","ʾamana","noun","a2mn@","2","3:154:7","security","auto"
"aamn-a2mnt","أَمَٰنَتَهُۥ","أَمَٰنَت","Amn","امن","ʾamānat","noun","a2mnt","6","2:283:17","of their trusts","auto"
"aamn-a2myn","أَمِينٌ","أَمِين","Amn","امن","ʾamīn","adjective","a2myn","14","7:68:7","trustworthy","auto"
"aamn-aaw2tmn","ٱؤْتُمِنَ","ٱؤْتُمِنَ","Amn","امن","āʾtumina","verb","aaw2tmn","1","2:283:16","is entrusted","auto"
"aamn-i2ymn","إِيمَٰنُكُمْ","إِيمَٰن","Amn","امن","ʾīmān","noun","i2ymn","45","2:93:24","(in) faith","auto"
"aamn-ma2mn","مَأْمَنَهُۥ","مَأْمَن","Amn","امن","maʾman","noun","ma2mn","1","9:6:13","(to) his place of safety","auto"
"aamn-ma2mwn","مَأْمُونٍۢ","مَأْمُون","Amn","امن","maʾmūn","noun","ma2mwn","1","70:28:5","to be felt secure (of)","auto"
"aamn-mw2mn","بِمُؤْمِنِينَ","مُؤْمِن","Amn","امن","muʾmin","noun","mw2mn","202","2:8:11","the believers","auto"
"aamn-mw2mn@","مُّؤْمِنَةٌ","مُّؤْمِنَة","Amn","امن","muʾmina","adjective","mw2mn@","6","2:221:7","believing","auto"
"aamn-mw2mnt","ٱلْمُؤْمِنَٰتِ","مُّؤْمِنَٰت","Amn","امن","muʾmināt","adjective","mw2mnt","22","4:25:9","and the believing women","auto"
"aamr-2aamrwn","ٱلْـَٔامِرُونَ","ءَامِرُون","Amr","امر","ʾāmirūn","noun","2aamrwn","1","9:112:7","those who enjoin","auto"
"aamr-a2maar@","لَأَمَّارَةٌۢ","أَمَّارَة","Amr","امر","ʾammāra","noun","a2maar@","1","12:53:6","(is) a certain enjoiner","auto"
"aamr-a2mr","أَمَرَ","أَمَرَ","Amr","امر","ʾamara","verb","a2mr","243","2:27:10","the matter","auto"
"aamr-i2mr","إِمْرًۭا","إِمْر","Amr","امر","ʾimr","adjective","i2mr","1","18:71:15","grave","auto"
"aamr-ya2tmr","يَأْتَمِرُونَ","يَأْتَمِرُ","Amr","امر","yaʾtamiru","verb","ya2tmr","2","28:20:11","are taking counsel","auto"
"aamt-a2mt","أَمْتًۭا","أَمْت","Amt","امت","ʾamt","noun","a2mt","1","20:107:6","any curve","auto"
"aamw-a2m@","وَلَأَمَةٌۭ","أَمَة","Amw","امو","ʾama","noun","a2m@","2","2:221:6","And a bondwoman","auto"
"aanf-2aanf","ءَانِفًا","ءَانِف","Anf","انف","ʾānif","noun","2aanf","1","47:16:16","just now","auto"
"aanf-a2nf","وَٱلْأَنفَ","أَنف","Anf","انف","ʾanf","noun","a2nf","2","5:45:9","and the nose","auto"
"aanm-a2naam","لِلْأَنَامِ","أَنَام","Anm","انم","ʾanām","noun","a2naam","1","55:10:3","for the creatures","auto"
"aans-2aans","ءَانَسْتُم","ءَانَسَ","Ans","انس","ʾānasa","verb","2aans","5","4:6:8","you perceive","auto"
"aans-i2ns","ٱلْإِنسِ","إِنس","Ans","انس","ʾins","noun","i2ns","18","6:112:7","and the men","auto"
"aans-i2nsn","أُنَاسٍۢ","إِنسَٰن","Ans","انس","ʾinsān","noun","i2nsn","71","2:60:17","man","auto"
"aans-i2nsy","إِنسِيًّۭا","إِنسِيّ","Ans","انس","ʾinsīy","noun","i2nsy","1","19:26:18","(to any) human being","auto"
"aans-mstnsyn","مُسْتَـْٔنِسِينَ","مُسْتَـْٕنِسِين","Ans","انس","mustanisīn","noun","mstnsyn","1","33:53:25","seeking to remain","auto"
"aans-tsta2ns","تَسْتَأْنِسُوا۟","تَسْتَأْنِسُ","Ans","انس","tastaʾnisu","verb","tsta2ns","1","24:27:10","you have asked permission","auto"
"aanth-a2nthy","وَٱلْأُنثَىٰ","أُنثَىٰ","Anv","انث","ʾunṯāā","noun","a2nthy","24","2:178:13","female","auto"
"aanth-a2nthyyn","ٱلْأُنثَيَيْنِ","أُنثَيَيْن","Anv","انث","ʾunṯayayn","noun","a2nthyyn","6","4:11:8","(of) the two females","auto"
"aany-2aan","ءَانٍۢ","ءَان","Any","اني","ʾān","noun","2aan","1","55:44:5","heated","auto"
"aany-2aanaa2","ءَانَآءَ","ءَانَأء","Any","اني","ʾānāʾ","time","2aanaa2","3","3:113:11","(in the) hours","auto"
"aany-2aany@","بِـَٔانِيَةٍۢ","ءَانِيَة","Any","اني","ʾāniya","noun","2aany@","2","76:15:3","vessels","auto"
"aany-a2ny","أَنَّىٰ","أَنَّىٰ","Any","اني","ʾannāā","INTG","a2ny","15","2:223:6","How","auto"
"aany-i2ny","إِنَىٰهُ","إِنَىٰ","Any","اني","ʾināā","noun","i2ny","1","33:53:16","its preparation","auto"
"aany-ya2n","يَأْنِ","يَأْنِ","Any","اني","yaʾni","verb","ya2n","1","57:16:2","come (the) time","auto"
"aarD-a2rD","ٱلْأَرْضِ","أَرْض","ArD","ارض","ʾarḍ","noun","a2rD","461","2:11:7","the earth","auto"
"aarb-i2rb@","ٱلْإِرْبَةِ","إِرْبَة","Arb","ارب","ʾirba","noun","i2rb@","1","24:31:52","having no physical desire","auto"
"aarb-maarb","مَـَٔارِبُ","مَـَٕارِب","Arb","ارب","maārib","noun","maarb","1","20:18:12","(are) uses","auto"
"aark-a2raay2k","ٱلْأَرَآئِكِ","أَرَأئِك","Ark","ارك","ʾarāʾik","noun","a2raay2k","5","18:31:24","adorned couches","auto"
"aasf-2aasf","ءَاسَفُونَا","ءَاسَفُ","Asf","اسف","ʾāsafu","verb","2aasf","1","43:55:2","they angered Us","auto"
"aasf-a2sf","أَسِفًۭا","أَسِف","Asf","اسف","ʾasif","noun","a2sf","4","7:150:7","and grieved","auto"
"aashr-a2shr","أَشِرٌۭ","أَشِر","A$r","اشر","ʾašir","adjective","a2shr","2","54:25:9","insolent","auto"
"aasn-2aasn","ءَاسِنٍۢ","ءَاسِن","Asn","اسن","ʾāsin","noun","2aasn","1","47:15:11","polluted","auto"
"aasr-a2sr","أَسْرَهُمْ","أَسْر","Asr","اسر","ʾasr","noun","a2sr","1","76:28:4","their forms","auto"
"aasr-a2syr","أُسَٰرَىٰ","أَسِير","Asr","اسر","ʾasīr","noun","a2syr","4","2:85:17","(as) captives","auto"
"aasr-ta2sr","وَتَأْسِرُونَ","تَأْسِرُ","Asr","اسر","taʾsiru","verb","ta2sr","1","33:26:15","and you took captive","auto"
"aass-a2ss","أُسِّسَ","أَسَّسَ","Ass","اسس","ʾassasa","verb","a2ss","3","9:108:6","founded","auto"
"aasw-a2sw@","أُسْوَةٌ","أُسْوَة","Asw","اسو","ʾuswa","noun","a2sw@","3","33:21:7","an example","auto"
"aasw-ta2s","تَأْسَ","تَأْسَ","Asw","اسو","taʾsa","verb","ta2s","4","5:26:11","grieve","auto"
"aathl-a2thl","وَأَثْلٍۢ","أَثْل","Avl","اثل","ʾaṯl","noun","a2thl","1","34:16:12","and tamarisks","auto"
"aathm-a2thaam","أَثَامًۭا","أَثَام","Avm","اثم","ʾaṯām","noun","a2thaam","1","25:68:22","a penalty","auto"
"aathm-a2thym","أَثِيمٍ","أَثِيم","Avm","اثم","ʾaṯīm","adjective","a2thym","7","2:276:11","sinful","auto"
"aathm-aathm","ءَاثِمٌۭ","أثِم","Avm","اثم","āṯim","noun","aathm","3","2:283:27","(is) sinful","auto"
"aathm-i2thm","بِٱلْإِثْمِ","إِثْم","Avm","اثم","ʾiṯm","noun","i2thm","35","2:85:13","sin","auto"
"aathm-ta2thym","تَأْثِيمٌۭ","تَأْثِيم","Avm","اثم","taʾṯīm","noun","ta2thym","2","52:23:8","sin","auto"
"aathr-a2thr","ءَاثَٰرِهِم","أَثَر","Avr","اثر","ʾaṯar","noun","a2thr","14","5:46:3","their footsteps","auto"
"aathr-a2thr@","أَثَٰرَةٍۢ","أَثَٰرَة","Avr","اثر","ʾaṯāra","noun","a2thr@","1","46:4:24","a trace","auto"
"aathr-aathr","ءَاثَرَكَ","أثَرَ","Avr","اثر","āṯara","verb","aathr","5","12:91:4","Allah has preferred you","auto"
"aathr-yw2thr","يُؤْثَرُ","يُؤْثَرُ","Avr","اثر","yuʾṯaru","verb","yw2thr","1","74:24:6","imitated","auto"
"aathth-a2thth","أَثَٰثًۭا","أَثَٰث","Avv","اثث","ʾaṯāṯ","noun","a2thth","2","16:80:22","(is) furnishing","auto"
"aaty-a2ty","فَأْتُوا۟","أَتَى","Aty","اتي","ʾatā","verb","a2ty","264","2:23:9","comes to them","auto"
"aaty-aaty","وَءَاتُوا۟","أتَى","Aty","اتي","ātā","verb","aaty","280","2:43:3","were given","auto"
"aaty-i2ytaa2","وَإِيتَآئِ","إِيتَاءٌ","Aty","اتي","ʾītāʾun","noun","i2ytaa2","3","16:90:6","and giving","auto"
"aaty-ma2ty","مَأْتِيًّۭا","مَأْتِيٌّ","Aty","اتي","maʾtīyun","noun","ma2ty","1","19:61:11","sure to come","auto"
"aaty-mw2twn","وَٱلْمُؤْتُونَ","مُؤْتُون","Aty","اتي","muʾtūn","noun","mw2twn","1","4:162:17","and the ones who give","auto"
"aawb-a2waab","لِلْأَوَّٰبِينَ","أَوَّاب","Awb","اوب","ʾawwāb","noun","a2waab","6","17:25:11","repeatedly turning","auto"
"aawb-a2wb","أَوِّبِى","أَوِّبِ","Awb","اوب","ʾawwibi","verb","a2wb","1","34:10:7","Repeat praises","auto"
"aawb-i2yaab","إِيَابَهُمْ","إِيَاب","Awb","اوب","ʾiyāb","noun","i2yaab","1","88:25:3","(will be) their return","auto"
"aawb-maab","ٱلْمَـَٔابِ","مَـَٕاب","Awb","اوب","maāb","noun","maab","9","3:14:24","place of return","auto"
"aawd-ywd","يَـُٔودُهُۥ","يَـُٕودُ","Awd","اود","yaūdu","verb","ywd","1","2:255:46","tires Him","auto"
"aawh-a2wh","لَأَوَّٰهٌ","أَوَّٰه","Awh","اوه","ʾawwāh","noun","a2wh","2","9:114:21","(was) compassionate","auto"
"aawl-2aal","ءَالِ","ءَال","Awl","اول","ʾāl","noun","2aal","26","2:49:4","(the) people","auto"
"aawl-a2wl","أَوَّلَ","أَوَّل","Awl","اول","ʾawwal","noun","a2wl","82","2:41:9","(of) the former (people)","auto"
"aawl-a2wly","يَٰٓأُو۟لِى","أُولِى","Awl","اول","ʾūliā","noun","a2wly","45","2:179:5","O men","auto"
"aawl-ta2wyl","تَأْوِيلِهِۦ","تَأْوِيل","Awl","اول","taʾwīl","noun","ta2wyl","17","3:7:26","its interpretation","auto"
"aawy-2aawy","فَـَٔاوَىٰكُمْ","ءَاوَىٰٔ","Awy","اوي","ʾāwāā","verb","2aawy","9","8:26:12","gave shelter","auto"
"aawy-a2wy","سَـَٔاوِىٓ","أَوَى","Awy","اوي","ʾawā","verb","a2wy","5","11:43:2","I will betake myself","auto"
"aawy-ma2wy","وَمَأْوَىٰهُمُ","مَأْوَىٰ","Awy","اوي","maʾwāā","noun","ma2wy","22","3:151:15","and his abode","auto"
"aayd-a2yd","وَأَيَّدْنَٰهُ","أَيَّدَ","Ayd","ايد","ʾayyada","verb","a2yd","9","2:87:14","and We supported him","auto"
"aayd-a2yyd","ٱلْأَيْدِ","أَيْيد","Ayd","ايد","ʾayyd","noun","a2yyd","2","38:17:9","the possessor of strength","auto"
"aaym-a2ymy","ٱلْأَيَٰمَىٰ","أَيَٰمَىٰ","Aym","ايم","ʾayāmāā","noun","a2ymy","1","24:32:2","the single","auto"
"aayy-2aay@","بِـَٔايَٰتِنَآ","ءَايَة","Ayy","ايي","ʾāya","noun","2aay@","382","2:39:4","Our Signs","auto"
"aazf-2aazf@","ٱلْـَٔازِفَةِ","ءَازِفَة","Azf","ازف","ʾāzifa","noun","2aazf@","2","40:18:3","the Approaching","auto"
"aazf-a2zft","أَزِفَتِ","أَزِفَتِ","Azf","ازف","ʾazifati","verb","a2zft","1","53:57:1","Has approached","auto"
"aazr-a2zr","أَزْرِى","أَزْر","Azr","ازر","ʾazr","noun","a2zr","1","20:31:3","my strength","auto"
"aazr-aazr","فَـَٔازَرَهُۥ","أزَرَ","Azr","ازر","āzara","verb","aazr","1","48:29:35","then strengthens it","auto"
"aazz-a2z","أَزًّۭا","أَزّ","Azz","ازز","ʾazz","noun","a2z","1","19:83:9","(with) incitement","auto"
"aazz-tw2z","تَؤُزُّهُمْ","تَؤُزُّ","Azz","ازز","taʾuzzu","verb","tw2z","1","19:83:8","inciting them","auto"
"abaa-yabw2aa","يَعْبَؤُا۟","يَعْبَؤُاۤ","EbA","عبا","yaʿbaʾuā","verb","yabw2aa","1","25:77:3","will care","auto"
"abd-aabd","عَٰبِدُونَ","عَابِد","Ebd","عبد","ʿābid","noun","aabd","11","2:138:10","(are) worshippers","auto"
"abd-abaadt","عِبَادَتِهِۦ","عِبَادَت","Ebd","عبد","ʿibādat","noun","abaadt","9","4:172:14","His worship","auto"
"abd-abd","نَعْبُدُ","عَبَدَ","Ebd","عبد","ʿabada","verb","abd","254","1:5:2","His slaves","auto"
"abd-abdt","عَٰبِدَٰتٍۢ","عَٰبِدَٰت","Ebd","عبد","ʿābidāt","adjective","abdt","1","66:5:14","who worship","auto"
"abqr-abqry","وَعَبْقَرِىٍّ","عَبْقَرِىّ","Ebqr","عبقر","ʿabqariāā","noun","abqry","1","55:76:5","and carpets","auto"
"abr-aabry","عَابِرِى","عَابِرِى","Ebr","عبر","ʿābiriā","noun","aabry","1","4:43:16","(when) passing","auto"
"abr-aatbr","فَٱعْتَبِرُوا۟","ٱعْتَبِرُ","Ebr","عبر","āʿtabiru","verb","aatbr","1","59:2:38","So take a lesson","auto"
"abr-abr@","لَعِبْرَةًۭ","عِبْرَة","Ebr","عبر","ʿibra","noun","abr@","6","3:13:27","surely (is) a lesson","auto"
"abr-tabr","تَعْبُرُونَ","تَعْبُرُ","Ebr","عبر","taʿburu","verb","tabr","1","12:43:24","interpret","auto"
"abs-abs","عَبَسَ","عَبَسَ","Ebs","عبس","ʿabasa","verb","abs","2","74:22:2","he frowned","auto"
"abs-abws","عَبُوسًۭا","عَبُوس","Ebs","عبس","ʿabūs","adjective","abws","1","76:10:6","harsh","auto"
"abth-abth","عَبَثًۭا","عَبَث","Ebv","عبث","ʿabaṯ","noun","abth","1","23:115:4","uselessly","auto"
"abth-tabth","تَعْبَثُونَ","تَعْبَثُ","Ebv","عبث","taʿbaṯu","verb","tabth","1","26:128:5","amusing yourselves","auto"
"add-a2ad","أُعِدَّتْ","أَعَدَّ","Edd","عدد","ʾaʿadda","verb","a2ad","20","2:24:12","prepared","auto"
"add-aadyn","ٱلْعَآدِّينَ","عَأدِّين","Edd","عدد","ʿāddīn","noun","aadyn","1","23:113:8","those who keep count","auto"
"add-ad","تَعُدُّوا۟","عَدَّ","Edd","عدد","ʿadda","verb","ad","9","14:34:7","you count","auto"
"add-ad@","فَعِدَّةٌۭ","عِدَّة","Edd","عدد","ʿidda","noun","ad@","12","2:184:10","their number","auto"
"add-add","عَدَدَ","عَدَد","Edd","عدد","ʿadad","noun","add","7","10:5:11","(in) number","auto"
"add-madwd","مَّعْدُودٍۢ","مَّعْدُود","Edd","عدد","maʿdūd","noun","madwd","1","11:104:5","limited","auto"
"add-madwd@","مَّعْدُودَةًۭ","مَّعْدُودَة","Edd","عدد","maʿdūda","adjective","madwd@","6","2:80:7","numbered","auto"
"add-tatd","تَعْتَدُّونَهَا","تَعْتَدُّ","Edd","عدد","taʿtaddu","verb","tatd","1","33:49:18","(to) count concerning them","auto"
"adhb-adhaab","عَذَابٌ","عَذَاب","E*b","عذب","ʿaḏāb","noun","adhaab","322","2:7:11","the punishment","auto"
"adhb-adhb","وَيُعَذِّبُ","عَذَّبَ","E*b","عذب","ʿaḏḏaba","verb","adhb","43","2:284:21","and punishes","auto"
"adhb-madhb","مُعَذِّبُهُمْ","مُعَذِّب","E*b","عذب","muʿaḏḏib","noun","madhb","4","7:164:11","punish them","auto"
"adhb-madhbyn","بِمُعَذَّبِينَ","مُعَذَّبِين","E*b","عذب","muʿaḏḏabīn","noun","madhbyn","4","26:138:3","will be punished","auto"
"adhr-adhr","عُذْرًۭا","عُذْر","E*r","عذر","ʿuḏr","noun","adhr","2","18:76:13","an excuse","auto"
"adhr-maadhyr","مَعَاذِيرَهُۥ","مَعَاذِير","E*r","عذر","maʿāḏīr","noun","maadhyr","1","75:15:3","his excuses","auto"
"adhr-madhr@","مَعْذِرَةً","مَعْذِرَة","E*r","عذر","maʿḏira","noun","madhr@","3","7:164:15","To be absolved","auto"
"adhr-madhrwn","ٱلْمُعَذِّرُونَ","مُعَذِّرُون","E*r","عذر","muʿaḏḏirūn","noun","madhrwn","1","9:90:2","the ones who make excuses","auto"
"adhr-yatdhr","تَعْتَذِرُوا۟","يَعْتَذِرُ","E*r","عذر","yaʿtaḏiru","verb","yatdhr","5","9:66:2","make excuse","auto"
"adl-adl","عَدْلٌۭ","عَدْل","Edl","عدل","ʿadl","noun","adl","28","2:48:16","with justice","auto"
"ads-ads","وَعَدَسِهَا","عَدَس","Eds","عدس","ʿadas","noun","ads","1","2:61:21","[and] its lentils","auto"
"adw-aad","عَادٍۢ","عَاد","Edw","عدو","ʿād","noun","aad","6","2:173:18","transgressing","auto"
"adw-aady","عَادَيْتُم","عَادَيْ","Edw","عدو","ʿāday","verb","aady","1","60:7:8","you have been enemies","auto"
"adw-aatdy","يَعْتَدُونَ","ٱعْتَدَىٰ","Edw","عدو","āʿtadāā","verb","aatdy","15","2:61:59","transgressed","auto"
"adw-adw","عَدُوٌّۭ","عَدُوّ","Edw","عدو","ʿadūw","noun","adw","52","2:36:12","an enemy","auto"
"adw-adw@","ٱلْعَدَاوَةَ","عَدَٰوَة","Edw","عدو","ʿadāwa","noun","adw@","8","5:14:15","[the] enmity","auto"
"adw-adwn","وَٱلْعُدْوَٰنِ","عُدْوَٰن","Edw","عدو","ʿudwān","noun","adwn","8","2:85:14","and [the] transgression","auto"
"adw-adyt","بِسْمِ","عَٰدِيَٰت","Edw","عدو","ʿādiyāt","noun","adyt","1","100:1:1","By the racers","auto"
"adw-matd","مُعْتَدٍۢ","مُعْتَد","Edw","عدو","muʿtad","noun","matd","3","50:25:3","transgressor","auto"
"adw-matdyn","ٱلْمُعْتَدِينَ","مُعْتَدِين","Edw","عدو","muʿtadīn","noun","matdyn","6","2:190:13","the transgressors","auto"
"adw-yad","تَعْدُوا۟","يَعْدُ","Edw","عدو","yaʿdu","verb","yad","3","4:154:13","transgress","auto"
"adw-ytad","يَتَعَدَّ","يَتَعَدَّ","Edw","عدو","yataʿadda","verb","ytad","3","2:229:41","transgresses","auto"
"aff-taff","ٱلتَّعَفُّفِ","تَّعَفُّف","Eff","عفف","taʿaffuf","noun","taff","1","2:273:16","(their) restraint","auto"
"aff-ystaff","فَلْيَسْتَعْفِفْ","يَسْتَعْفِفْ","Eff","عفف","yastaʿfif","verb","ystaff","3","4:6:23","then he should refrain","auto"
"afr-afryt","عِفْرِيتٌۭ","عِفْرِيت","Efr","عفر","ʿifrīt","noun","afryt","1","27:39:2","a strong one","auto"
"afw-aafyn","وَٱلْعَافِينَ","عَافِين","Efw","عفو","ʿāfīn","noun","aafyn","1","3:134:8","and those who pardon","auto"
"afw-afaa","عَفَوْنَا","عَفَا","Efw","عفو","ʿafā","verb","afaa","27","2:52:2","pardon","auto"
"afw-afw","ٱلْعَفْوَ","عَفْو","Efw","عفو","ʿafw","noun","afw","7","2:219:19","Oft-Pardoning","auto"
"ahd-ahd","عَهْدَ","عَهْد","Ehd","عهد","ʿahd","noun","ahd","46","2:27:3","the covenant","auto"
"ahn-ahn","كَٱلْعِهْنِ","عِهْن","Ehn","عهن","ʿihn","noun","ahn","2","70:9:3","like wool","auto"
"ajb-a2ajb","يُعْجِبُكَ","أَعْجَبَ","Ejb","عجب","ʾaʿǧaba","verb","a2ajb","11","2:204:4","pleases you","auto"
"ajb-ajaab","عُجَابٌۭ","عُجَاب","Ejb","عجب","ʿuǧāb","adjective","ajaab","1","38:5:8","curious","auto"
"ajb-ajb","أَوَعَجِبْتُمْ","عَجِبُ","Ejb","عجب","ʿaǧibu","verb","ajb","13","7:63:1","Do you wonder","auto"
"ajb-ajyb","عَجِيبٌۭ","عَجِيب","Ejb","عجب","ʿaǧīb","adjective","ajyb","2","11:72:12","amazing","auto"
"ajf-ajaaf","عِجَافٌۭ","عِجَاف","Ejf","عجف","ʿiǧāf","adjective","ajaaf","2","12:43:10","lean ones","auto"
"ajl-a2ajl","أَعْجَلَكَ","أَعْجَلَ","Ejl","عجل","ʾaʿǧala","verb","a2ajl","1","20:83:2","made you hasten","auto"
"ajl-aajl@","ٱلْعَاجِلَةَ","عَاجِلَةٌ","Ejl","عجل","ʿāǧilaun","noun","aajl@","3","17:18:4","the immediate","auto"
"ajl-aastajaal","ٱسْتِعْجَالَهُم","ٱسْتِعْجَال","Ejl","عجل","āstiʿǧāl","noun","aastajaal","1","10:11:6","(as) He hastens for them","auto"
"ajl-aastajl","تَسْتَعْجِلُونَ","ٱسْتَعْجَلَ","Ejl","عجل","āstaʿǧala","verb","aastajl","19","6:57:12","you seek to hasten","auto"
"ajl-ajl","ٱلْعِجْلَ","عِجْل","Ejl","عجل","ʿiǧl","noun","ajl","21","2:51:8","the calf","auto"
"ajl-ajwl","عَجُولًۭا","عَجُول","Ejl","عجل","ʿaǧūl","adjective","ajwl","1","17:11:8","ever hasty","auto"
"ajl-tajl","تَعَجَّلَ","تَعَجَّلَ","Ejl","عجل","taʿaǧǧala","verb","tajl","1","2:203:7","hurries","auto"
"ajm-a2ajmy","أَعْجَمِىٌّۭ","أَعْجَمِىّ","Ejm","عجم","ʾaʿǧamiāā","noun","a2ajmy","3","16:103:12","(is) foreign","auto"
"ajm-a2ajmyn","ٱلْأَعْجَمِينَ","أَعْجَمِين","Ejm","عجم","ʾaʿǧamīn","noun","a2ajmyn","1","26:198:5","(of) the non-Arabs","auto"
"ajz-a2ajaaz","أَعْجَازُ","أَعْجَاز","Ejz","عجز","ʾaʿǧāz","noun","a2ajaaz","2","54:20:4","trunks","auto"
"ajz-ajwz","عَجُوزٌۭ","عَجُوز","Ejz","عجز","ʿaǧūz","noun","ajwz","4","11:72:5","an old woman","auto"
"ajz-ajz","أَعَجَزْتُ","عَجَزْ","Ejz","عجز","ʿaǧaz","verb","ajz","1","5:31:14","Am I unable","auto"
"ajz-majz","بِمُعْجِزِينَ","مُعْجِز","Ejz","عجز","muʿǧiz","noun","majz","12","6:134:7","escape","auto"
"ajz-majzyn","مُعَٰجِزِينَ","مُعَٰجِزِين","Ejz","عجز","muʿāǧizīn","noun","majzyn","3","22:51:5","(to) cause failure","auto"
"ajz-yajz","يُعْجِزُونَ","يُعْجِزَ","Ejz","عجز","yuʿǧiza","verb","yajz","4","8:59:8","escape","auto"
"akf-aakf","وَٱلْعَٰكِفِينَ","عَاكِف","Ekf","عكف","ʿākif","noun","aakf","7","2:125:20","devoted","auto"
"akf-makwf","مَعْكُوفًا","مَعْكُوف","Ekf","عكف","maʿkūf","noun","makwf","1","48:25:9","(was) prevented","auto"
"akf-yakf","يَعْكُفُونَ","يَعْكُفُ","Ekf","عكف","yaʿkufu","verb","yakf","1","7:138:8","devoted","auto"
"alm-a2alm","أَعْلَمُ","أَعْلَم","Elm","علم","ʾaʿlam","noun","a2alm","51","2:140:15","(is) most knowing","auto"
"alm-alm","يَعْلَمُونَ","عَلِمَ","Elm","علم","ʿalima","verb","alm","550","2:13:19","know","auto"
"alm-almt","وَعَلَٰمَٰتٍۢ","عَلَٰمَٰت","Elm","علم","ʿalāmāt","noun","almt","1","16:16:1","And landmarks","auto"
"alm-almyn","ٱلْعَٰلَمِينَ","عَٰلَمِين","Elm","علم","ʿālamīn","noun","almyn","73","1:2:4","(of) the worlds","auto"
"alm-alym","عَلِيمٌۭ","عَلِيم","Elm","علم","ʿalīm","noun","alym","163","2:29:19","(is) All-Knower","auto"
"alm-malm","مُعَلَّمٌۭ","مُعَلَّم","Elm","علم","muʿallam","noun","malm","1","44:14:5","One taught","auto"
"alm-malwm","مَّعْلُومٌۭ","مَّعْلُوم","Elm","علم","maʿlūm","noun","malwm","11","15:4:8","known","auto"
"alm-malwmt","مَّعْلُومَٰتٌۭ","مَّعْلُومَٰت","Elm","علم","maʿlūmāt","adjective","malwmt","2","2:197:3","well known","auto"
"alm-ytalm","فَيَتَعَلَّمُونَ","يَتَعَلَّمُ","Elm","علم","yataʿallamu","verb","ytalm","2","2:102:35","But they learn","auto"
"aln-a2aln","يُعْلِنُونَ","أَعْلَن","Eln","علن","ʾaʿlan","verb","a2aln","12","2:77:9","they declare","auto"
"aln-alaany@","وَعَلَانِيَةًۭ","عَلَانِيَة","Eln","علن","ʿalāniya","noun","alaany@","4","2:274:7","and openly","auto"
"alq-alq","عَلَقٍ","عَلَق","Elq","علق","ʿalaq","noun","alq","1","96:2:4","a clinging substance","auto"
"alq-alq@","عَلَقَةٍۢ","عَلَقَة","Elq","علق","ʿalaqa","noun","alq@","5","22:5:18","a clinging substance","auto"
"alq-malq@","كَٱلْمُعَلَّقَةِ","مُعَلَّقَة","Elq","علق","muʿallaqa","noun","malq@","1","4:129:14","like the suspended one","auto"
"alw-a2alwn","ٱلْأَعْلَوْنَ","أَعْلَوْن","Elw","علو","ʾaʿlawn","noun","a2alwn","2","3:139:6","[the] superior","auto"
"alw-a2aly","ٱلْأَعْلَىٰ","أَعْلَىٰ","Elw","علو","ʾaʿlāā","noun","a2aly","9","16:60:9","the Most High","auto"
"alw-aal","لَعَالٍۢ","عَال","Elw","علو","ʿāl","noun","aal","1","10:83:17","(was) a tyrant","auto"
"alw-aaly","عَٰلِيَهَا","عَالِي","Elw","علو","ʿālī","noun","aaly","4","11:82:5","its upside","auto"
"alw-aaly@","عَالِيَةٍۢ","عَالِيَة","Elw","علو","ʿāliya","adjective","aaly@","2","69:22:3","elevated","auto"
"alw-aalyn","عَالِينَ","عَالِين","Elw","علو","ʿālīn","adjective","aalyn","2","23:46:7","haughty","auto"
"alw-aastaly","ٱسْتَعْلَىٰ","ٱسْتَعْلَىٰ","Elw","علو","āstaʿlāā","verb","aastaly","1","20:64:10","overcomes","auto"
"alw-alw","عُلُوًّۭا","عُلُوّ","Elw","علو","ʿulūw","noun","alw","4","17:4:12","haughtiness","auto"
"alw-aly","ٱلْعَلِىُّ","عَلِيّ","Elw","علو","ʿalīy","noun","aly","11","2:255:49","(is) the Most High","auto"
"alw-alyaa","ٱلْعُلْيَا","عُلْيَا","Elw","علو","ʿulyā","noun","alyaa","3","9:40:40","[the] high","auto"
"alw-alyyn","عِلِّيِّينَ","عِلِّيِّين","Elw","علو","ʿillīyīn","noun","alyyn","2","83:18:6","Illiyin","auto"
"alw-mtaal","ٱلْمُتَعَالِ","مُتَعَال","Elw","علو","mutaʿāl","noun","mtaal","1","13:9:5","the Most High","auto"
"alw-taal","تَعَالَوْا۟","تَعَالَ","Elw","علو","taʿāla","verb","taal","8","3:61:11","Come","auto"
"alw-taly","وَتَعَٰلَىٰ","تَعَٰلَىٰ","Elw","علو","taʿālāā","verb","taly","20","6:100:13","and Exalted","auto"
"amd-amaad","ٱلْعِمَادِ","عِمَاد","Emd","عمد","ʿimād","noun","amaad","1","89:7:3","lofty pillars","auto"
"amd-amd","عَمَدٍۢ","عَمَد","Emd","عمد","ʿamad","noun","amd","3","13:2:6","pillars","auto"
"amd-mtamd","مُّتَعَمِّدًۭا","مُّتَعَمِّد","Emd","عمد","mutaʿammid","noun","mtamd","2","4:93:4","intentionally","auto"
"amd-tamdt","تَعَمَّدَتْ","تَعَمَّدَتْ","Emd","عمد","taʿammadat","verb","tamdt","1","33:5:23","intended","auto"
"amh-yamh","يَعْمَهُونَ","يَعْمَهُ","Emh","عمه","yaʿmahu","verb","yamh","7","2:15:7","wandering blindly","auto"
"aml-aaml@","عَامِلَةٌۭ","عَامِلَة","Eml","عمل","ʿāmila","adjective","aaml@","1","88:3:1","Laboring","auto"
"aml-aml","وَعَمِلُوا۟","عَمِلَ","Eml","عمل","ʿamila","verb","aml","359","2:25:4","do","auto"
"amm-am","أَعْمَٰمِكُمْ","عَمّ","Emm","عمم","ʿamm","noun","am","2","24:61:34","(of) your paternal uncles","auto"
"amm-amt","وَعَمَّٰتُكُمْ","عَمَّٰت","Emm","عمم","ʿammāt","noun","amt","3","4:23:6","(of) your paternal aunts","auto"
"amq-amyq","عَمِيقٍۢ","عَمِيق","Emq","عمق","ʿamīq","adjective","amyq","1","22:27:14","distant","auto"
"amr-aastamr","وَٱسْتَعْمَرَكُمْ","ٱسْتَعْمَرَ","Emr","عمر","āstaʿmara","verb","aastamr","1","11:61:18","and settled you","auto"
"amr-aatmr","ٱعْتَمَرَ","ٱعْتَمَرَ","Emr","عمر","āʿtamara","verb","aatmr","1","2:158:11","performs Umrah","auto"
"amr-amaar@","وَعِمَارَةَ","عِمَارَة","Emr","عمر","ʿimāra","noun","amaar@","1","9:19:4","and (the) maintenance","auto"
"amr-amr","يَعْمُرُوا۟","عَمَرُ","Emr","عمر","ʿamaru","verb","amr","12","9:17:5","the life","auto"
"amr-amr@","وَٱلْعُمْرَةَ","عُمْرَة","Emr","عمر","ʿumra","noun","amr@","2","2:196:3","and the Umrah","auto"
"amr-mamr","مُّعَمَّرٍۢ","مُّعَمَّر","Emr","عمر","muʿammar","noun","mamr","1","35:11:22","aged person","auto"
"amr-mamwr","ٱلْمَعْمُورِ","مَعْمُور","Emr","عمر","maʿmūr","noun","mamwr","1","52:4:2","frequented","auto"
"amr-yamr","يُعَمَّرُ","يُعَمَّرُ","Emr","عمر","yuʿammaru","verb","yamr","5","2:96:12","he could be granted a life","auto"
"amy-a2amy","عُمْىٌۭ","أَعْمَىٰ","Emy","عمي","ʾaʿmāā","noun","a2amy","21","2:18:3","the blind","auto"
"amy-amwn","عَمِينَ","عَمُون","Emy","عمي","ʿamūn","adjective","amwn","2","7:64:14","blind","auto"
"amy-amy","فَعَمُوا۟","عَمِىَ","Emy","عمي","ʿamiāa","verb","amy","9","5:71:5","(are) blinded","auto"
"amy-amyt","فَعُمِّيَتْ","عُمِّيَتْ","Emy","عمي","ʿummiyat","verb","amyt","1","11:28:14","but (it) has been obscured","auto"
"anb-anb","وَأَعْنَابٍۢ","عِنَب","Enb","عنب","ʿinab","noun","anb","11","2:266:9","and grapevines","auto"
"and-and","عِندَ","عِند","End","عند","ʿind","location","and","184","2:54:19","near","auto"
"and-anyd","عَنِيدٍۢ","عَنِيد","End","عند","ʿanīd","adjective","anyd","4","11:59:12","obstinate","auto"
"ankb-ankbwt","ٱلْعَنكَبُوتِ","عَنكَبُوت","Enkb","عنكب","ʿankabūt","noun","ankbwt","2","29:41:9","the spider","auto"
"anq-anq","ٱلْأَعْنَاقِ","عُنُق","Enq","عنق","ʿunuq","noun","anq","9","8:12:19","their necks","auto"
"ant-a2ant","لَأَعْنَتَكُمْ","أَعْنَتَ","Ent","عنت","ʾaʿnata","verb","a2ant","1","2:220:22","surely He (could have) put you in difficulties","auto"
"ant-an","عَنِتُّمْ","عَنِ","Ent","عنت","ʿani","verb","an","3","3:118:14","distresses you","auto"
"ant-ant","ٱلْعَنَتَ","عَنَت","Ent","عنت","ʿanat","noun","ant","1","4:25:50","committing sin","auto"
"anw-ant","وَعَنَتِ","عَنَتِ","Enw","عنو","ʿanati","verb","ant","1","20:111:1","And (will be) humbled","auto"
"aqb-a2aqb","فَأَعْقَبَهُمْ","أَعْقَبَ","Eqb","عقب","ʾaʿqaba","verb","a2aqb","1","9:77:1","So He penalized them","auto"
"aqb-aaqb","عَاقَبْتُمْ","عَاقَبَ","Eqb","عقب","ʿāqaba","verb","aaqb","6","16:126:2","you retaliate","auto"
"aqb-aqaab","ٱلْعِقَابِ","عِقَاب","Eqb","عقب","ʿiqāb","noun","aqaab","20","2:196:73","(in) the penalty","auto"
"aqb-aqb","عَقِبَيْهِ","عَقِب","Eqb","عقب","ʿaqib","noun","aqb","9","2:143:27","his heels","auto"
"aqb-aqb@","عَٰقِبَةُ","عَٰقِبَة","Eqb","عقب","ʿāqiba","noun","aqb@","34","3:137:12","(the) end","auto"
"aqb-aqby","عُقْبَى","عُقْبَى","Eqb","عقب","ʿuqbā","noun","aqby","6","13:22:18","(is) the final attainment","auto"
"aqb-maqb","مُعَقِّبَ","مُعَقِّب","Eqb","عقب","muʿaqqib","noun","maqb","1","13:41:12","adjuster","auto"
"aqb-maqbt","مُعَقِّبَٰتٌۭ","مُعَقِّبَٰت","Eqb","عقب","muʿaqqibāt","noun","maqbt","1","13:11:2","(are) successive (Angels)","auto"
"aqb-yaqb","يُعَقِّبْ","يُعَقِّبْ","Eqb","عقب","yuʿaqqib","verb","yaqb","2","27:10:11","look back","auto"
"aqd-aqd","عَقَّدتُّمُ","عَقَّد","Eqd","عقد","ʿaqqad","verb","aqd","1","5:89:10","you contracted","auto"
"aqd-aqd@","عُقْدَةَ","عُقْدَة","Eqd","عقد","ʿuqda","noun","aqd@","4","2:235:29","the knot","auto"
"aqd-aqdt","عَقَدَتْ","عَقَدَتْ","Eqd","عقد","ʿaqadat","verb","aqdt","1","4:33:9","pledged","auto"
"aqd-aqwd","يَٰٓأَيُّهَا","عُقُود","Eqd","عقد","ʿuqūd","noun","aqwd","1","5:1:5","the contracts","auto"
"aql-aql","تَعْقِلُونَ","عَقَلُ","Eql","عقل","ʿaqalu","verb","aql","49","2:44:10","understand","auto"
"aqm-aqym","عَقِيمٍ","عَقِيم","Eqm","عقم","ʿaqīm","adjective","aqym","4","22:55:16","barren","auto"
"aqr-aaqr","عَاقِرٌۭ","عَاقِر","Eqr","عقر","ʿāqir","noun","aaqr","3","3:40:11","barren","auto"
"aqr-aqr","فَعَقَرُوا۟","عَقَرَ","Eqr","عقر","ʿaqara","verb","aqr","5","7:77:1","But they hamstrung her","auto"
"arD-a2arD","فَأَعْرِضُوا۟","أَعْرَضَ","ErD","عرض","ʾaʿraḍa","verb","a2arD","32","4:16:8","they turn away","auto"
"arD-aarD","عَارِضًۭا","عَارِض","ErD","عرض","ʿāriḍ","noun","aarD","2","46:24:3","(as) a cloud","auto"
"arD-arD","عَرَضَهُمْ","عَرَضَ","ErD","عرض","ʿaraḍa","verb","arD","22","2:31:6","its width","auto"
"arD-arD@","عُرْضَةًۭ","عُرْضَة","ErD","عرض","ʿurḍa","noun","arD@","1","2:224:4","an excuse","auto"
"arD-aryD","عَرِيضٍۢ","عَرِيض","ErD","عرض","ʿarīḍ","adjective","aryD","1","41:51:13","lengthy","auto"
"arD-i2araaD","إِعْرَاضًۭا","إِعْرَاض","ErD","عرض","ʾiʿrāḍ","noun","i2araaD","2","4:128:8","desertion","auto"
"arD-marDwn","مُّعْرِضُونَ","مُّعْرِضُون","ErD","عرض","muʿriḍūn","noun","marDwn","19","2:83:29","turn away","auto"
"arb-a2araab","ٱلْأَعْرَابِ","أَعْرَاب","Erb","عرب","ʾaʿrāb","noun","a2araab","10","9:90:4","the bedouins","auto"
"arb-arb","عُرُبًا","عُرُب","Erb","عرب","ʿurub","adjective","arb","1","56:37:1","Devoted","auto"
"arb-arby","عَرَبِيًّۭا","عَرَبِيّ","Erb","عرب","ʿarabīy","adjective","arby","11","12:2:4","(in) Arabic","auto"
"arf-a2araaf","ٱلْأَعْرَافِ","أَعْرَاف","Erf","عرف","ʾaʿrāf","noun","a2araaf","2","7:46:4","the heights","auto"
"arf-aatrf","ٱعْتَرَفُوا۟","ٱعْتَرَفُ","Erf","عرف","āʿtarafu","verb","aatrf","3","9:102:2","(who have) acknowledged","auto"
"arf-arf","عَرَفُوا۟","عَرَفَ","Erf","عرف","ʿarafa","verb","arf","24","2:89:20","they recognize","auto"
"arf-marwf","بِٱلْمَعْرُوفِ","مَّعْرُوف","Erf","عرف","maʿrūf","noun","marwf","38","2:178:22","in a fair manner","auto"
"arf-marwf@","مَّعْرُوفَةٌ","مَّعْرُوفَة","Erf","عرف","maʿrūfa","noun","marwf@","1","24:53:12","(is) known","auto"
"arf-ytaarf","يَتَعَارَفُونَ","يَتَعَارَفُ","Erf","عرف","yataʿārafu","verb","ytaarf","2","10:45:10","they will recognize each other","auto"
"arj-a2arj","ٱلْأَعْرَجِ","أَعْرَج","Erj","عرج","ʾaʿraǧ","noun","a2arj","2","24:61:7","the lame","auto"
"arj-maarj","وَمَعَارِجَ","مَعَارِج","Erj","عرج","maʿāriǧ","noun","maarj","2","43:33:15","and stairways","auto"
"arj-yarj","يَعْرُجُونَ","يَعْرُجُ","Erj","عرج","yaʿruǧu","verb","yarj","5","15:14:9","ascends","auto"
"arjn-arjwn","كَٱلْعُرْجُونِ","عُرْجُون","Erjn","عرجن","ʿurǧūn","noun","arjwn","1","36:39:6","like the date stalk","auto"
"arm-arm","ٱلْعَرِمِ","عَرِم","Erm","عرم","ʿarim","noun","arm","1","34:16:5","(of) the dam","auto"
"arr-mar@","مَّعَرَّةٌۢ","مَّعَرَّة","Err","عرر","maʿarra","noun","mar@","1","48:25:24","any harm","auto"
"arr-matr","وَٱلْمُعْتَرَّ","مُعْتَرّ","Err","عرر","muʿtarr","noun","matr","1","22:36:22","and the needy who ask","auto"
"arsh-arsh","عُرُوشِهَا","عَرْش","Er$","عرش","ʿarš","noun","arsh","29","2:259:9","the Throne","auto"
"arsh-marwsht","مَّعْرُوشَٰتٍۢ","مَّعْرُوشَٰت","Er$","عرش","maʿrūšāt","adjective","marwsht","2","6:141:5","trellised","auto"
"arsh-yarsh","يَعْرِشُونَ","يَعْرِشُ","Er$","عرش","yaʿrišu","verb","yarsh","2","7:137:29","erect","auto"
"arw-aatry","ٱعْتَرَىٰكَ","ٱعْتَرَىٰ","Erw","عرو","āʿtarāā","verb","aatry","1","11:54:4","have seized you","auto"
"arw-arw@","بِٱلْعُرْوَةِ","عُرْوَة","Erw","عرو","ʿurwa","noun","arw@","2","2:256:17","the handhold","auto"
"ary-araa2","بِٱلْعَرَآءِ","عَرَأء","Ery","عري","ʿarāʾ","noun","araa2","2","37:145:2","onto the open shore","auto"
"ary-tary","تَعْرَىٰ","تَعْرَىٰ","Ery","عري","taʿrāā","verb","tary","1","20:118:7","you will be unclothed","auto"
"asas-asas","عَسْعَسَ","عَسْعَسَ","EsEs","عسعس","ʿasʿasa","verb","asas","1","81:17:3","it departs","auto"
"ashr-aashr","وَعَاشِرُوهُنَّ","عَاشِرُ","E$r","عشر","ʿāširu","verb","aashr","1","4:19:22","And live with them","auto"
"ashr-ashaar","ٱلْعِشَارُ","عِشَار","E$r","عشر","ʿišār","noun","ashaar","1","81:4:2","the full-term she-camels","auto"
"ashr-ashr","وَعَشْرًۭا","عَشْر","E$r","عشر","ʿašr","noun","ashr","11","2:234:10","ten","auto"
"ashr-ashr@","عَشْرَةَ","عَشْرَة","E$r","عشر","ʿašra","noun","ashr@","5","2:60:12","(and) ten [i.e. twelve]","auto"
"ashr-ashrwn","عِشْرُونَ","عِشْرُون","E$r","عشر","ʿišrūn","noun","ashrwn","1","8:65:10","twenty","auto"
"ashr-ashyr","ٱلْعَشِيرُ","عَشِير","E$r","عشر","ʿašīr","noun","ashyr","1","22:13:10","friend","auto"
"ashr-ashyrt","وَعَشِيرَتُكُمْ","عَشِيرَت","E$r","عشر","ʿašīrat","noun","ashyrt","3","9:24:8","and your relatives","auto"
"ashr-mashaar","مِعْشَارَ","مِعْشَار","E$r","عشر","miʿšār","noun","mashaar","1","34:45:7","a tenth","auto"
"ashr-mashr","يَٰمَعْشَرَ","مَعْشَر","E$r","عشر","maʿšar","noun","mashr","3","6:128:4","O assembly","auto"
"ashw-ashaa2","عِشَآءًۭ","عِشَأء","E$w","عشو","ʿišāʾ","noun","ashaa2","2","12:16:3","early at night","auto"
"ashw-ashy","بِٱلْعَشِىِّ","عَشِىّ","E$w","عشو","ʿašiāā","noun","ashy","8","3:41:19","in the evening","auto"
"ashw-ashy@","عَشِيَّةً","عَشِيَّة","E$w","عشو","ʿašīya","noun","ashy@","1","79:46:7","an evening","auto"
"ashw-yash","يَعْشُ","يَعْشُ","E$w","عشو","yaʿšu","verb","yash","1","43:36:2","turns away","auto"
"asl-asl","عَسَلٍۢ","عَسَل","Esl","عسل","ʿasal","noun","asl","1","47:15:25","honey","auto"
"asr-asr","ٱلْعُسْرَ","عُسْر","Esr","عسر","ʿusr","noun","asr","6","2:185:35","the hardship","auto"
"asr-asr@","عُسْرَةٍۢ","عُسْرَة","Esr","عسر","ʿusra","noun","asr@","2","2:280:4","in difficulty","auto"
"asr-asry","لِلْعُسْرَىٰ","عُسْرَىٰ","Esr","عسر","ʿusrāā","noun","asry","1","92:10:2","towards [the] difficulty","auto"
"asr-asyr","عَسِيرًۭا","عَسِير","Esr","عسر","ʿasīr","adjective","asyr","2","25:26:9","difficult","auto"
"asr-taasr","تَعَاسَرْتُمْ","تَعَاسَرْ","Esr","عسر","taʿāsar","verb","taasr","1","65:6:29","you disagree","auto"
"asy-asy","وَعَسَىٰٓ","عَسَى","Esy","عسي","ʿasā","verb","asy","30","2:216:7","Perhaps","auto"
"atb-matbyn","ٱلْمُعْتَبِينَ","مُعْتَبِين","Etb","عتب","muʿtabīn","noun","matbyn","1","41:24:11","those who receive favor","auto"
"atb-ystatb","يُسْتَعْتَبُونَ","يَسْتَعْتِبُ","Etb","عتب","yastaʿtibu","verb","ystatb","4","16:84:14","will be asked to make amends","auto"
"atd-a2atdt","أَعْتَدْنَا","أَعْتَدَتْ","Etd","عتد","ʾaʿtadat","verb","a2atdt","14","4:18:21","We have prepared","auto"
"atd-atyd","عَتِيدٌۭ","عَتِيد","Etd","عتد","ʿatīd","adjective","atyd","2","50:18:8","ready","auto"
"athr-a2athr","أَعْثَرْنَا","أَعْثَرْ","Evr","عثر","ʾaʿṯar","verb","a2athr","1","18:21:2","We made known","auto"
"athr-athr","عُثِرَ","عُثِرَ","Evr","عثر","ʿuṯira","verb","athr","1","5:107:2","it is discovered","auto"
"athw-tath","تَعْثَوْا۟","تَعْثَ","Evw","عثو","taʿṯa","verb","tath","5","2:60:25","act wickedly","auto"
"atl-aatl","فَٱعْتِلُوهُ","ٱعْتِلُ","Etl","عتل","āʿtilu","verb","aatl","1","44:47:2","and drag him","auto"
"atl-atl","عُتُلٍّۭ","عُتُلّ","Etl","عتل","ʿutull","adjective","atl","1","68:13:1","Cruel","auto"
"atq-atyq","ٱلْعَتِيقِ","عَتِيق","Etq","عتق","ʿatīq","adjective","atyq","2","22:29:8","[the] Ancient","auto"
"atw-aaty@","عَاتِيَةٍۢ","عَاتِيَة","Etw","عتو","ʿātiya","adjective","aaty@","1","69:6:6","violent","auto"
"atw-at","وَعَتَوْا۟","عَتَ","Etw","عتو","ʿata","verb","at","5","7:77:3","and (were) insolent","auto"
"atw-atw","عُتُوًّۭا","عُتُوّ","Etw","عتو","ʿutūw","noun","atw","2","25:21:18","(with) insolence","auto"
"atw-aty","عِتِيًّۭا","عِتِيّ","Etw","عتو","ʿitīy","noun","aty","2","19:8:14","extreme","auto"
"awd-a2ayd","يُعِيدُهُۥ","أُعِيدُ","Ewd","عود","ʾuʿīdu","verb","a2ayd","18","10:4:11","repeats it","auto"
"awd-aad","عَادَ","عَادَ","Ewd","عود","ʿāda","verb","aad","42","2:275:39","Aad","auto"
"awd-aay2dwn","عَآئِدُونَ","عَأئِدُون","Ewd","عود","ʿāʾidūn","noun","aay2dwn","1","44:15:6","(will) return","auto"
"awd-ayd","عِيدًۭا","عِيد","Ewd","عود","ʿīd","noun","ayd","1","5:114:14","a festival","auto"
"awd-maad","مَعَادٍۢ","مَعَاد","Ewd","عود","maʿād","noun","maad","1","28:85:8","a place of return","auto"
"awdh-a2aydh","أُعِيذُهَا","أُعِيذُ","Ew*","عوذ","ʾuʿīḏu","verb","a2aydh","1","3:36:19","[I] seek refuge for her","auto"
"awdh-aastadh","فَٱسْتَعِذْ","ٱسْتَعِذْ","Ew*","عوذ","āstaʿiḏ","verb","aastadh","4","7:200:6","then seek refuge","auto"
"awdh-adh","أَعُوذُ","عُذْ","Ew*","عوذ","ʿuḏ","verb","adh","10","2:67:15","I seek refuge","auto"
"awdh-maadh","مَعَاذَ","مَعَاذ","Ew*","عوذ","maʿāḏ","noun","maadh","2","12:23:14","I seek refuge in Allah","auto"
"awj-awj","عِوَجًۭا","عِوَج","Ewj","عوج","ʿiwaǧ","noun","awj","9","3:99:12","crookedness","auto"
"awl-tawl","تَعُولُوا۟","تَعُولُ","Ewl","عول","taʿūlu","verb","tawl","1","4:3:28","you oppress","auto"
"awm-aam","عَامٍۢ","عَام","Ewm","عوم","ʿām","noun","aam","9","2:259:20","year(s)","auto"
"awn-a2aan","فَأَعِينُونِى","أَعَانَ","Ewn","عون","ʾaʿāna","verb","a2aan","2","18:95:7","but assist me","auto"
"awn-aastayn","نَسْتَعِينُ","ٱسْتَعِينُ","Ewn","عون","āstaʿīnu","verb","aastayn","4","1:5:4","Seek help","auto"
"awn-awaan","عَوَانٌۢ","عَوَان","Ewn","عون","ʿawān","noun","awaan","1","2:68:18","middle aged","auto"
"awn-mstaan","ٱلْمُسْتَعَانُ","مُسْتَعَان","Ewn","عون","mustaʿān","noun","mstaan","2","12:18:15","(is) the One sought for help","auto"
"awn-taawn","وَتَعَاوَنُوا۟","تَعَاوَنُ","Ewn","عون","taʿāwanu","verb","taawn","2","5:2:38","And help one another","auto"
"awq-mawqyn","ٱلْمُعَوِّقِينَ","مُعَوِّقِين","Ewq","عوق","muʿawwiqīn","noun","mawqyn","1","33:18:4","those who hinder","auto"
"awr-awr@","عَوْرَٰتِ","عَوْرَة","Ewr","عور","ʿawra","noun","awr@","4","24:31:61","private aspects","auto"
"ayb-a2ayb","أَعِيبَهَا","أَعِيبَ","Eyb","عيب","ʾaʿība","verb","a2ayb","1","18:79:10","I cause defect (in) it","auto"
"ayl-aay2l","عَآئِلًۭا","عَأئِل","Eyl","عيل","ʿāʾil","noun","aay2l","1","93:8:2","in need","auto"
"ayl-ayl@","عَيْلَةًۭ","عَيْلَة","Eyl","عيل","ʿayla","noun","ayl@","1","9:28:16","poverty","auto"
"ayn-ayn","عَيْنًۭا","عَيْن","Eyn","عين","ʿayn","noun","ayn","61","2:60:13","their eyes","auto"
"ayn-mayn","وَمَعِينٍۢ","مَّعِين","Eyn","عين","maʿīn","noun","mayn","4","23:50:11","and water springs","auto"
"ayr-ayr","ٱلْعِيرُ","عِير","Eyr","عير","ʿīr","noun","ayr","3","12:70:13","(in) the caravan","auto"
"aysh-aysh@","عِيشَةٍۢ","عِيشَة","Ey$","عيش","ʿīša","noun","aysh@","2","69:21:3","a life","auto"
"aysh-maash","مَعَاشًۭا","مَعَاش","Ey$","عيش","maʿāš","noun","maash","1","78:11:3","(for) livelihood","auto"
"aysh-maysh","مَعَٰيِشَ","مَعَٰيِش","Ey$","عيش","maʿāyiš","noun","maysh","2","7:10:8","livelihood","auto"
"aysh-maysh@","مَعِيشَةًۭ","مَعِيشَة","Ey$","عيش","maʿīša","noun","maysh@","3","20:124:7","(is) a life","auto"
"ayy-ayy","يَعْىَ","عَيِي","Eyy","عيي","ʿayī","verb","ayy","2","46:33:10","tired","auto"
"azb-yazb","يَعْزُبُ","يَعْزُبُ","Ezb","عزب","yaʿzubu","verb","yazb","2","10:61:22","escapes","auto"
"azl-aatzl","فَٱعْتَزِلُوا۟","ٱعْتَزَلَ","Ezl","عزل","āʿtazala","verb","aatzl","7","2:222:7","they withdraw from you","auto"
"azl-azl","عَزَلْتَ","عَزَلْ","Ezl","عزل","ʿazal","verb","azl","1","33:51:12","you (had) set aside","auto"
"azl-mazl","مَعْزِلٍۢ","مَعْزِل","Ezl","عزل","maʿzil","noun","mazl","1","11:42:12","apart","auto"
"azl-mazwlwn","لَمَعْزُولُونَ","مَعْزُولُون","Ezl","عزل","maʿzūlūn","noun","mazwlwn","1","26:212:4","(are) surely banished","auto"
"azm-azm","عَزَمُوا۟","عَزَمَ","Ezm","عزم","ʿazama","verb","azm","9","2:227:2","they resolve","auto"
"azr-azr","وَعَزَّرْتُمُوهُمْ","عَزَّرُ","Ezr","عزر","ʿazzaru","verb","azr","3","5:12:23","and you assist them","auto"
"azw-azyn","عِزِينَ","عِزِين","Ezw","عزو","ʿizīn","noun","azyn","1","70:37:5","(in) separate groups","auto"
"azz-a2az","أَعَزُّ","أَعَزّ","Ezz","عزز","ʾaʿazz","noun","a2az","3","11:92:4","mightier","auto"
"azz-az","عِزًّۭا","عِزّ","Ezz","عزز","ʿizz","noun","az","2","19:81:8","an honor","auto"
"azz-az@","ٱلْعِزَّةُ","عِزَّة","Ezz","عزز","ʿizza","noun","az@","11","2:206:7","the honor","auto"
"azz-azyz","ٱلْعَزِيزُ","عَزِيز","Ezz","عزز","ʿazīz","noun","azyz","101","2:129:15","(is) the All-Mighty","auto"
"azz-azz","فَعَزَّزْنَا","عَزَّزْ","Ezz","عزز","ʿazzaz","verb","azz","1","36:14:6","so We strengthened them","auto"
"azz-taz","وَتُعِزُّ","تُعِزُّ","Ezz","عزز","tuʿizzu","verb","taz","1","3:26:13","and You honor","auto"
"bDa-bDa","بِضْعَ","بِضْع","bDE","بضع","biḍʿ","noun","bDa","2","12:42:17","several","auto"
"bDa-bDa@","بِضَٰعَةًۭ","بِضَٰعَة","bDE","بضع","biḍāʿa","noun","bDa@","5","12:19:12","their merchandise","auto"
"bHr-bHr","ٱلْبَحْرَ","بَحْر","bHr","بحر","baḥr","noun","bHr","41","2:50:4","the sea","auto"
"bHr-bHyr@","بَحِيرَةٍۢ","بَحِيرَة","bHr","بحر","baḥīra","noun","bHyr@","1","5:103:5","a Bahirah","auto"
"bHth-ybHth","يَبْحَثُ","يَبْحَثُ","bHv","بحث","yabḥaṯu","verb","ybHth","1","5:31:4","it (was) scratching","auto"
"bSl-bSl","وَبَصَلِهَا","بَصَل","bSl","بصل","baṣal","noun","bSl","1","2:61:22","and its onions","auto"
"bSr-a2bSr","يُبْصِرُونَ","أَبْصَرَ","bSr","بصر","ʾabṣara","verb","a2bSr","29","2:17:17","see","auto"
"bSr-bSr","أَبْصَٰرِهِمْ","بَصَر","bSr","بصر","baṣar","noun","bSr","48","2:7:8","and the sight","auto"
"bSr-bSrt","بَصُرْتُ","بَصُرَتْ","bSr","بصر","baṣurat","verb","bSrt","3","20:96:2","I perceived","auto"
"bSr-bSyr","بَصِيرٌۢ","بَصِير","bSr","بصر","baṣīr","noun","bSyr","51","2:96:23","(is) All-Seer","auto"
"bSr-bSyr@","بَصَآئِرُ","بَصِيرَة","bSr","بصر","baṣīra","noun","bSyr@","7","6:104:3","enlightenment","auto"
"bSr-mbSr","مُّبْصِرُونَ","مُبْصِر","bSr","بصر","mubṣir","noun","mbSr","4","7:201:12","giving visibility","auto"
"bSr-mbSr@","مُبْصِرَةًۭ","مُبْصِرَة","bSr","بصر","mubṣira","noun","mbSr@","3","17:12:11","visible","auto"
"bSr-mstbSryn","مُسْتَبْصِرِينَ","مُسْتَبْصِرِين","bSr","بصر","mustabṣirīn","noun","mstbSryn","1","29:38:16","endowed with insight","auto"
"bSr-tbSr@","تَبْصِرَةًۭ","تَبْصِرَة","bSr","بصر","tabṣira","noun","tbSr@","1","50:8:1","Giving insight","auto"
"bSr-ybSr","يُبَصَّرُونَهُمْ","يُبَصَّرُ","bSr","بصر","yubaṣṣaru","verb","ybSr","1","70:11:1","They will be made to see each other","auto"
"bTaa-ybTy2","لَّيُبَطِّئَنَّ","يُبَطِّئَ","bTA","بطا","yubaṭṭiʾa","verb","ybTy2","1","4:72:4","lags behind","auto"
"bTl-bTl","بِٱلْبَٰطِلِ","بَٰطِل","bTl","بطل","bāṭil","noun","bTl","27","2:42:4","the falsehood","auto"
"bTl-mbTlwn","ٱلْمُبْطِلُونَ","مُبْطِلُون","bTl","بطل","mubṭilūn","noun","mbTlwn","5","7:173:15","the falsifiers","auto"
"bTl-ybTl","تُبْطِلُوا۟","يُبْطِلَ","bTl","بطل","yubṭila","verb","ybTl","4","2:264:5","render in vain","auto"
"bTn-bTaan@","بِطَانَةًۭ","بِطَانَة","bTn","بطن","biṭāna","noun","bTaan@","2","3:118:6","(as) intimates","auto"
"bTn-bTn","بُطُونِهِمْ","بَطْن","bTn","بطن","baṭn","noun","bTn","19","2:174:17","their bellies","auto"
"bTn-baaTn","وَبَاطِنَهُۥٓ","بَاطِن","bTn","بطن","bāṭin","noun","baaTn","3","6:120:4","and the secret","auto"
"bTn-baaTn@","وَبَاطِنَةًۭ","بَاطِنَة","bTn","بطن","bāṭina","noun","baaTn@","1","31:20:17","and hidden","auto"
"bTr-bTr","بَطَرًۭا","بَطَر","bTr","بطر","baṭar","noun","bTr","1","8:47:7","boastfully","auto"
"bTr-bTrt","بَطِرَتْ","بَطِرَتْ","bTr","بطر","baṭirat","verb","bTrt","1","28:58:5","which exulted","auto"
"bTsh-bTsh","يَبْطِشُونَ","بَطَشْ","bT$","بطش","baṭaš","verb","bTsh","8","7:195:8","you seize","auto"
"bTsh-bTsh@","ٱلْبَطْشَةَ","بَطْشَة","bT$","بطش","baṭša","noun","bTsh@","2","44:16:3","(with) the seizure","auto"
"baD-baD","بَعْضُكُمْ","بَعْض","bED","بعض","baʿḍ","noun","baD","157","2:36:10","some of them","auto"
"baD-bawD@","بَعُوضَةًۭ","بَعُوضَة","bED","بعض","baʿūḍa","noun","bawD@","1","2:26:9","(of) a mosquito","auto"
"baar-by2r","وَبِئْرٍۢ","بِئْر","bAr","بار","biʾr","noun","by2r","1","22:45:11","and well","auto"
"baas-ba2s","ٱلْبَأْسِ","بَأْس","bAs","باس","baʾs","noun","ba2s","25","2:177:45","Our punishment","auto"
"baas-ba2saa2","ٱلْبَأْسَآءِ","بَأْسَأء","bAs","باس","baʾsāʾ","noun","ba2saa2","4","2:177:42","with adversity","auto"
"baas-baay2s","ٱلْبَآئِسَ","بَأئِس","bAs","باس","bāʾis","noun","baay2s","1","22:28:19","the miserable","auto"
"baas-by2s","بِئْسَمَا","بِئْسَ","bAs","باس","biʾsa","verb","by2s","40","2:90:1","and wretched is","auto"
"baas-bys","بَـِٔيسٍۭ","بَـِٕيس","bAs","باس","baīs","adjective","bys","1","7:165:15","wretched","auto"
"baas-tbty2s","تَبْتَئِسْ","تَبْتَئِسْ","bAs","باس","tabtaʾis","verb","tbty2s","2","11:36:14","(be) distressed","auto"
"bad-bad","بَعْدِ","بَعْد","bEd","بعد","baʿd","noun","bad","207","2:27:6","after","auto"
"bad-badt","بَعُدَتْ","بَعُدَتْ","bEd","بعد","baʿudat","verb","badt","2","9:42:9","was long","auto"
"bad-bayd","بَعِيدٍۢ","بَعِيد","bEd","بعد","baʿīd","adjective","bayd","25","2:176:14","far","auto"
"bad-mbadwn","مُبْعَدُونَ","مُبْعَدُون","bEd","بعد","mubʿadūn","noun","mbadwn","1","21:101:9","(will be) removed far","auto"
"bal-bal","وَبُعُولَتُهُنَّ","بَعْل","bEl","بعل","baʿl","noun","bal","7","2:228:22","(of) their husbands","auto"
"bar-bayr","بَعِيرٍۢ","بَعِير","bEr","بعر","baʿīr","noun","bayr","2","12:65:22","(of) a camel's (load)","auto"
"bath-aanbaath","ٱنۢبِعَاثَهُمْ","ٱنبِعَاث","bEv","بعث","ānbiʿāṯ","noun","aanbaath","1","9:46:10","their being sent","auto"
"bath-aanbath","ٱنۢبَعَثَ","ٱنۦبَعَثَ","bEv","بعث","ānbaʿaṯa","verb","aanbath","1","91:12:2","(was) sent forth","auto"
"bath-bath","بَعَثْنَٰكُم","بَعَثَ","bEv","بعث","baʿaṯa","verb","bath","56","2:56:2","We sent","auto"
"bath-mbawthwn","بِمَبْعُوثِينَ","مَّبْعُوثُون","bEv","بعث","mabʿūṯūn","noun","mbawthwn","9","6:29:9","(will be) resurrected","auto"
"bathr-bathr","بُعْثِرَتْ","بُعْثِرَ","bEvr","بعثر","buʿṯira","verb","bathr","2","82:4:3","are overturned","auto"
"bda-aabtda","ٱبْتَدَعُوهَا","ٱبْتَدَعُ","bdE","بدع","ābtadaʿu","verb","aabtda","1","57:27:20","they innovated","auto"
"bda-bda","بِدْعًۭا","بِدْع","bdE","بدع","bidʿ","noun","bda","1","46:9:4","a new (one)","auto"
"bda-bdya","بَدِيعُ","بَدِيع","bdE","بدع","badīʿ","noun","bdya","2","2:117:1","(The) Originator","auto"
"bdaa-bda2","بَدَأَكُمْ","بَدَأَ","bdA","بدا","badaʾa","verb","bda2","12","7:29:15","originates","auto"
"bdaa-ybdy2","يُبْدِئُ","يُبْدِئُ","bdA","بدا","yubdiʾu","verb","ybdy2","3","29:19:4","Allah originates","auto"
"bdhr-mbdhryn","ٱلْمُبَذِّرِينَ","مُبَذِّرِين","b*r","بذر","mubaḏḏirīn","noun","mbdhryn","1","17:27:2","the spendthrifts","auto"
"bdhr-tbdhr","تُبَذِّرْ","تُبَذِّرْ","b*r","بذر","tubaḏḏir","verb","tbdhr","1","17:26:9","spend","auto"
"bdhr-tbdhyr","تَبْذِيرًا","تَبْذِير","b*r","بذر","tabḏīr","noun","tbdhyr","1","17:26:10","wastefully","auto"
"bdl-aastbdaal","ٱسْتِبْدَالَ","ٱسْتِبْدَال","bdl","بدل","āstibdāl","noun","aastbdaal","1","4:20:3","replacing","auto"
"bdl-bdl","فَبَدَّلَ","بَدَّلَ","bdl","بدل","baddala","verb","bdl","24","2:59:1","But changed","auto"
"bdl-mbdl","مُبَدِّلَ","مُبَدِّل","bdl","بدل","mubaddil","noun","mbdl","3","6:34:15","one (can) alter","auto"
"bdl-tbdyl","تَبْدِيلَ","تَبْدِيل","bdl","بدل","tabdīl","noun","tbdyl","7","10:64:9","any change","auto"
"bdl-ybdl","يُبْدِلَهُمَا","يُبْدِلَ","bdl","بدل","yubdila","verb","ybdl","3","18:81:3","would change for them","auto"
"bdl-ystbdl","أَتَسْتَبْدِلُونَ","يَسْتَبْدِلْ","bdl","بدل","yastabdil","verb","ystbdl","3","2:61:24","Would you exchange","auto"
"bdl-ytbdl","يَتَبَدَّلِ","يَتَبَدَّلِ","bdl","بدل","yatabaddali","verb","ytbdl","3","2:108:12","exchange","auto"
"bdn-bdn","بِبَدَنِكَ","بَدَن","bdn","بدن","badan","noun","bdn","2","10:92:3","in your body","auto"
"bdr-bdaar","وَبِدَارًا","بِدَار","bdr","بدر","bidār","noun","bdaar","1","4:6:17","and hastily","auto"
"bdw-baad","وَٱلْبَادِ","بَاد","bdw","بدو","bād","noun","baad","1","22:25:16","and the visitor","auto"
"bdw-baadwn","بَادُونَ","بَادُون","bdw","بدو","bādūn","noun","baadwn","1","33:20:11","living in (the) desert","auto"
"bdw-baady","بَادِىَ","بَادِى","bdw","بدو","bādiā","noun","baady","1","11:27:19","immature in opinion","auto"
"bdw-bdaa","بَدَتِ","بَدَا","bdw","بدو","badā","verb","bdaa","11","3:118:16","And (will) appear","auto"
"bdw-bdw","ٱلْبَدْوِ","بَدْو","bdw","بدو","badw","noun","bdw","1","12:100:29","the bedouin life","auto"
"bdw-mbdy","مُبْدِيهِ","مُبْدِي","bdw","بدو","mubdī","noun","mbdy","1","33:37:19","(was to) disclose","auto"
"bdw-ybdy","تُبْدُونَ","يُبْدِىَ","bdw","بدو","yubdiāa","verb","ybdy","15","2:33:19","you reveal","auto"
"bghD-bghDaa2","ٱلْبَغْضَآءُ","بَغْضَأء","bgD","بغض","baġḍāʾ","noun","bghDaa2","5","3:118:17","and [the] hatred","auto"
"bghl-bghaal","وَٱلْبِغَالَ","بِغَال","bgl","بغل","biġāl","noun","bghaal","1","16:8:2","and mules","auto"
"bght-bght@","بَغْتَةًۭ","بَغْتَة","bgt","بغت","baġta","noun","bght@","13","6:31:11","suddenly","auto"
"bghy-aabtghaa2","ٱبْتِغَآءَ","ٱبْتِغَأء","bgy","بغي","ābtiġāʾ","noun","aabtghaa2","14","2:207:6","seeking","auto"
"bghy-aabtghy","وَٱبْتَغُوا۟","ٱبْتَغَىٰ","bgy","بغي","ābtaġāā","verb","aabtghy","34","2:187:26","seeking","auto"
"bghy-baagh","بَاغٍۢ","بَاغ","bgy","بغي","bāġ","noun","baagh","3","2:173:16","(being) disobedient","auto"
"bghy-bghaa2","ٱلْبِغَآءِ","بِغَأء","bgy","بغي","biġāʾ","noun","bghaa2","1","24:33:32","[the] prostitution","auto"
"bghy-bghy","بَغْيًا","بَغْي","bgy","بغي","baġy","noun","bghy","38","2:90:10","they seek","auto"
"bghy-ynbghy","يَنۢبَغِى","يَنۦبَغِى","bgy","بغي","yanbaġiā","verb","ynbghy","6","19:92:2","is appropriate","auto"
"bhj-bhj@","بَهْجَةٍۢ","بَهْجَة","bhj","بهج","bahǧa","noun","bhj@","1","27:60:14","of beauty (and delight)","auto"
"bhj-bhyj","بَهِيجٍۢ","بَهِيج","bhj","بهج","bahīǧ","adjective","bhyj","2","22:5:69","beautiful","auto"
"bhl-nbthl","نَبْتَهِلْ","نَبْتَهِلْ","bhl","بهل","nabtahil","verb","nbthl","1","3:61:20","let us pray humbly","auto"
"bhm-bhym@","أَوْفُوا۟","بَهِيمَة","bhm","بهم","bahīma","noun","bhym@","3","5:1:8","(the) beast","auto"
"bht-bht","فَبُهِتَ","بُهِتَ","bht","بهت","buhita","verb","bht","2","2:258:36","So became dumbfounded","auto"
"bht-bhtn","بُهْتَٰنًۭا","بُهْتَٰن","bht","بهت","buhtān","noun","bhtn","6","4:20:15","(by) slander","auto"
"bjs-aanbjst","فَٱنۢبَجَسَتْ","ٱنۦبَجَسَتْ","bjs","بجس","ānbaǧasat","verb","aanbjst","1","7:160:16","Then gushed forth","auto"
"bkha-bkha","بَٰخِعٌۭ","بَٰخِع","bxE","بخع","bāḫiʿ","noun","bkha","2","18:6:2","the one who kills","auto"
"bkhl-bkhl","يَبْخَلُونَ","بَخِلَ","bxl","بخل","baḫila","verb","bkhl","12","3:180:4","withhold","auto"
"bkhs-bkhs","بَخْسٍۢ","بَخْس","bxs","بخس","baḫs","adjective","bkhs","2","12:20:3","very low","auto"
"bkhs-ybkhs","يَبْخَسْ","يَبْخَسْ","bxs","بخس","yabḫas","verb","ybkhs","5","2:282:32","deprive","auto"
"bkm-a2bkm","بُكْمٌ","أَبْكَم","bkm","بكم","ʾabkam","noun","a2bkm","6","2:18:2","dumb","auto"
"bkr-bkr","بِكْرٌ","بِكْر","bkr","بكر","bikr","adjective","bkr","3","2:68:17","young","auto"
"bkr-bkr@","بُكْرَةًۭ","بُكْرَة","bkr","بكر","bukra","time","bkr@","7","19:11:10","morning","auto"
"bkr-i2bkr","وَٱلْإِبْكَٰرِ","إِبْكَٰر","bkr","بكر","ʾibkār","noun","i2bkr","2","3:41:20","and (in) the morning","auto"
"bky-a2bky","وَأَبْكَىٰ","أَبْكَىٰ","bky","بكي","ʾabkāā","verb","a2bky","1","53:43:4","and makes (one) weep","auto"
"bky-bkt","وَلْيَبْكُوا۟","بَكَتْ","bky","بكي","bakat","verb","bkt","5","9:82:3","weeping","auto"
"bky-bky","وَبُكِيًّۭا","بُكِيّ","bky","بكي","bukīy","noun","bky","1","19:58:29","and weeping","auto"
"bla-aabla","ٱبْلَعِى","ٱبْلَعِ","blE","بلع","āblaʿi","verb","aabla","1","11:44:3","Swallow","auto"
"bld-bld","بَلَدًا","بَلَد","bld","بلد","balad","noun","bld","14","2:126:7","city","auto"
"bld-bld@","بَلْدَةًۭ","بَلْدَة","bld","بلد","balda","noun","bld@","5","25:49:3","(to) a land","auto"
"blgh-a2blgh","أَبْلَغْتُكُمْ","أَبْلَغُ","blg","بلغ","ʾablaġu","verb","a2blgh","5","7:79:6","I have conveyed to you","auto"
"blgh-blgh","يَبْلُغَ","بَلَغَ","blg","بلغ","balaġa","verb","blgh","67","2:196:15","the conveyance","auto"
"blgh-blgh@","ٱلْبَٰلِغَةُ","بَٰلِغَة","blg","بلغ","bāliġa","adjective","blgh@","3","6:149:4","the conclusive","auto"
"blgh-blygh","بَلِيغًۭا","بَلِيغ","blg","بلغ","balīġ","adjective","blygh","1","4:63:16","penetrating","auto"
"blgh-mblgh","مَبْلَغُهُم","مَبْلَغ","blg","بلغ","mablaġ","noun","mblgh","1","53:30:2","(is) their sum","auto"
"bls-mblswn","مُّبْلِسُونَ","مُبْلِسُون","bls","بلس","mublisūn","noun","mblswn","4","6:44:20","(were) dumbfounded","auto"
"bls-ybls","يُبْلِسُ","يُبْلِسُ","bls","بلس","yublisu","verb","ybls","1","30:12:4","will (be in) despair","auto"
"blw-aabtly","ٱبْتَلَىٰٓ","ٱبْتَلَىٰٔ","blw","بلو","ābtalāā","verb","aabtly","8","2:124:2","tried","auto"
"blw-blaa2","بَلَآءٌۭ","بَلَأء","blw","بلو","balāʾ","noun","blaa2","6","2:49:15","(was) a trial","auto"
"blw-blw","وَلَنَبْلُوَنَّكُم","بَلَوْ","blw","بلو","balaw","verb","blw","20","2:155:1","And surely We will test you","auto"
"blw-mbtly","مُبْتَلِيكُم","مُبْتَلِي","blw","بلو","mubtalī","noun","mbtly","2","2:249:8","will test you","auto"
"blw-ybly","لَتُبْلَوُنَّ","يُبْلِىَ","blw","بلو","yubliāa","verb","ybly","2","3:186:1","You will certainly be tested","auto"
"bnn-bnaan","بَنَانٍۢ","بَنَان","bnn","بنن","banān","noun","bnaan","2","8:12:23","fingertip[s]","auto"
"bny-aabn","أَبْنَآءَكُمْ","ٱبْن","bny","بني","ābn","noun","aabn","63","2:49:10","son","auto"
"bny-aabnt","ٱبْنَتَىَّ","ٱبْنَت","bny","بني","ābnat","noun","aabnt","2","28:27:7","(of) my daughters","auto"
"bny-bnaa2","بِنَآءًۭ","بِنَأء","bny","بني","bināʾ","noun","bnaa2","3","2:22:7","a canopy","auto"
"bny-bnaat","وَبَنَاتُكُمْ","بَنَات","bny","بني","banāt","noun","bnaat","17","4:23:4","and (the) daughters","auto"
"bny-bny","يَٰبَنِىٓ","بُنَىّ","bny","بني","bunāā","noun","bny","91","2:40:1","(the) Children","auto"
"bny-bnyn","بُنْيَٰنَهُۥ","بُنْيَٰن","bny","بني","bunyān","noun","bnyn","7","9:109:3","his building","auto"
"bny-mbny@","مَّبْنِيَّةٌۭ","مَّبْنِيَّة","bny","بني","mabnīya","noun","mbny@","1","39:20:10","built high","auto"
"bqa-bqa@","ٱلْبُقْعَةِ","بُقْعَة","bqE","بقع","buqʿa","noun","bqa@","1","28:30:9","the place even","auto"
"bql-bql","بَقْلِهَا","بَقْل","bql","بقل","baql","noun","bql","1","2:61:18","its herbs","auto"
"bqr-bqr","ٱلْبَقَرَ","بَقَر","bqr","بقر","baqar","noun","bqr","3","2:70:10","the cows","auto"
"bqr-bqr@","بَقَرَةًۭ","بَقَرَة","bqr","بقر","baqara","noun","bqr@","4","2:67:10","a cow","auto"
"bqr-bqrt","بَقَرَٰتٍۢ","بَقَرَٰت","bqr","بقر","baqarāt","noun","bqrt","2","12:43:6","cows","auto"
"bqy-a2bqy","وَأَبْقَىٰ","أَبْقَىٰٔ","bqy","بقي","ʾabqāā","noun","a2bqy","7","20:71:26","and more lasting","auto"
"bqy-baaq","بَاقٍۢ","بَاق","bqy","بقي","bāq","noun","baaq","1","16:96:7","(will) be remaining","auto"
"bqy-baaqy@","بَاقِيَةًۭ","بَاقِيَة","bqy","بقي","bāqiya","noun","baaqy@","2","43:28:3","lasting","auto"
"bqy-baaqyn","ٱلْبَاقِينَ","بَاقِين","bqy","بقي","bāqīn","noun","baaqyn","2","26:120:4","the remaining ones","auto"
"bqy-bqy","بَقِىَ","بَقِىَ","bqy","بقي","baqiāa","verb","bqy","3","2:278:8","remained","auto"
"bqy-bqyt","وَبَقِيَّةٌۭ","بَقِيَّت","bqy","بقي","baqīyat","noun","bqyt","5","2:248:14","and a remnant","auto"
"bqy-tbqy","تُبْقِى","تُبْقِى","bqy","بقي","tubqiā","verb","tbqy","1","74:28:2","it lets remain","auto"
"brH-a2brH","أَبْرَحَ","أَبْرَحَ","brH","برح","ʾabraḥa","verb","a2brH","3","12:80:25","will I leave","auto"
"brS-a2brS","وَٱلْأَبْرَصَ","أَبْرَص","brS","برص","ʾabraṣ","noun","a2brS","2","3:49:26","and the leper","auto"
"braa-baary2","بَارِئِكُمْ","بَارِئ","brA","برا","bāriʾ","noun","baary2","3","2:54:13","your Creator","auto"
"braa-bra2","أُبَرِّئُ","بَرَّأَ","brA","برا","barraʾa","verb","bra2","2","12:53:2","I absolve","auto"
"braa-braa2","بَرَآءٌۭ","بَرَأء","brA","برا","barāʾ","noun","braa2","1","43:26:7","disassociated","auto"
"braa-braa2@","بَرَآءَةٌۭ","بَرَأءَة","brA","برا","barāʾa","noun","braa2@","2","9:1:1","Freedom from obligations","auto"
"braa-bry2","بَرِيٓـًۭٔا","بَرِىٔء","brA","برا","bariāʾ","noun","bry2","12","4:112:9","free","auto"
"braa-bry@","ٱلْبَرِيَّةِ","بَرِيَّة","brA","برا","barīya","noun","bry@","2","98:6:16","(of) the creatures","auto"
"braa-mbr2wn","مُبَرَّءُونَ","مُبَرَّءُون","brA","برا","mubarraʾūn","noun","mbr2wn","1","24:26:10","(are) innocent","auto"
"braa-nbra2","نَّبْرَأَهَآ","نَّبْرَأَ","brA","برا","nabraʾa","verb","nbra2","1","57:22:16","We bring it into existence","auto"
"braa-tbra2","تَبَرَّأَ","تَبَرَّأَ","brA","برا","tabarraʾa","verb","tbra2","5","2:166:2","will disown","auto"
"braa-tbry2","وَأُبْرِئُ","تُبْرِئُ","brA","برا","tubriʾu","verb","tbry2","2","3:49:24","And I cure","auto"
"brd-baard","بَارِدٌۭ","بَارِد","brd","برد","bārid","noun","baard","2","38:42:5","cool","auto"
"brd-brd","بَرْدًۭا","بَرْد","brd","برد","bard","noun","brd","3","21:69:4","cool[ness]","auto"
"brhn-brhn","بُرْهَٰنَكُمْ","بُرْهَٰن","brhn","برهن","burhān","noun","brhn","8","2:111:15","your proof","auto"
"brj-brwj","بُرُوجٍۢ","بُرُوج","brj","برج","burūǧ","noun","brwj","4","4:78:8","constellations","auto"
"brj-mtbrjt","مُتَبَرِّجَٰتٍۭ","مُتَبَرِّجَٰت","brj","برج","mutabarriǧāt","noun","mtbrjt","1","24:60:15","displaying","auto"
"brj-tbrj","تَبَرَّجْنَ","تَبَرَّجْ","brj","برج","tabarraǧ","verb","tbrj","2","33:33:5","display yourselves","auto"
"brk-brk","بَٰرَكْنَا","بَٰرَكَ","brk","برك","bāraka","verb","brk","8","7:137:10","We blessed","auto"
"brk-brkt","بَرَكَٰتٍۢ","بَرَكَٰت","brk","برك","barakāt","noun","brkt","3","7:96:9","blessings","auto"
"brk-mbaark","مُبَارَكًۭا","مُبَارَك","brk","برك","mubārak","noun","mbaark","8","3:96:8","blessed","auto"
"brk-mbrk@","مُّبَٰرَكَةٍۢ","مُّبَٰرَكَة","brk","برك","mubāraka","noun","mbrk@","4","24:35:20","blessed","auto"
"brk-tbaark","تَبَارَكَ","تَبَارَكَ","brk","برك","tabāraka","verb","tbaark","9","7:54:29","Blessed is He","auto"
"brm-a2brm","أَبْرَمُوٓا۟","أَبْرَمُ","brm","برم","ʾabramu","verb","a2brm","1","43:79:2","have they determined","auto"
"brm-mbrmwn","مُبْرِمُونَ","مُبْرِمُون","brm","برم","mubrimūn","noun","mbrmwn","1","43:79:5","(are) determined","auto"
"brq-brq","وَبَرْقٌۭ","بَرْق","brq","برق","barq","noun","brq","6","2:19:8","the lightning","auto"
"brr-br","بِٱلْبِرِّ","بِرّ","brr","برر","birr","noun","br","30","2:44:3","the land","auto"
"brr-tbr","تَبَرُّوا۟","تَبَرُّ","brr","برر","tabarru","verb","tbr","2","2:224:7","you do good","auto"
"brz-baarz@","بَارِزَةًۭ","بَارِزَة","brz","برز","bāriza","noun","baarz@","1","18:47:6","(as) a leveled plain","auto"
"brz-brz","بَرَزُوا۟","بَرَزَ","brz","برز","baraza","verb","brz","5","2:250:2","they went forth","auto"
"brz-brzt","وَبُرِّزَتِ","بُرِّزَتِ","brz","برز","burrizati","verb","brzt","2","26:91:1","And (will be) made manifest","auto"
"brz-brzwn","بَٰرِزُونَ","بَٰرِزُون","brz","برز","bārizūn","noun","brzwn","1","40:16:3","come forth","auto"
"bsT-bST@","بَسْطَةًۭ","بَصطَة","bsT","بسط","baṣṭa","noun","bST@","2","2:247:32","abundantly","auto"
"bsT-bsT","وَيَبْصُۜطُ","بَسَطَ","bsT","بسط","basaṭa","verb","bsT","21","2:245:14","extends","auto"
"bsT-bsaaT","بِسَاطًۭا","بِسَاط","bsT","بسط","bisāṭ","noun","bsaaT","1","71:19:5","an expanse","auto"
"bsT-mbswTtaan","مَبْسُوطَتَانِ","مَبْسُوطَتَان","bsT","بسط","mabsūṭatān","noun","mbswTtaan","1","5:64:13","(are) stretched out","auto"
"bshr-a2bshr","وَأَبْشِرُوا۟","أَبْشِرُ","b$r","بشر","ʾabširu","verb","a2bshr","1","41:30:15","but receive the glad tidings","auto"
"bshr-bshr","وَبَشِّرِ","بُشِّرَ","b$r","بشر","buššira","verb","bshr","80","2:25:1","a man","auto"
"bshr-bshry","وَبُشْرَىٰ","بُشْرَىٰ","b$r","بشر","bušrāā","noun","bshry","15","2:97:17","and glad tidings","auto"
"bshr-bshyr","بَشِيرًۭا","بَشِير","b$r","بشر","bašīr","noun","bshyr","9","2:119:4","(as) a bearer of good news","auto"
"bshr-mbshr","مُبَشِّرِينَ","مُبَشِّر","b$r","بشر","mubaššir","noun","mbshr","9","2:213:8","(as) bearers of glad tidings","auto"
"bshr-mbshrt","مُبَشِّرَٰتٍۢ","مُبَشِّرَٰت","b$r","بشر","mubašširāt","noun","mbshrt","1","30:46:6","(as) bearers of glad tidings","auto"
"bshr-mstbshr@","مُّسْتَبْشِرَةٌۭ","مُّسْتَبْشِرَة","b$r","بشر","mustabšira","noun","mstbshr@","1","80:39:2","rejoicing at good news","auto"
"bshr-ystbshr","وَيَسْتَبْشِرُونَ","يَسْتَبْشِرُ","b$r","بشر","yastabširu","verb","ystbshr","7","3:170:7","rejoice","auto"
"bsl-a2bsl","تُبْسَلَ","أُبْسِلُ","bsl","بسل","ʾubsilu","verb","a2bsl","2","6:70:13","is given up to destruction","auto"
"bsm-tbsm","فَتَبَسَّمَ","تَبَسَّمَ","bsm","بسم","tabassama","verb","tbsm","1","27:19:1","So he smiled","auto"
"bsq-baasqt","بَاسِقَٰتٍۢ","بَاسِقَٰت","bsq","بسق","bāsiqāt","noun","baasqt","1","50:10:2","tall","auto"
"bsr-baasr@","بَاسِرَةٌۭ","بَاسِرَة","bsr","بسر","bāsira","noun","baasr@","1","75:24:3","(will be) distorted","auto"
"bsr-bsr","وَبَسَرَ","بَسَرَ","bsr","بسر","basara","verb","bsr","1","74:22:3","and scowled","auto"
"bss-bs","بَسًّۭا","بَسّ","bss","بسس","bass","noun","bs","1","56:5:3","(with awful) crumbling","auto"
"bss-bst","وَبُسَّتِ","بُسَّتِ","bss","بسس","bussati","verb","bst","1","56:5:1","And will be crumbled","auto"
"bthth-bth","وَبَثَّ","بَثَّ","bvv","بثث","baṯṯa","verb","bth","6","2:164:29","and dispersing","auto"
"bthth-mbthwth","ٱلْمَبْثُوثِ","مَبْثُوث","bvv","بثث","mabṯūṯ","adjective","mbthwth","1","101:4:5","scattered","auto"
"bthth-mbthwth@","مَبْثُوثَةٌ","مَبْثُوثَة","bvv","بثث","mabṯūṯa","adjective","mbthwth@","1","88:16:2","spread out","auto"
"bthth-mnbth","مُّنۢبَثًّۭا","مُّنبَثّ","bvv","بثث","munbaṯṯ","adjective","mnbth","1","56:6:3","dispersing","auto"
"btk-ybtk","فَلَيُبَتِّكُنَّ","يُبَتِّكُ","btk","بتك","yubattiku","verb","ybtk","1","4:119:4","so they will surely cut off","auto"
"btl-tbtl","وَتَبَتَّلْ","تَبَتَّلْ","btl","بتل","tabattal","verb","tbtl","1","73:8:4","and devote yourself","auto"
"btl-tbtyl","تَبْتِيلًۭا","تَبْتِيل","btl","بتل","tabtīl","noun","tbtyl","1","73:8:6","(with) devotion","auto"
"btr-a2btr","ٱلْأَبْتَرُ","أَبْتَر","btr","بتر","ʾabtar","noun","a2btr","1","108:3:4","the one cut off","auto"
"bwaa-baa2","وَبَآءُو","بَأءَ","bwA","بوا","bāʾa","verb","baa2","6","2:61:41","and they drew on themselves","auto"
"bwaa-bwa2","تُبَوِّئُ","بَوَّأَ","bwA","بوا","bawwaʾa","verb","bwa2","6","3:121:5","to post","auto"
"bwaa-mbwa2","مُبَوَّأَ","مُبَوَّأ","bwA","بوا","mubawwaʾ","noun","mbwa2","1","10:93:5","(in) a settlement","auto"
"bwaa-ytbwa2","تَبَوَّءَا","يَتَبَوَّأُ","bwA","بوا","yatabawwaʾu","verb","ytbwa2","4","10:87:6","Settle","auto"
"bwb-baab","ٱلْبَابَ","بَاب","bwb","بوب","bāb","noun","baab","27","2:58:12","(the) gates","auto"
"bwl-baal","بَالُ","بَال","bwl","بول","bāl","noun","baal","4","12:50:14","(is the) case","auto"
"bwr-bwaar","ٱلْبَوَارِ","بَوَار","bwr","بور","bawār","noun","bwaar","1","14:28:12","(of) destruction","auto"
"bwr-bwr","بُورًۭا","بُور","bwr","بور","būr","adjective","bwr","2","25:18:21","ruined","auto"
"bwr-ybwr","يَبُورُ","يَبُورُ","bwr","بور","yabūru","verb","ybwr","2","35:10:24","(will) perish","auto"
"byD-a2byD","ٱلْأَبْيَضُ","أَبْيَض","byD","بيض","ʾabyaḍ","adjective","a2byD","8","2:187:37","white","auto"
"byD-aabyDt","تَبْيَضُّ","ٱبْيَضَّتْ","byD","بيض","ābyaḍḍat","verb","aabyDt","3","3:106:2","would become white","auto"
"byD-byD","بَيْضٌۭ","بَيْض","byD","بيض","bayḍ","noun","byD","1","37:49:2","eggs","auto"
"bya-baaya","بَايَعْتُم","بَايَعْ","byE","بيع","bāyaʿ","verb","baaya","6","9:111:32","you have contracted","auto"
"bya-bya","بَيْعٌۭ","بَيْع","byE","بيع","bayʿ","noun","bya","8","2:254:13","bargaining","auto"
"bya-tbaaya","تَبَايَعْتُمْ","تَبَايَعْ","byE","بيع","tabāyaʿ","verb","tbaaya","1","2:282:110","you make commercial transaction","auto"
"byd-tbyd","تَبِيدَ","تَبِيدَ","byd","بيد","tabīda","verb","tbyd","1","18:35:10","will perish","auto"
"byn-byaan","بَيَانٌۭ","بَيَان","byn","بين","bayān","noun","byaan","3","3:138:2","(is) a declaration","auto"
"byn-byn","بَيْنَ","بَيْن","byn","بين","bayn","location","byn","270","2:66:4","between them","auto"
"byn-byn@","ٱلْبَيِّنَٰتِ","بَيِّنَة","byn","بين","bayyina","noun","byn@","71","2:87:13","with clear proofs","auto"
"byn-mbyn","مُّبِينٌ","مُّبِين","byn","بين","mubīn","adjective","mbyn","119","2:168:16","clear","auto"
"byn-mbyn@","مُّبَيِّنَةٍۢ","مُّبَيِّنَة","byn","بين","mubayyina","adjective","mbyn@","3","4:19:21","clear","auto"
"byn-mbynt","مُّبَيِّنَٰتٍۢ","مُّبَيِّنَٰت","byn","بين","mubayyināt","adjective","mbynt","3","24:34:5","clear","auto"
"byn-mstbyn","ٱلْمُسْتَبِينَ","مُسْتَبِين","byn","بين","mustabīn","adjective","mstbyn","1","37:117:3","the clear","auto"
"byn-tbyn","تَبَيَّنَ","تَبَيَّنَ","byn","بين","tabayyana","verb","tbyn","19","2:109:19","became clear","auto"
"byn-tstbyn","وَلِتَسْتَبِينَ","تَسْتَبِينَ","byn","بين","tastabīna","verb","tstbyn","1","6:55:4","so that becomes manifest","auto"
"byn-ybyn","يُبِينُ","يُبِينُ","byn","بين","yubīnu","verb","ybyn","1","43:52:11","clear","auto"
"byt-byt","ٱلْبَيْتَ","بَيْت","byt","بيت","bayt","noun","byt","72","2:125:3","houses","auto"
"byt-ybyt","يَبِيتُونَ","يَبِيتُ","byt","بيت","yabītu","verb","ybyt","1","25:64:2","spend (the) night","auto"
"bzgh-baazgh","بَازِغًۭا","بَازِغ","bzg","بزغ","bāziġ","noun","baazgh","1","6:77:4","rising","auto"
"bzgh-baazgh@","بَازِغَةًۭ","بَازِغَة","bzg","بزغ","bāziġa","noun","baazgh@","1","6:78:4","rising","auto"
"dHD-daaHD@","دَاحِضَةٌ","دَاحِضَة","dHD","دحض","dāḥiḍa","noun","daaHD@","1","42:16:11","(is) invalid","auto"
"dHD-mdHDyn","ٱلْمُدْحَضِينَ","مُدْحَضِين","dHD","دحض","mudḥaḍīn","noun","mdHDyn","1","37:141:4","the losers","auto"
"dHD-ydHD","لِيُدْحِضُوا۟","يُدْحِضُ","dHD","دحض","yudḥiḍu","verb","ydHD","2","18:56:11","to refute","auto"
"dHr-dHwr","دُحُورًۭا","دُحُور","dHr","دحر","duḥūr","noun","dHwr","1","37:9:1","Repelled","auto"
"dHr-mdHwr","مَّدْحُورًۭا","مَّدْحُور","dHr","دحر","madḥūr","noun","mdHwr","3","7:18:5","and expelled","auto"
"dHw-dHy","دَحَىٰهَآ","دَحَىٰ","dHw","دحو","daḥāā","verb","dHy","1","79:30:4","He spread it","auto"
"daa-da","دَعًّا","دَعّ","dEE","دعع","daʿʿ","noun","da","1","52:13:6","(with) a thrust","auto"
"daa-yda","يُدَعُّونَ","يَدُعُّ","dEE","دعع","yaduʿʿu","verb","yda","2","52:13:2","they will be thrust","auto"
"daab-da2b","كَدَأْبِ","دَأْب","dAb","داب","daʾb","noun","da2b","5","3:11:1","Like (the) way","auto"
"daab-daay2byn","دَآئِبَيْنِ","دَأئِبَيْن","dAb","داب","dāʾibayn","noun","daay2byn","1","14:33:5","both constantly pursuing their courses","auto"
"daw-daa","وَٱدْعُوا۟","دَعَا","dEw","دعو","daʿā","verb","daa","173","2:23:13","they invoke","auto"
"daw-daa2","دُعَآءًۭ","دُعَأء","dEw","دعو","duʿāʾ","noun","daa2","22","2:171:11","the call","auto"
"daw-daay","ٱلدَّاعِىَ","دَاعِى","dEw","دعو","dāʿiā","noun","daay","4","20:108:3","(to the) caller","auto"
"daw-daw@","دَعْوَةَ","دَعْوَة","dEw","دعو","daʿwa","noun","daw@","6","2:186:8","(to the) invocation","auto"
"daw-dawy","دَعْوَىٰهُمْ","دَعْوَىٰ","dEw","دعو","daʿwāā","noun","dawy","4","7:5:3","their plea","auto"
"daw-yda","يَدَّعُونَ","يَدَّعُ","dEw","دعو","yaddaʿu","verb","yda","3","36:57:6","they call for","auto"
"dbb-daab@","دَآبَّةٍۢ","دَأبَّة","dbb","دبب","dābba","noun","daab@","18","2:164:33","moving creature","auto"
"dbr-a2dbr","أَدْبَرَ","أَدْبَرَ","dbr","دبر","ʾadbara","verb","a2dbr","4","70:17:3","turned his back","auto"
"dbr-daabr","دَابِرُ","دَابِر","dbr","دبر","dābir","noun","daabr","4","6:45:2","(the) remnant","auto"
"dbr-dbr","ٱلْأَدْبَارَ","دُبُر","dbr","دبر","dubur","noun","dbr","18","3:111:8","their backs","auto"
"dbr-i2dbr","وَإِدْبَٰرَ","إِدْبَٰر","dbr","دبر","ʾidbār","noun","i2dbr","1","52:49:4","and after","auto"
"dbr-mdbr","مُّدْبِرِينَ","مُدْبِر","dbr","دبر","mudbir","noun","mdbr","8","9:25:23","fleeing","auto"
"dbr-mdbrt","فَٱلْمُدَبِّرَٰتِ","مُدَبِّرَٰت","dbr","دبر","mudabbirāt","noun","mdbrt","1","79:5:1","And those who arrange","auto"
"dbr-ydbr","يُدَبِّرُ","يُدَبِّرُ","dbr","دبر","yudabbiru","verb","ydbr","4","10:3:15","disposing","auto"
"dbr-ytdbr","يَتَدَبَّرُونَ","يَتَدَبَّرُ","dbr","دبر","yatadabbaru","verb","ytdbr","4","4:82:2","they ponder","auto"
"dfa-daafa","دَافِعٍۢ","دَافِع","dfE","دفع","dāfiʿ","noun","daafa","2","52:8:4","preventer","auto"
"dfa-dfa","دَفْعُ","دَفْع","dfE","دفع","dafʿ","noun","dfa","7","2:251:15","Repel","auto"
"dfa-ydfa","يُدَٰفِعُ","يُدَٰفِعُ","dfE","دفع","yudāfiʿu","verb","ydfa","1","22:38:3","defends","auto"
"dfaa-df2","دِفْءٌۭ","دِفْء","dfA","دفا","difʾ","noun","df2","1","16:5:5","(is) warmth","auto"
"dfq-daafq","دَافِقٍۢ","دَافِق","dfq","دفق","dāfiq","adjective","daafq","1","86:6:4","ejected","auto"
"dhaab-dhy2b","ٱلذِّئْبُ","ذِّئْب","*Ab","ذاب","ḏiʾb","noun","dhy2b","3","12:13:10","the wolf","auto"
"dhaam-mdh2wm","مَذْءُومًۭا","مَذْءُوم","*Am","ذام","maḏʾūm","noun","mdh2wm","1","7:18:4","disgraced","auto"
"dhan-mdhanyn","مُذْعِنِينَ","مُذْعِنِين","*En","ذعن","muḏʿinīn","noun","mdhanyn","1","24:49:7","(as) promptly obedient","auto"
"dhbH-dhbH","تَذْبَحُوا۟","ذُبِحَ","*bH","ذبح","ḏubiḥa","verb","dhbH","6","2:67:9","you slaughter","auto"
"dhbH-ydhbH","يُذَبِّحُونَ","يُذَبِّحُ","*bH","ذبح","yuḏabbiḥu","verb","ydhbH","3","2:49:9","slaughtering","auto"
"dhbb-dhbaab","ذُبَابًۭا","ذُبَاب","*bb","ذبب","ḏubāb","noun","dhbaab","2","22:73:15","a fly","auto"
"dhbdhb-mdhbdhbyn","مُّذَبْذَبِينَ","مُّذَبْذَبِين","*b*b","ذبذب","muḏabḏabīn","noun","mdhbdhbyn","1","4:143:1","Wavering","auto"
"dhhb-a2dhhb","يُذْهِبْكُمْ","أَذْهَبَ","*hb","ذهب","ʾaḏhaba","verb","a2dhhb","11","4:133:3","He can take you away","auto"
"dhhb-dhaahb","ذَاهِبٌ","ذَاهِب","*hb","ذهب","ḏāhib","noun","dhaahb","1","37:99:3","going","auto"
"dhhb-dhhaab","ذَهَابٍۭ","ذَهَاب","*hb","ذهب","ḏahāb","noun","dhhaab","1","23:18:11","taking it away","auto"
"dhhb-dhhb","ذَهَبَ","ذَهَبَ","*hb","ذهب","ḏahaba","verb","dhhb","43","2:17:10","Go","auto"
"dhhl-tdhhl","تَذْهَلُ","تَذْهَلُ","*hl","ذهل","taḏhalu","verb","tdhhl","1","22:2:3","will forget","auto"
"dhkhr-tdkhr","تَدَّخِرُونَ","تَدَّخِرُ","*xr","ذخر","taddaḫiru","verb","tdkhr","1","3:49:35","you store","auto"
"dhkr-aadkr","وَٱدَّكَرَ","ٱدَّكَرَ","*kr","ذكر","āddakara","verb","aadkr","1","12:45:5","and remembered","auto"
"dhkr-dhkr","ٱذْكُرُوا۟","ذَكَرَ","*kr","ذكر","ḏakara","verb","dhkr","196","2:40:3","And remember","auto"
"dhkr-dhkrt","وَٱلذَّٰكِرَٰتِ","ذَّٰكِرَٰت","*kr","ذكر","ḏākirāt","noun","dhkrt","1","33:35:24","and the women who remember","auto"
"dhkr-dhkry","ٱلذِّكْرَىٰ","ذِكْرَىٰ","*kr","ذكر","ḏikrāā","noun","dhkry","23","6:68:20","and a reminder","auto"
"dhkr-dhkryn","لِلذَّٰكِرِينَ","ذَّٰكِرِين","*kr","ذكر","ḏākirīn","noun","dhkryn","2","11:114:14","for those who remember","auto"
"dhkr-mdhkr","مُذَكِّرٌۭ","مُذَكِّر","*kr","ذكر","muḏakkir","noun","mdhkr","1","88:21:4","(are) a reminder","auto"
"dhkr-mdhkwr","ٱلدَّهْرِ","مَّذْكُور","*kr","ذكر","maḏkūr","adjective","mdhkwr","1","76:1:11","mentioned","auto"
"dhkr-mdkr","مُّدَّكِرٍۢ","مُّدَّكِر","*kr","ذكر","muddakir","noun","mdkr","6","54:15:6","who will receive admonition","auto"
"dhkr-tdhkr","يَتَذَكَّرُونَ","تَذَكَّرَ","*kr","ذكر","taḏakkara","verb","tdhkr","51","2:221:39","remember","auto"
"dhkr-tdhkr@","تَذْكِرَةًۭ","تَذْكِرَة","*kr","ذكر","taḏkira","noun","tdhkr@","9","20:3:2","a reminder","auto"
"dhkr-tdhkyr","وَتَذْكِيرِى","تَذْكِير","*kr","ذكر","taḏkīr","noun","tdhkyr","1","10:71:14","and my reminding","auto"
"dhkw-dhky","ذَكَّيْتُمْ","ذَكَّيْ","*kw","ذكو","ḏakkay","verb","dhky","1","5:3:21","you slaughtered","auto"
"dhll-a2dhl","ٱلْأَذَلِّينَ","أَذَلّ","*ll","ذلل","ʾaḏall","noun","a2dhl","2","58:20:8","the most humiliated","auto"
"dhll-a2dhl@","أَذِلَّةٌۭ","أَذِلَّة","*ll","ذلل","ʾaḏilla","noun","a2dhl@","4","3:123:6","weak","auto"
"dhll-dhl","ٱلذُّلِّ","ذُّلّ","*ll","ذلل","ḏull","noun","dhl","3","17:24:4","(of) humility","auto"
"dhll-dhl@","ٱلذِّلَّةُ","ذِلَّة","*ll","ذلل","ḏilla","noun","dhl@","7","2:61:39","humiliation","auto"
"dhll-dhll","ذُلُلًۭا","ذُلُل","*ll","ذلل","ḏulul","noun","dhll","1","16:69:9","made smooth","auto"
"dhll-dhllt","وَذَلَّلْنَٰهَا","ذُلِّلَتْ","*ll","ذلل","ḏullilat","verb","dhllt","2","36:72:1","And We have tamed them","auto"
"dhll-dhlwl","ذَلُولٌۭ","ذَلُول","*ll","ذلل","ḏalūl","adjective","dhlwl","2","2:71:7","trained","auto"
"dhll-ndhl","نَّذِلَّ","نَّذِلَّ","*ll","ذلل","naḏilla","verb","ndhl","1","20:134:18","we were humiliated","auto"
"dhll-tdhl","وَتُذِلُّ","تُذِلُّ","*ll","ذلل","tuḏillu","verb","tdhl","1","3:26:16","and You humiliate","auto"
"dhll-tdhlyl","تَذْلِيلًۭا","تَذْلِيل","*ll","ذلل","taḏlīl","noun","tdhlyl","1","76:14:6","dangling low","auto"
"dhm-mdhaamtaan","مُدْهَآمَّتَانِ","مُدْهَأمَّتَان","dhm","دهم","mudhāmmatān","noun","mdhaamtaan","1","55:64:1","Dark green","auto"
"dhmm-dhm@","ذِمَّةًۭ","ذِمَّة","*mm","ذمم","ḏimma","noun","dhm@","2","9:8:10","covenant of protection","auto"
"dhmm-mdhmwm","مَذْمُومًۭا","مَذْمُوم","*mm","ذمم","maḏmūm","noun","mdhmwm","3","17:18:17","disgraced","auto"
"dhn-dhaan","كَٱلدِّهَانِ","دِّهَان","dhn","دهن","dihān","noun","dhaan","1","55:37:6","like murky oil","auto"
"dhn-dhn","بِٱلدُّهْنِ","دُّهْن","dhn","دهن","duhn","noun","dhn","1","23:20:7","oil","auto"
"dhn-mdhnwn","مُّدْهِنُونَ","مُّدْهِنُون","dhn","دهن","mudhinūn","noun","mdhnwn","1","56:81:4","(are) indifferent","auto"
"dhn-ydhn","تُدْهِنُ","يُدْهِنُ","dhn","دهن","yudhinu","verb","ydhn","2","68:9:3","you should compromise","auto"
"dhnb-dhnb","بِذُنُوبِهِمْ","ذَنب","*nb","ذنب","ḏanb","noun","dhnb","37","3:11:11","for their sins","auto"
"dhnb-dhnwb","ذَنُوبًۭا","ذَنُوب","*nb","ذنب","ḏanūb","noun","dhnwb","2","51:59:4","(is) a portion","auto"
"dhq-dhaaq","دِهَاقًۭا","دِهَاق","dhq","دهق","dihāq","adjective","dhaaq","1","78:34:2","full","auto"
"dhqn-a2dhqaan","لِلْأَذْقَانِ","أَذْقَان","*qn","ذقن","ʾaḏqān","noun","a2dhqaan","3","17:107:17","on their faces","auto"
"dhr-dhr","ٱلدَّهْرُ","دَّهْر","dhr","دهر","dahr","noun","dhr","2","45:24:12","the time","auto"
"dhra-dhra","ذَرْعًۭا","ذَرْع","*rE","ذرع","ḏarʿ","noun","dhra","3","11:77:9","(and) uneasy","auto"
"dhra-dhraa","ذِرَاعَيْهِ","ذِرَاع","*rE","ذرع","ḏirāʿ","noun","dhraa","2","18:18:12","his two forelegs","auto"
"dhraa-dhra2","ذَرَأَ","ذَرَأَ","*rA","ذرا","ḏaraʾa","verb","dhra2","6","6:136:4","multiplied you","auto"
"dhrr-dhr@","ذَرَّةٍۢ","ذَرَّة","*rr","ذرر","ḏarra","noun","dhr@","6","4:40:6","(of) an atom","auto"
"dhrr-dhry@","ذُرِّيَّتِى","ذُرِّيَّة","*rr","ذرر","ḏurrīya","noun","dhry@","28","2:124:14","their offspring","auto"
"dhrr-dhryt","وَذُرِّيَّٰتِهِمْ","ذُرِّيَّٰت","*rr","ذرر","ḏurrīyāt","noun","dhryt","4","6:87:3","and their descendents","auto"
"dhrw-dhrw","ٱللَّهِ","ذَرْو","*rw","ذرو","ḏarw","noun","dhrw","1","51:1:2","dispersing","auto"
"dhrw-dhryt","بِسْمِ","ذَّٰرِيَٰت","*rw","ذرو","ḏāriyāt","noun","dhryt","1","51:1:1","By those scattering","auto"
"dhrw-tdhrw","تَذْرُوهُ","تَذْرُو","*rw","ذرو","taḏrū","verb","tdhrw","1","18:45:16","it (is) scattered","auto"
"dhwd-tdhwd","تَذُودَانِ","تَذُودَ","*wd","ذود","taḏūda","verb","tdhwd","1","28:23:15","keeping back","auto"
"dhwq-a2dhaaq","وَيُذِيقَ","أَذَاقَ","*wq","ذوق","ʾaḏāqa","verb","a2dhaaq","22","6:65:18","We will make him taste","auto"
"dhwq-dhaaq","فَذُوقُوا۟","ذَاقُ","*wq","ذوق","ḏāqu","verb","dhaaq","36","3:106:13","Taste","auto"
"dhwq-dhaay2q@","ذَآئِقَةُ","ذَأئِقَة","*wq","ذوق","ḏāʾiqa","noun","dhaay2q@","3","3:185:3","(will) taste","auto"
"dhwq-dhaay2qwaa","لَذَآئِقُونَ","ذَأئِقُوا","*wq","ذوق","ḏāʾiquwā","noun","dhaay2qwaa","2","37:31:6","(will) certainly taste","auto"
"dhy-a2dhy","أَدْهَىٰ","أَدْهَىٰ","dhy","دهي","ʾadhāā","adjective","a2dhy","1","54:46:5","(will be) more grievous","auto"
"dhya-a2dhaa","أَذَاعُوا۟","أَذَاعُ","*yE","ذيع","ʾaḏāʿu","verb","a2dhaa","1","4:83:8","they spread","auto"
"dkhl-a2dkhl","وَأُدْخِلَ","أُدْخِلَ","dxl","دخل","ʾudḫila","verb","a2dkhl","42","3:185:14","He will admit him","auto"
"dkhl-dkhl","ٱدْخُلُوا۟","دَخَلَ","dxl","دخل","daḫala","verb","dkhl","78","2:58:3","Enter","auto"
"dkhl-dkhlwn","دَٰخِلُونَ","دَٰخِلُون","dxl","دخل","dāḫilūn","noun","dkhlwn","2","5:22:17","enter (it)","auto"
"dkhl-mdkhl","مُّدْخَلًۭا","مُّدْخَل","dxl","دخل","mudḫal","noun","mdkhl","4","4:31:11","(to) an entrance","auto"
"dkhn-dkhaan","دُخَانٌۭ","دُخَان","dxn","دخن","duḫān","noun","dkhaan","2","41:11:6","smoke","auto"
"dkhr-dkhrwn","دَٰخِرُونَ","دَٰخِرُون","dxr","دخر","dāḫirūn","noun","dkhrwn","4","16:48:17","(are) humble","auto"
"dkk-dk","دَكًّۭا","دَكّ","dkk","دكك","dakk","noun","dk","3","7:143:29","crumbled to dust","auto"
"dkk-dk@","دَكَّةًۭ","دَكَّة","dkk","دكك","dakka","noun","dk@","1","69:14:5","(with) a crushing","auto"
"dkk-dkaa2","دَكَّآءَ","دَكَّأء","dkk","دكك","dakkāʾ","noun","dkaa2","1","18:98:11","level","auto"
"dkk-dkt","فَدُكَّتَا","دُكَّتِ","dkk","دكك","dukkati","verb","dkt","2","69:14:4","and crushed","auto"
"dlk-dlwk","لِدُلُوكِ","دُلُوك","dlk","دلك","dulūk","noun","dlwk","1","17:78:3","at the decline","auto"
"dll-dl","فَدَلَّىٰهُمَا","دَلَّ","dll","دلل","dalla","verb","dl","7","7:22:1","So he made both of them fall","auto"
"dll-dlyl","دَلِيلًۭا","دَلِيل","dll","دلل","dalīl","noun","dlyl","1","25:45:16","an indication","auto"
"dlw-a2dly","وَتُدْلُوا۟","أَدْلَىٰ","dlw","دلو","ʾadlāā","verb","a2dly","2","2:188:6","and present","auto"
"dlw-dlw","دَلْوَهُۥ","دَلْو","dlw","دلو","dalw","noun","dlw","1","12:19:6","his bucket","auto"
"dlw-tdly","فَتَدَلَّىٰ","تَدَلَّىٰ","dlw","دلو","tadallāā","verb","tdly","1","53:8:3","and came down","auto"
"dma-dma","ٱلدَّمْعِ","دَّمْع","dmE","دمع","damʿ","noun","dma","2","5:83:11","the tears","auto"
"dmdm-dmdm","فَدَمْدَمَ","دَمْدَمَ","dmdm","دمدم","damdama","verb","dmdm","1","91:14:3","So destroyed","auto"
"dmgh-ydmgh","فَيَدْمَغُهُۥ","يَدْمَغُ","dmg","دمغ","yadmaġu","verb","ydmgh","1","21:18:6","and it breaks its head","auto"
"dmr-dmr","وَدَمَّرْنَا","دَمَّرَ","dmr","دمر","dammara","verb","dmr","8","7:137:21","We destroyed","auto"
"dmr-tdmyr","تَدْمِيرًۭا","تَدْمِير","dmr","دمر","tadmīr","noun","tdmyr","2","17:16:14","(with) destruction","auto"
"dmw-dm","ٱلدِّمَآءَ","دَم","dmw","دمو","dam","noun","dm","10","2:30:17","and the blood","auto"
"dnr-dynaar","بِدِينَارٍۢ","دِينَار","dnr","دنر","dīnār","noun","dynaar","1","3:75:14","with a single coin","auto"
"dnw-a2dny","أَدْنَىٰ","أَدْنَىٰ","dnw","دنو","ʾadnāā","noun","a2dny","12","2:61:27","(is) more suitable","auto"
"dnw-daan","دَانٍۢ","دَان","dnw","دنو","dān","noun","daan","1","55:54:9","(is) near","auto"
"dnw-daany@","دَانِيَةٌۭ","دَانِيَة","dnw","دنو","dāniya","adjective","daany@","3","6:99:24","hanging low","auto"
"dnw-dnaa","يُدْنِينَ","دَنَا","dnw","دنو","danā","verb","dnaa","2","33:59:8","to draw","auto"
"dnw-dnyaa","ٱلدُّنْيَا","دُّنْيَا","dnw","دنو","dunyā","adjective","dnyaa","115","2:85:38","(of) the world","auto"
"draa-aadr","فَٱدَّٰرَْٰٔتُمْ","ٱدَّٰرَْٰٕ","drA","درا","āddārā","verb","aadr","1","2:72:4","then you disputed","auto"
"draa-ydrw2aa","فَٱدْرَءُوا۟","يَدْرَؤُاۤ","drA","درا","yadraʾuā","verb","ydrw2aa","4","3:168:10","and they repel","auto"
"drhm-drhm","دَرَٰهِمَ","دَرَٰهِم","drhm","درهم","darāhim","noun","drhm","1","12:20:4","dirhams","auto"
"drj-drj@","دَرَجَةٌۭ","دَرَجَة","drj","درج","daraǧa","noun","drj@","18","2:228:37","(in) degrees","auto"
"drj-nstdrj","سَنَسْتَدْرِجُهُم","نَسْتَدْرِجُ","drj","درج","nastadriǧu","verb","nstdrj","2","7:182:4","We will gradually lead them","auto"
"drk-a2drk","يُدْرِككُّمُ","أَدْرَكَ","drk","درك","ʾadraka","verb","a2drk","6","4:78:3","will overtake you","auto"
"drk-aadrk","ٱدَّارَكُوا۟","ٱدَّٰرَكَ","drk","درك","āddāraka","verb","aadrk","3","7:38:21","they had overtaken one another","auto"
"drk-drk","ٱلدَّرْكِ","دَّرْك","drk","درك","dark","noun","drk","2","4:145:4","the depths","auto"
"drk-mdrkwn","لَمُدْرَكُونَ","مُدْرَكُون","drk","درك","mudrakūn","noun","mdrkwn","1","26:61:8","(are) surely to be overtaken","auto"
"drr-dry","دُرِّىٌّۭ","دُرِّىّ","drr","درر","durriāā","adjective","dry","1","24:35:16","brilliant","auto"
"drr-mdraar","مِّدْرَارًۭا","مِّدْرَار","drr","درر","midrār","noun","mdraar","3","6:6:19","(in) abundance","auto"
"drs-draast","دِرَاسَتِهِمْ","دِرَاسَت","drs","درس","dirāsat","noun","draast","1","6:156:13","their study","auto"
"drs-drs","تَدْرُسُونَ","دَرَسُ","drs","درس","darasu","verb","drs","5","3:79:28","studying (it)","auto"
"dry-a2dry","أَدْرَىٰكُم","أَدْرَىٰ","dry","دري","ʾadrāā","verb","a2dry","17","10:16:9","can make you know","auto"
"dry-tdry","تَدْرُونَ","تَدْرِى","dry","دري","tadriā","verb","tdry","12","4:11:59","I know","auto"
"dsr-dsr","وَدُسُرٍۢ","دُسُر","dsr","دسر","dusur","noun","dsr","1","54:13:5","and nails","auto"
"dss-yds","يَدُسُّهُۥ","يَدُسُّ","dss","دسس","yadussu","verb","yds","1","16:59:13","bury it","auto"
"dsw-dsy","دَسَّىٰهَا","دَسَّىٰ","dsw","دسو","dassāā","verb","dsy","1","91:10:4","buries it","auto"
"dthr-mdthr","ٱللَّهِ","مُدَّثِّر","dvr","دثر","muddaṯṯir","noun","mdthr","1","74:1:2","who covers himself","auto"
"dwl-dwl@","دُولَةًۢ","دُولَة","dwl","دول","dūla","noun","dwl@","1","59:7:20","a (perpetual) circulation","auto"
"dwl-ndaawl","نُدَاوِلُهَا","نُدَاوِلُ","dwl","دول","nudāwilu","verb","ndaawl","1","3:140:11","We alternate them","auto"
"dwm-daam","دُمْتَ","دَامُ","dwm","دوم","dāmu","verb","daam","7","3:75:20","you keep constantly","auto"
"dwm-daay2m","دَآئِمٌۭ","دَأئِم","dwm","دوم","dāʾim","noun","daay2m","2","13:35:11","(is) everlasting","auto"
"dwn-dwn","دُونِ","دُون","dwn","دون","dūn","noun","dwn","143","2:23:16","besides","auto"
"dwr-daar","دِيَٰرِكُمْ","دَار","dwr","دور","dār","noun","daar","48","2:84:11","their homes","auto"
"dwr-daay2r@","دَآئِرَةٌۭ","دَأئِرَة","dwr","دور","dāʾira","noun","daay2r@","3","5:52:12","a misfortune","auto"
"dwr-dwaay2r","ٱلدَّوَآئِرَ","دَّوَأئِر","dwr","دور","dawāʾir","noun","dwaay2r","1","9:98:10","the turns (of misfortune)","auto"
"dwr-dyaar","دَيَّارًا","دَيَّار","dwr","دور","dayyār","noun","dyaar","1","71:26:10","(as) an inhabitant","auto"
"dwr-tdwr","تَدُورُ","تَدُورُ","dwr","دور","tadūru","verb","tdwr","1","33:19:9","revolving","auto"
"dwr-tdyr","تُدِيرُونَهَا","تُدِيرُ","dwr","دور","tudīru","verb","tdyr","1","2:282:101","you carry out","auto"
"dyn-dyn","ٱلدِّينِ","دِين","dyn","دين","dīn","noun","dyn","97","1:4:3","the religion","auto"
"dyn-mdynyn","لَمَدِينُونَ","مَدِينِين","dyn","دين","madīnīn","noun","mdynyn","2","37:53:7","surely be brought to Judgment","auto"
"dyn-tdaayn","تَدَايَنتُم","تَدَايَن","dyn","دين","tadāyan","verb","tdaayn","1","2:282:5","you contract with one another","auto"
"dyn-ydyn","يَدِينُونَ","يَدِينُ","dyn","دين","yadīnu","verb","ydyn","1","9:29:16","they acknowledge","auto"
"fDD-aanfD","لَٱنفَضُّوا۟","ٱنفَضُّ","fDD","فضض","ānfaḍḍu","verb","aanfD","3","3:159:12","surely they (would have) dispersed","auto"
"fDD-fD@","وَٱلْفِضَّةِ","فِضَّة","fDD","فضض","fiḍḍa","noun","fD@","6","3:14:12","silver","auto"
"fDH-tfDH","تَفْضَحُونِ","تَفْضَحُ","fDH","فضح","tafḍaḥu","verb","tfDH","1","15:68:6","shame me","auto"
"fDl-fDl","فَضَّلْتُكُمْ","فَضَّلَ","fDl","فضل","faḍḍala","verb","fDl","101","2:47:9","His Bounty","auto"
"fDl-tfDyl","تَفْضِيلًۭا","تَفْضِيل","fDl","فضل","tafḍīl","noun","tfDyl","2","17:21:11","(in) excellence","auto"
"fDl-ytfDl","يَتَفَضَّلَ","يَتَفَضَّلَ","fDl","فضل","yatafaḍḍala","verb","ytfDl","1","23:24:14","assert (his) superiority","auto"
"fDw-a2fDy","أَفْضَىٰ","أَفْضَىٰ","fDw","فضو","ʾafḍāā","verb","a2fDy","1","4:21:4","has gone","auto"
"fHsh-fHsh@","فَٰحِشَةً","فَٰحِشَة","fH$","فحش","fāḥiša","noun","fHsh@","17","3:135:4","immorality","auto"
"fHsh-fHshaa2","وَٱلْفَحْشَآءِ","فَحْشَأء","fH$","فحش","faḥšāʾ","noun","fHshaa2","7","2:169:4","the immorality","auto"
"fSH-a2fSH","أَفْصَحُ","أَفْصَح","fSH","فصح","ʾafṣaḥ","noun","a2fSH","1","28:34:4","(is) more eloquent","auto"
"fSl-fSaal","فِصَالًا","فِصَال","fSl","فصل","fiṣāl","noun","fSaal","3","2:233:36","weaning","auto"
"fSl-fSl","فَصَلَ","فَصَلَ","fSl","فصل","faṣala","verb","fSl","31","2:249:2","We explain","auto"
"fSl-fSlyn","ٱلْفَٰصِلِينَ","فَٰصِلِين","fSl","فصل","fāṣilīn","noun","fSlyn","1","6:57:22","(of) the Deciders","auto"
"fSl-fSylt","وَفَصِيلَتِهِ","فَصِيلَت","fSl","فصل","faṣīlat","noun","fSylt","1","70:13:1","And his nearest kindred","auto"
"fSl-mfSl","مُفَصَّلًۭا","مُفَصَّل","fSl","فصل","mufaṣṣal","noun","mfSl","1","6:114:10","explained in detail","auto"
"fSl-mfSlt","مُّفَصَّلَٰتٍۢ","مُّفَصَّلَٰت","fSl","فصل","mufaṣṣalāt","adjective","mfSlt","1","7:133:9","manifest","auto"
"fSl-tfSyl","وَتَفْصِيلًۭا","تَفْصِيل","fSl","فصل","tafṣīl","noun","tfSyl","5","6:154:9","and a detailed explanation","auto"
"fSm-aanfSaam","ٱنفِصَامَ","ٱنفِصَام","fSm","فصم","ānfiṣām","noun","aanfSaam","1","2:256:20","(will) break","auto"
"fTr-aanfTrt","ٱلرَّحْمَٰنِ","ٱنفَطَرَتْ","fTr","فطر","ānfaṭarat","verb","aanfTrt","1","82:1:3","(is) cleft asunder","auto"
"fTr-fTr","فَطَرَ","فَطَرَ","fTr","فطر","faṭara","verb","fTr","10","6:79:5","created me","auto"
"fTr-fTrt","فِطْرَتَ","فِطْرَت","fTr","فطر","fiṭrat","noun","fTrt","1","30:30:5","Nature","auto"
"fTr-fTwr","فُطُورٍۢ","فُطُور","fTr","فطر","fuṭūr","noun","fTwr","1","67:3:18","flaw","auto"
"fTr-faaTr","فَاطِرِ","فَاطِر","fTr","فطر","fāṭir","noun","faaTr","6","6:14:6","Creator","auto"
"fTr-mnfTr","مُنفَطِرٌۢ","مُنفَطِر","fTr","فطر","munfaṭir","noun","mnfTr","1","73:18:2","(will) break apart","auto"
"fZZ-fZ","فَظًّا","فَظّ","fZZ","فظظ","faẓẓ","noun","fZ","1","3:159:9","rude","auto"
"faad-fw2aad","أَفْـِٔدَتَهُمْ","فُؤَاد","fAd","فاد","fuʾād","noun","fw2aad","16","6:110:2","their hearts","auto"
"faay-fy2@","فِئَةٍۢ","فِئَة","fAy","فاي","fiʾa","noun","fy2@","10","2:249:51","a company","auto"
"faay-fy2t","فِئَتُكُمْ","فِئَت","fAy","فاي","fiʾat","noun","fy2t","1","8:19:17","your forces","auto"
"fal-faal","فَعَّالٌۭ","فَعَّال","fEl","فعل","faʿʿāl","noun","faal","11","11:107:13","doers","auto"
"fal-fal","تَفْعَلُوا۟","فَعَلَ","fEl","فعل","faʿala","verb","fal","89","2:24:3","you do","auto"
"fal-falt","فَعْلَتَكَ","فَعْلَت","fEl","فعل","faʿlat","noun","falt","1","26:19:2","your deed","auto"
"fal-mfawl","مَفْعُولًا","مَفْعُول","fEl","فعل","mafʿūl","noun","mfawl","7","4:47:28","(always) executed","auto"
"fdy-aaftdy","ٱفْتَدَتْ","ٱفْتَدَىٰ","fdy","فدي","āftadāā","verb","aaftdy","7","2:229:33","she ransoms","auto"
"fdy-fdaa2","فِدَآءً","فِدَأء","fdy","فدي","fidāʾ","noun","fdaa2","1","47:4:16","ransom","auto"
"fdy-fdy","وَفَدَيْنَٰهُ","فَدَيْ","fdy","فدي","faday","verb","fdy","1","37:107:1","And We ransomed him","auto"
"fdy-fdy@","فِدْيَةٌۭ","فِدْيَة","fdy","فدي","fidya","noun","fdy@","3","2:184:17","a ransom","auto"
"fdy-tfd","تُفَٰدُوهُمْ","تُفَٰدُ","fdy","فدي","tufādu","verb","tfd","1","2:85:18","you ransom them","auto"
"fhm-fhm","فَفَهَّمْنَٰهَا","فَهَّمْ","fhm","فهم","fahham","verb","fhm","1","21:79:1","And We gave understanding of it","auto"
"fjj-fj","فِجَاجًۭا","فَجّ","fjj","فجج","faǧǧ","noun","fj","3","21:31:10","broad passes","auto"
"fjr-aanfjrt","فَٱنفَجَرَتْ","ٱنفَجَرَتْ","fjr","فجر","ānfaǧarat","verb","aanfjrt","1","2:60:9","Then gushed forth","auto"
"fjr-faajr","فَاجِرًۭا","فَاجِر","fjr","فجر","fāǧir","noun","faajr","1","71:27:9","a wicked","auto"
"fjr-fjaar","كَٱلْفُجَّارِ","فُجَّار","fjr","فجر","fuǧǧār","noun","fjaar","4","38:28:13","like the wicked","auto"
"fjr-fjr","ٱلْفَجْرِ","فَجْر","fjr","فجر","faǧr","noun","fjr","6","2:187:42","[the] dawn","auto"
"fjr-fjrt","فَتُفَجِّرَ","فُجِّرَتْ","fjr","فجر","fuǧǧirat","verb","fjrt","6","17:91:8","and cause to gush forth","auto"
"fjr-fjwr","فُجُورَهَا","فُجُور","fjr","فجر","fuǧūr","noun","fjwr","1","91:8:2","(to distinguish) its wickedness","auto"
"fjr-tfjyr","تَفْجِيرًا","تَفْجِير","fjr","فجر","tafǧīr","noun","tfjyr","2","17:91:11","abundantly","auto"
"fjr-yfjr","تَفْجُرَ","يَفْجُرَ","fjr","فجر","yafǧura","verb","yfjr","2","17:90:6","you cause to gush forth","auto"
"fjr-ytfjr","يَتَفَجَّرُ","يَتَفَجَّرُ","fjr","فجر","yatafaǧǧaru","verb","ytfjr","1","2:74:16","gush forth","auto"
"fjw-fjw@","فَجْوَةٍۢ","فَجْوَة","fjw","فجو","faǧwa","noun","fjw@","1","18:17:17","the open space","auto"
"fkh-fkh@","فَٰكِهَةٌۭ","فَٰكِهَة","fkh","فكه","fākiha","noun","fkh@","11","36:57:3","(are) fruits","auto"
"fkh-fkhyn","فَٰكِهُونَ","فَٰكِهِين","fkh","فكه","fākihīn","noun","fkhyn","4","36:55:7","(in) amusement","auto"
"fkh-fwkh","فَوَٰكِهُ","فَوَٰكِه","fkh","فكه","fawākih","noun","fwkh","3","23:19:10","(are) fruits","auto"
"fkh-tfkh","تَفَكَّهُونَ","تَفَكَّهُ","fkh","فكه","tafakkahu","verb","tfkh","1","56:65:6","wondering","auto"
"fkhr-fkhaar","كَٱلْفَخَّارِ","فَخَّار","fxr","فخر","faḫḫār","noun","fkhaar","1","55:14:5","like the pottery","auto"
"fkhr-fkhwr","فَخُورًا","فَخُور","fxr","فخر","faḫūr","adjective","fkhwr","4","4:36:32","boaster","auto"
"fkhr-tfaakhr","وَتَفَاخُرٌۢ","تَفَاخُر","fxr","فخر","tafāḫur","noun","tfaakhr","1","57:20:8","and boasting","auto"
"fkk-fk","فَكُّ","فَكّ","fkk","فكك","fakk","noun","fk","1","90:13:1","(It is) freeing","auto"
"fkk-mnfkyn","مِنْ","مُنفَكِّين","fkk","فكك","munfakkīn","noun","mnfkyn","1","98:1:9","to be abandoned","auto"
"fkr-fkr","فَكَّرَ","فَكَّرَ","fkr","فكر","fakkara","verb","fkr","1","74:18:2","thought","auto"
"fkr-ytfkr","تَتَفَكَّرُونَ","يَتَفَكَّرُ","fkr","فكر","yatafakkaru","verb","ytfkr","17","2:219:26","who reflect","auto"
"flH-a2flH","تُفْلِحُونَ","أَفْلَحَ","flH","فلح","ʾaflaḥa","verb","a2flH","27","2:189:27","(be) successful","auto"
"flH-mflHwn","ٱلْمُفْلِحُونَ","مُفْلِحُون","flH","فلح","mufliḥūn","noun","mflHwn","13","2:5:8","(are) the successful ones","auto"
"flk-flk","وَٱلْفُلْكِ","فُلْك","flk","فلك","fulk","noun","flk","25","2:164:9","the ship","auto"
"fln-flaan","فُلَانًا","فُلَان","fln","فلن","fulān","noun","flaan","1","25:28:5","that one","auto"
"flq-aanflq","فَٱنفَلَقَ","ٱنفَلَقَ","flq","فلق","ānfalaqa","verb","aanflq","1","26:63:8","So it parted","auto"
"flq-faalq","فَالِقُ","فَالِق","flq","فلق","fāliq","noun","faalq","2","6:95:3","(is the) Cleaver","auto"
"flq-flq","ٱلرَّحِيمِ","فَلَق","flq","فلق","falaq","noun","flq","1","113:1:4","(of) the dawn","auto"
"fnd-tfnd","تُفَنِّدُونِ","تُفَنِّدُ","fnd","فند","tufannidu","verb","tfnd","1","12:94:12","you think me weakened in mind","auto"
"fnn-a2fnaan","أَفْنَانٍۢ","أَفْنَان","fnn","فنن","ʾafnān","noun","a2fnaan","1","55:48:2","branches","auto"
"fny-faan","فَانٍۢ","فَان","fny","فني","fān","noun","faan","1","55:26:4","(will) perish","auto"
"fqa-faaqa","فَاقِعٌۭ","فَاقِع","fqE","فقع","fāqiʿ","adjective","faaqa","1","2:69:15","bright","auto"
"fqd-tfqd","تَفْقِدُونَ","تَفْقِدُ","fqd","فقد","tafqidu","verb","tfqd","3","12:71:5","you miss","auto"
"fqh-yfqh","يَفْقَهُونَ","يَفْقَهُ","fqh","فقه","yafqahu","verb","yfqh","19","4:78:35","understand","auto"
"fqh-ytfqh","لِّيَتَفَقَّهُوا۟","يَتَفَقَّهُ","fqh","فقه","yatafaqqahu","verb","ytfqh","1","9:122:13","that they may obtain understanding","auto"
"fqr-faaqr@","فَاقِرَةٌۭ","فَاقِرَة","fqr","فقر","fāqira","noun","faaqr@","1","75:25:5","backbreaking","auto"
"fqr-fqr","ٱلْفَقْرَ","فَقْر","fqr","فقر","faqr","noun","fqr","1","2:268:3","[the] poverty","auto"
"fqr-fqyr","ٱلْفُقَرَآءَ","فَقِير","fqr","فقر","faqīr","noun","fqyr","12","2:271:9","poor","auto"
"frD-faarD","فَارِضٌۭ","فَارِض","frD","فرض","fāriḍ","adjective","faarD","1","2:68:15","old","auto"
"frD-frD","فَرَضَ","فَرَضَ","frD","فرض","faraḍa","verb","frD","9","2:197:5","you have specified","auto"
"frD-fryD@","فَرِيضَةًۭ","فَرِيضَة","frD","فرض","farīḍa","noun","fryD@","6","2:236:13","an obligation (dower)","auto"
"frD-mfrwD","مَّفْرُوضًۭا","مَّفْرُوض","frD","فرض","mafrūḍ","adjective","mfrwD","2","4:7:19","obligatory","auto"
"frH-frH","يَفْرَحُوا۟","فَرِحَ","frH","فرح","fariḥa","verb","frH","22","3:120:8","rejoice","auto"
"frT-frT","فَرَّطْنَا","فَرَّط","frT","فرط","farraṭ","verb","frT","6","6:31:16","we neglected","auto"
"frT-mfrTwn","مُّفْرَطُونَ","مُّفْرَطُون","frT","فرط","mufraṭūn","noun","mfrTwn","1","16:62:17","(will) be abandoned","auto"
"frT-yfrT","يَفْرُطَ","يَفْرُطَ","frT","فرط","yafruṭa","verb","yfrT","1","20:45:6","he will hasten","auto"
"fra-fra","وَفَرْعُهَا","فَرْع","frE","فرع","farʿ","noun","fra","1","14:24:13","and its branches","auto"
"frd-frd","فَرْدًۭا","فَرْد","frd","فرد","fard","noun","frd","3","19:80:5","alone","auto"
"frd-frdy","فُرَٰدَىٰ","فُرَٰدَىٰ","frd","فرد","furādāā","noun","frdy","2","6:94:3","alone","auto"
"frgh-a2frgh","أَفْرِغْ","أَفْرِغْ","frg","فرغ","ʾafriġ","verb","a2frgh","3","2:250:7","Pour","auto"
"frgh-frgh","فَٰرِغًا","فَٰرِغ","frg","فرغ","fāriġ","noun","frgh","3","28:10:5","empty","auto"
"frh-frhyn","فَٰرِهِينَ","فَٰرِهِين","frh","فره","fārihīn","noun","frhyn","1","26:149:5","skillfully","auto"
"frj-frj","فَرْجَهَا","فَرْج","frj","فرج","farǧ","noun","frj","8","21:91:3","their chastity","auto"
"frj-frjt","فُرِجَتْ","فُرِجَتْ","frj","فرج","furiǧat","verb","frjt","1","77:9:3","is cleft asunder","auto"
"frq-faarq","فَارِقُوهُنَّ","فَارِقُ","frq","فرق","fāriqu","verb","faarq","1","65:2:7","part with them","auto"
"frq-fraaq","فِرَاقُ","فِرَاق","frq","فرق","firāq","noun","fraaq","2","18:78:3","(is) parting","auto"
"frq-frq","فَرَقْنَا","فَرَقْ","frq","فرق","faraq","verb","frq","16","2:50:2","we make distinction","auto"
"frq-frq@","فِرْقَةٍۢ","فِرْقَة","frq","فرق","firqa","noun","frq@","1","9:122:10","group","auto"
"frq-frqaan","وَٱلْفُرْقَانَ","فُرْقَان","frq","فرق","furqān","noun","frqaan","7","2:53:5","the Criterion","auto"
"frq-frqt","فَٱلْفَٰرِقَٰتِ","فَٰرِقَٰت","frq","فرق","fāriqāt","noun","frqt","1","77:4:1","And those who separate","auto"
"frq-fryq","فَرِيقٌۭ","فَرِيق","frq","فرق","farīq","noun","fryq","33","2:75:7","a party","auto"
"frq-mtfrq@","مُّتَفَرِّقَةٍۢ","مُّتَفَرِّقَة","frq","فرق","mutafarriqa","noun","mtfrq@","1","12:67:11","different","auto"
"frq-mtfrqwn","مُّتَفَرِّقُونَ","مُّتَفَرِّقُون","frq","فرق","mutafarriqūn","noun","mtfrqwn","1","12:39:4","separate","auto"
"frq-tfrq","تَفَرَّقُوا۟","تَفَرَّقَ","frq","فرق","tafarraqa","verb","tfrq","8","3:103:6","be divided","auto"
"frq-tfryq","وَتَفْرِيقًۢا","تَفْرِيق","frq","فرق","tafrīq","noun","tfryq","1","9:107:6","and (for) division","auto"
"frr-fraar","فِرَارًۭا","فِرَار","frr","فرر","firār","noun","fraar","4","18:18:19","(in) flight","auto"
"frr-frt","فَفَرَرْتُ","فَرَّتْ","frr","فرر","farrat","verb","frt","6","26:21:1","you flee","auto"
"frr-mfr","ٱلْمَفَرُّ","مَفَرّ","frr","فرر","mafarr","noun","mfr","1","75:10:5","(is) the escape","auto"
"frsh-fraash","كَٱلْفَرَاشِ","فَرَاش","fr$","فرش","farāš","noun","fraash","1","101:4:4","like moths","auto"
"frsh-frsh","فِرَٰشًۭا","فِرَٰش","fr$","فرش","firāš","noun","frsh","5","2:22:5","a resting place","auto"
"frt-fraat","فُرَاتٌۭ","فُرَات","frt","فرت","furāt","adjective","fraat","3","25:53:7","sweet","auto"
"frth-frth","فَرْثٍۢ","فَرْث","frv","فرث","farṯ","noun","frth","1","16:66:12","bowels","auto"
"fry-aaftraa2","ٱفْتِرَآءً","ٱفْتِرَأء","fry","فري","āftirāʾ","noun","aaftraa2","2","6:138:21","(as) an invention","auto"
"fry-aaftry","يَفْتَرُونَ","ٱفْتَرَىٰ","fry","فري","āftarāā","verb","aaftry","50","3:24:15","invent","auto"
"fry-fry","فَرِيًّۭا","فَرِيّ","fry","فري","farīy","adjective","fry","1","19:27:10","an amazing thing","auto"
"fry-mftr","مُفْتَرٍۭ","مُفْتَر","fry","فري","muftar","noun","mftr","1","16:101:13","(are) an inventor","auto"
"fry-mftrwn","ٱلْمُفْتَرِينَ","مُفْتَرُون","fry","فري","muftarūn","noun","mftrwn","2","7:152:15","the ones who invent (falsehood)","auto"
"fry-mftry","مُّفْتَرًۭى","مُّفْتَرًى","fry","فري","muftaranā","noun","mftry","2","28:36:11","invented","auto"
"fry-mftryt","مُفْتَرَيَٰتٍۢ","مُفْتَرَيَٰت","fry","فري","muftarayāt","noun","mftryt","1","11:13:9","fabricated","auto"
"fry-yftry","يَفْتَرِينَهُۥ","يَفْتَرِي","fry","فري","yaftarī","verb","yftry","1","60:12:23","they invent it","auto"
"fsH-tfsH","تَفَسَّحُوا۟","تَفَسَّحُ","fsH","فسح","tafassaḥu","verb","tfsH","1","58:11:7","Make room","auto"
"fsH-yfsH","فَٱفْسَحُوا۟","يَفْسَحِ","fsH","فسح","yafsaḥi","verb","yfsH","2","58:11:10","then make room","auto"
"fsd-a2fsd","تُفْسِدُوا۟","أَفْسَدُ","fsd","فسد","ʾafsadu","verb","a2fsd","15","2:11:5","spread corruption","auto"
"fsd-fsaad","ٱلْفَسَادَ","فَسَاد","fsd","فسد","fasād","noun","fsaad","11","2:205:14","the corruption","auto"
"fsd-fsdt","لَّفَسَدَتِ","فَسَدَتِ","fsd","فسد","fasadati","verb","fsdt","3","2:251:20","certainly (would have) corrupted","auto"
"fsd-mfsd","ٱلْمُفْسِدُونَ","مُفْسِد","fsd","فسد","mufsid","noun","mfsd","21","2:12:4","the corrupters","auto"
"fshl-fshl","تَفْشَلَا","فَشِلْ","f$l","فشل","fašil","verb","fshl","4","3:122:6","they lost heart","auto"
"fsq-faasq","ٱلْفَٰسِقِينَ","فَاسِق","fsq","فسق","fāsiq","noun","faasq","37","2:26:39","the defiantly disobedient","auto"
"fsq-fsq","يَفْسُقُونَ","فَسَقَ","fsq","فسق","fasaqa","verb","fsq","13","2:59:18","defiantly disobeying","auto"
"fsq-fswq","فُسُوقَ","فُسُوق","fsq","فسق","fusūq","noun","fswq","4","2:197:11","wickedness","auto"
"fsr-tfsyr","تَفْسِيرًا","تَفْسِير","fsr","فسر","tafsīr","noun","tfsyr","1","25:33:8","explanation","auto"
"ftH-aastftH","يَسْتَفْتِحُونَ","ٱسْتَفْتَحُ","ftH","فتح","āstaftaḥu","verb","aastftH","3","2:89:13","(that), pray for victory","auto"
"ftH-ftH","فَتَحَ","فَتَحَ","ftH","فتح","fataḥa","verb","ftH","28","2:76:15","a victory","auto"
"ftH-ftHyn","ٱلْفَٰتِحِينَ","فَٰتِحِين","ftH","فتح","fātiḥīn","noun","ftHyn","1","7:89:42","(of) those who Decide","auto"
"ftH-ftaaH","ٱلْفَتَّاحُ","فَتَّاح","ftH","فتح","fattāḥ","noun","ftaaH","1","34:26:10","(is) the Judge","auto"
"ftH-mfaatH","مَفَاتِحُ","مَفَاتِح","ftH","فتح","mafātiḥ","noun","mfaatH","3","6:59:2","(are the) keys","auto"
"ftH-mftH@","مُّفَتَّحَةًۭ","مُّفَتَّحَة","ftH","فتح","mufattaḥa","noun","mftH@","1","38:50:3","(will be) opened","auto"
"ftH-tftH","تُفَتَّحُ","تُفَتَّحُ","ftH","فتح","tufattaḥu","verb","tftH","1","7:40:8","be opened","auto"
"ftaa-tftw2aa","تَفْتَؤُا۟","تَفْتَؤُاۤ","ftA","فتا","taftaʾuā","verb","tftw2aa","1","12:85:3","you will not cease","auto"
"ftl-ftyl","فَتِيلًا","فَتِيل","ftl","فتل","fatīl","noun","ftyl","3","4:49:14","(even as much as) a hair on a date-seed","auto"
"ftn-ftn","يَفْتِنَكُمُ","فَتَنُ","ftn","فتن","fatanu","verb","ftn","23","4:101:15","We tried","auto"
"ftn-ftn@","فِتْنَةٌۭ","فِتْنَة","ftn","فتن","fitna","noun","ftn@","34","2:102:32","a trial","auto"
"ftn-ftnyn","بِفَٰتِنِينَ","فَٰتِنِين","ftn","فتن","fātinīn","noun","ftnyn","1","37:162:4","can tempt away (anyone)","auto"
"ftn-ftwn","فُتُونًۭا","فُتُون","ftn","فتن","futūn","noun","ftwn","1","20:40:24","(with) a trial","auto"
"ftn-mftwn","ٱلْمَفْتُونُ","مَفْتُون","ftn","فتن","maftūn","noun","mftwn","1","68:6:2","(is) the afflicted one","auto"
"ftq-ftq","فَفَتَقْنَٰهُمَا","فَتَقْ","ftq","فتق","fataq","verb","ftq","1","21:30:10","then We parted them","auto"
"ftr-ftr@","فَتْرَةٍۢ","فَتْرَة","ftr","فتر","fatra","noun","ftr@","1","5:19:9","(after) an interval (of cessation)","auto"
"ftr-yftr","يَفْتُرُونَ","يَفْتُرُ","ftr","فتر","yafturu","verb","yftr","2","21:20:5","they slacken","auto"
"fty-fty","فَتَىٰهَا","فَتَىٰ","fty","فتي","fatāā","noun","fty","4","12:30:8","to his boy","auto"
"fty-fty@","لِفِتْيَٰنِهِ","فِتْيَة","fty","فتي","fitya","noun","fty@","3","12:62:2","to his servants","auto"
"fty-ftyaan","فَتَيَانِ","فَتَيَان","fty","فتي","fatayān","noun","ftyaan","1","12:36:4","two young men","auto"
"fty-ftyt","فَتَيَٰتِكُمُ","فَتَيَٰت","fty","فتي","fatayāt","noun","ftyt","2","4:25:15","your slave girls","auto"
"fty-yfty","يُفْتِيكُمْ","يُفْتِي","fty","فتي","yuftī","verb","yfty","5","4:127:6","gives you the ruling","auto"
"fty-ystft","وَيَسْتَفْتُونَكَ","يَسْتَفْتُ","fty","فتي","yastaftu","verb","ystft","6","4:127:1","Then ask them","auto"
"fwD-a2fwD","وَأُفَوِّضُ","أُفَوِّضُ","fwD","فوض","ʾufawwiḍu","verb","a2fwD","1","40:44:5","and I entrust","auto"
"fwh-a2fwh","أَفْوَٰهِهِمْ","أَفْوَٰه","fwh","فوه","ʾafwāh","noun","a2fwh","12","3:118:19","with their mouths","auto"
"fwh-faa","فَاهُ","فَا","fwh","فوه","fā","noun","faa","1","13:14:18","his mouth","auto"
"fwj-fwj","فَوْجًۭا","فَوْج","fwj","فوج","fawǧ","noun","fwj","5","27:83:6","a troop","auto"
"fwm-fwm","وَفُومِهَا","فُوم","fwm","فوم","fūm","noun","fwm","1","2:61:20","[and] its garlic","auto"
"fwq-a2faaq","أَفَاقَ","أَفَاقَ","fwq","فوق","ʾafāqa","verb","a2faaq","1","7:143:34","he recovered","auto"
"fwq-fwaaq","فَوَاقٍۢ","فَوَاق","fwq","فوق","fawāq","noun","fwaaq","1","38:15:10","delay","auto"
"fwq-fwq","فَوْقَهَا","فَوْق","fwq","فوق","fawq","location","fwq","41","2:26:11","above them","auto"
"fwr-faar","وَفَارَ","فَارَ","fwr","فور","fāra","verb","faar","3","11:40:5","and overflowed","auto"
"fwr-fwr","فَوْرِهِمْ","فَوْر","fwr","فور","fawr","noun","fwr","1","3:125:7","suddenly","auto"
"fwt-faat","فَاتَكُمْ","فَاتَ","fwt","فوت","fāta","verb","faat","3","3:153:18","escaped you","auto"
"fwt-fwt","فَوْتَ","فَوْت","fwt","فوت","fawt","noun","fwt","1","34:51:6","escape","auto"
"fwt-tfwt","تَفَٰوُتٍۢ","تَفَٰوُت","fwt","فوت","tafāwut","noun","tfwt","1","67:3:12","fault","auto"
"fwz-faay2zwn","ٱلْفَآئِزُونَ","فَأئِزُون","fwz","فوز","fāʾizūn","noun","faay2zwn","4","9:20:16","(are) the successful ones","auto"
"fwz-faaz","فَازَ","فَازَ","fwz","فوز","fāza","verb","faaz","3","3:185:17","he is successful","auto"
"fwz-fwz","ٱلْفَوْزُ","فَوْز","fwz","فوز","fawz","noun","fwz","19","4:13:17","(is) the success","auto"
"fwz-mfaaz","مَفَازًا","مَفَاز","fwz","فوز","mafāz","noun","mfaaz","1","78:31:3","(is) success","auto"
"fwz-mfaaz@","بِمَفَازَةٍۢ","مَفَازَة","fwz","فوز","mafāza","noun","mfaaz@","2","3:188:15","(will) escape","auto"
"fyD-a2faaD","أَفَضْتُم","أَفَاضَ","fyD","فيض","ʾafāḍa","verb","a2faaD","7","2:198:10","depart","auto"
"fyD-tfyD","تَفِيضُ","تَفِيضُ","fyD","فيض","tafīḍu","verb","tfyD","2","5:83:9","overflowing","auto"
"fyaa-a2faa2","أَفَآءَ","أَفَأءَ","fyA","فيا","ʾafāʾa","verb","a2faa2","3","33:50:14","(was) restored","auto"
"fyaa-faa2","فَآءُو","فَأءُ","fyA","فيا","fāʾu","verb","faa2","3","2:226:9","it returns","auto"
"fyaa-ytfyw2aa","يَتَفَيَّؤُا۟","يَتَفَيَّؤُاۤ","fyA","فيا","yatafayyaʾuā","verb","ytfyw2aa","1","16:48:9","Incline","auto"
"fyl-fyl","كَيْفَ","فِيل","fyl","فيل","fīl","noun","fyl","1","105:1:7","(of the) Elephant","auto"
"fza-fza","ٱلْفَزَعُ","فَزَع","fzE","فزع","fazaʿ","noun","fza","6","21:103:3","the terror","auto"
"fzz-ystfz","وَٱسْتَفْزِزْ","يَسْتَفِزَّ","fzz","فزز","yastafizza","verb","ystfz","3","17:64:1","And incite","auto"
"ghDD-yghD","يَغُضُّوا۟","يَغُضُّ","gDD","غضض","yaġuḍḍu","verb","yghD","4","24:30:3","they should lower","auto"
"ghDb-ghDb","بِغَضَبٍۢ","غَضَب","gDb","غضب","ġaḍab","noun","ghDb","20","2:61:42","wrath","auto"
"ghDb-ghDbn","غَضْبَٰنَ","غَضْبَٰن","gDb","غضب","ġaḍbān","noun","ghDbn","2","7:150:6","angry","auto"
"ghDb-mghDb","مُغَٰضِبًۭا","مُغَٰضِب","gDb","غضب","muġāḍib","noun","mghDb","1","21:87:5","(while) angry","auto"
"ghDb-mghDwb","ٱلْمَغْضُوبِ","مَغْضُوب","gDb","غضب","maġḍūb","noun","mghDwb","1","1:7:6","those who earned (Your) wrath","auto"
"ghSS-ghS@","غُصَّةٍۢ","غُصَّة","gSS","غصص","ġuṣṣa","noun","ghS@","1","73:13:3","chokes","auto"
"ghSb-ghSb","غَصْبًۭا","غَصْب","gSb","غصب","ġaṣb","noun","ghSb","1","18:79:17","(by) force","auto"
"ghTsh-a2ghTsh","وَأَغْطَشَ","أَغْطَشَ","gT$","غطش","ʾaġṭaša","verb","a2ghTsh","1","79:29:1","And He darkened","auto"
"ghTw-ghTaa2","غِطَآءٍ","غِطَأء","gTw","غطو","ġiṭāʾ","noun","ghTaa2","2","18:101:5","a cover","auto"
"ghbn-tghaabn","ٱلتَّغَابُنِ","تَّغَابُن","gbn","غبن","taġābun","noun","tghaabn","1","64:9:7","(of) mutual loss and gain","auto"
"ghbr-ghbr@","غَبَرَةٌۭ","غَبَرَة","gbr","غبر","ġabara","noun","ghbr@","1","80:40:4","(will be) dust","auto"
"ghbr-ghbryn","ٱلْغَٰبِرِينَ","غَٰبِرِين","gbr","غبر","ġābirīn","noun","ghbryn","7","7:83:7","those who remain behind","auto"
"ghdq-ghdq","غَدَقًۭا","غَدَق","gdq","غدق","ġadaq","adjective","ghdq","1","72:16:7","(in) abundance","auto"
"ghdr-yghaadr","نُغَادِرْ","يُغَادِرُ","gdr","غدر","yuġādiru","verb","yghaadr","2","18:47:9","We will leave behind","auto"
"ghdw-ghd","غَدَوْتَ","غَدَ","gdw","غدو","ġada","verb","ghd","8","3:121:2","tomorrow","auto"
"ghdw-ghdaa2","غَدَآءَنَا","غَدَأء","gdw","غدو","ġadāʾ","noun","ghdaa2","1","18:62:6","our morning meal","auto"
"ghdw-ghdw","بِٱلْغُدُوِّ","غُدُوّ","gdw","غدو","ġudūw","noun","ghdw","5","7:205:11","in the mornings","auto"
"ghdw-ghdw@","بِٱلْغَدَوٰةِ","غَدَوٰة","gdw","غدو","ġadawā","noun","ghdw@","2","6:52:6","in the morning","auto"
"ghfl-a2ghfl","أَغْفَلْنَا","أَغْفَلْ","gfl","غفل","ʾaġfal","verb","a2ghfl","1","18:28:22","We have made heedless","auto"
"ghfl-ghfl","بِغَٰفِلٍ","غَٰفِل","gfl","غفل","ġāfil","noun","ghfl","27","2:74:35","unaware","auto"
"ghfl-ghfl@","غَفْلَةٍۢ","غَفْلَة","gfl","غفل","ġafla","noun","ghfl@","5","19:39:9","heedlessness","auto"
"ghfl-ghflt","ٱلْغَٰفِلَٰتِ","غَٰفِلَٰت","gfl","غفل","ġāfilāt","adjective","ghflt","1","24:23:5","the unaware women","auto"
"ghfl-tghfl","تَغْفُلُونَ","تَغْفُلُ","gfl","غفل","taġfulu","verb","tghfl","1","4:102:32","you neglect","auto"
"ghfr-aastghfaar","ٱسْتِغْفَارُ","ٱسْتِغْفَار","gfr","غفر","āstiġfār","noun","aastghfaar","1","9:114:3","(the) asking of forgiveness","auto"
"ghfr-aastghfr","وَٱسْتَغْفِرُوا۟","ٱسْتَغْفَرَ","gfr","غفر","āstaġfara","verb","aastghfr","40","2:199:7","and ask forgiveness","auto"
"ghfr-ghaafr","ٱلْغَٰفِرِينَ","غَافِر","gfr","غفر","ġāfir","noun","ghaafr","2","7:155:41","(of) Forgivers","auto"
"ghfr-ghfaar","لَغَفَّارٌۭ","غَفَّار","gfr","غفر","ġaffār","noun","ghfaar","5","20:82:2","the Oft-Forgiving","auto"
"ghfr-ghfr","نَّغْفِرْ","غَفَرَ","gfr","غفر","ġafara","verb","ghfr","65","2:58:16","and forgive","auto"
"ghfr-ghfraan","غُفْرَانَكَ","غُفْرَان","gfr","غفر","ġufrān","noun","ghfraan","1","2:285:24","(Grant) us Your forgiveness","auto"
"ghfr-ghfwr","غَفُورٌۭ","غَفُور","gfr","غفر","ġafūr","noun","ghfwr","91","2:173:24","(is) Oft-Forgiving","auto"
"ghfr-mghfr@","بِٱلْمَغْفِرَةِ","مَّغْفِرَة","gfr","غفر","maġfira","noun","mghfr@","28","2:175:7","(is) forgiveness","auto"
"ghfr-mstghfryn","وَٱلْمُسْتَغْفِرِينَ","مُسْتَغْفِرِين","gfr","غفر","mustaġfirīn","noun","mstghfryn","1","3:17:5","and those who seek forgiveness","auto"
"ghlZ-aaghlZ","وَٱغْلُظْ","ٱغْلُظْ","glZ","غلظ","āġluẓ","verb","aaghlZ","2","9:73:6","and be stern","auto"
"ghlZ-aastghlZ","فَٱسْتَغْلَظَ","ٱسْتَغْلَظَ","glZ","غلظ","āstaġlaẓa","verb","aastghlZ","1","48:29:36","then it becomes thick","auto"
"ghlZ-ghlZ@","غِلْظَةًۭ","غِلْظَة","glZ","غلظ","ġilẓa","noun","ghlZ@","1","9:123:11","harshness","auto"
"ghlZ-ghlyZ","غَلِيظَ","غَلِيظ","glZ","غلظ","ġalīẓ","noun","ghlyZ","9","3:159:10","severe","auto"
"ghlb-ghaalb","غَالِبَ","غَالِب","glb","غلب","ġālib","noun","ghaalb","13","3:160:5","(can) overcome","auto"
"ghlb-ghlb","غَلَبَتْ","غَلَبُ","glb","غلب","ġalabu","verb","ghlb","17","2:249:53","they will overcome","auto"
"ghlb-mghlwb","مَغْلُوبٌۭ","مَغْلُوب","glb","غلب","maġlūb","noun","mghlwb","1","54:10:4","one overpowered","auto"
"ghlf-ghlf","غُلْفٌۢ","غُلْف","glf","غلف","ġulf","noun","ghlf","2","2:88:3","(are) wrapped","auto"
"ghll-ghl","يَغُلَّ","غَلَّ","gll","غلل","ġalla","verb","ghl","14","3:161:5","he defrauds","auto"
"ghll-mghlwl@","مَغْلُولَةٌ","مَغْلُولَة","gll","غلل","maġlūla","noun","mghlwl@","2","5:64:5","(is) chained","auto"
"ghlm-ghlm","غُلَٰمٌۭ","غُلَٰم","glm","غلم","ġulām","noun","ghlm","13","3:40:6","a son","auto"
"ghlq-ghlqt","وَغَلَّقَتِ","غَلَّقَتِ","glq","غلق","ġallaqati","verb","ghlqt","1","12:23:8","And she closed","auto"
"ghlw-tghlw","تَغْلُوا۟","تَغْلُو","glw","غلو","taġlū","verb","tghlw","2","4:171:4","commit excess","auto"
"ghly-ghly","كَغَلْىِ","غَلْى","gly","غلي","ġalā","noun","ghly","1","44:46:1","Like boiling","auto"
"ghly-yghly","يَغْلِى","يَغْلِى","gly","غلي","yaġliā","verb","yghly","1","44:45:2","it will boil","auto"
"ghmD-tghmD","تُغْمِضُوا۟","تُغْمِضُ","gmD","غمض","tuġmiḍu","verb","tghmD","1","2:267:23","(with) close(d) eyes","auto"
"ghmm-ghm","غَمًّۢا","غَمّ","gmm","غمم","ġamm","noun","ghm","6","3:153:12","the distress","auto"
"ghmm-ghm@","غُمَّةًۭ","غُمَّة","gmm","غمم","ġumma","noun","ghm@","1","10:71:28","any doubt","auto"
"ghmm-ghmm","ٱلْغَمَامَ","غَمَٰم","gmm","غمم","ġamām","noun","ghmm","4","2:57:3","(with) [the] clouds","auto"
"ghmr-ghmr@","غَمْرَتِهِمْ","غَمْرَة","gmr","غمر","ġamra","noun","ghmr@","3","23:54:3","their confusion","auto"
"ghmr-ghmrt","غَمَرَٰتِ","غَمَرَٰت","gmr","غمر","ġamarāt","noun","ghmrt","1","6:93:28","agonies","auto"
"ghmz-ytghaamz","يَتَغَامَزُونَ","يَتَغَامَزُ","gmz","غمز","yataġāmazu","verb","ytghaamz","1","83:30:4","they winked at one another","auto"
"ghnm-ghnm","وَٱلْغَنَمِ","غَنَم","gnm","غنم","ġanam","noun","ghnm","5","6:146:10","and the sheep","auto"
"ghnm-mghaanm","مَغَانِمُ","مَغَانِم","gnm","غنم","maġānim","noun","mghaanm","4","4:94:24","(are) booties","auto"
"ghny-a2ghnt","تُغْنِىَ","أَغْنَتْ","gny","غني","ʾaġnat","verb","a2ghnt","28","3:10:5","will avail","auto"
"ghny-a2ghny","أَغْنَىٰ","أَغْنَىٰ","gny","غني","ʾaġnāā","verb","a2ghny","15","7:48:9","availed","auto"
"ghny-aastghny","وَّٱسْتَغْنَى","ٱسْتَغْنَىٰ","gny","غني","āstaġnāā","verb","aastghny","4","64:6:12","And can do without them","auto"
"ghny-ghny","غَنِىٌّ","غَنِىّ","gny","غني","ġaniāā","noun","ghny","24","2:263:10","(is) Free of need","auto"
"ghny-mghnwn","مُّغْنُونَ","مُّغْنُون","gny","غني","muġnūn","noun","mghnwn","2","14:21:14","the one who avails","auto"
"ghrb-ghraab","غُرَابًۭا","غُرَاب","grb","غرب","ġurāb","noun","ghraab","2","5:31:3","a crow","auto"
"ghrb-ghraabyb","وَغَرَابِيبُ","غَرَابِيب","grb","غرب","ġarābīb","noun","ghraabyb","1","35:27:21","and intensely black","auto"
"ghrb-ghrbt","غَرَبَت","غَرَبَت","grb","غرب","ġarabat","verb","ghrbt","2","18:17:11","it set","auto"
"ghrb-ghrby","ٱلْغَرْبِىِّ","غَرْبِىّ","grb","غرب","ġarbiāā","adjective","ghrby","1","28:44:4","western","auto"
"ghrb-ghrby@","غَرْبِيَّةٍۢ","غَرْبِيَّة","grb","غرب","ġarbīya","noun","ghrby@","1","24:35:25","(of the) west","auto"
"ghrb-ghrwb","غُرُوبِهَا","غُرُوب","grb","غرب","ġurūb","noun","ghrwb","2","20:130:12","its setting","auto"
"ghrb-mghrb","وَٱلْمَغْرِبُ","مَغْرِب","grb","غرب","maġrib","noun","mghrb","10","2:115:3","and the west","auto"
"ghrf-aaghtrf","ٱغْتَرَفَ","ٱغْتَرَفَ","grf","غرف","āġtarafa","verb","aaghtrf","1","2:249:22","takes","auto"
"ghrf-ghrf@","غُرْفَةًۢ","غُرْفَة","grf","غرف","ġurfa","noun","ghrf@","5","2:249:23","(in the) hollow","auto"
"ghrf-ghrft","ٱلْغُرُفَٰتِ","غُرُفَٰت","grf","غرف","ġurufāt","noun","ghrft","1","34:37:22","the high dwellings","auto"
"ghrm-ghraam","غَرَامًا","غَرَام","grm","غرم","ġarām","noun","ghraam","1","25:65:11","inseparable","auto"
"ghrm-ghrmyn","وَٱلْغَٰرِمِينَ","غَٰرِمِين","grm","غرم","ġārimīn","noun","ghrmyn","1","9:60:11","and for those in debt","auto"
"ghrm-mghrm","مَغْرَمًۭا","مَّغْرَم","grm","غرم","maġram","noun","mghrm","3","9:98:7","(as) a loss","auto"
"ghrm-mghrmwn","لَمُغْرَمُونَ","مُغْرَمُون","grm","غرم","muġramūn","noun","mghrmwn","1","56:66:2","surely are laden with debt","auto"
"ghrq-a2ghrq","وَأَغْرَقْنَآ","أُغْرِقُ","grq","غرق","ʾuġriqu","verb","a2ghrq","17","2:50:6","We drowned","auto"
"ghrq-ghrq","ٱلْغَرَقُ","غَرَق","grq","غرق","ġaraq","noun","ghrq","2","10:90:13","the drowning","auto"
"ghrq-mghrqwn","مُّغْرَقُونَ","مُّغْرَقُون","grq","غرق","muġraqūn","noun","mghrqwn","4","11:37:11","the ones (to be) drowned","auto"
"ghrr-ghr","وَغَرَّهُمْ","غَرَّ","grr","غرر","ġarra","verb","ghr","15","3:24:10","deceive you","auto"
"ghrr-ghrwr","ٱلْغُرُورِ","غُرُور","grr","غرر","ġurūr","noun","ghrwr","12","3:185:23","delusion","auto"
"ghrw-a2ghry","فَأَغْرَيْنَا","أَغْرَيْ","grw","غرو","ʾaġray","verb","a2ghry","2","5:14:13","So We aroused","auto"
"ghshw-a2ghshyt","يُغْشِى","أُغْشِيَتْ","g$w","غشو","ʾuġšiyat","verb","a2ghshyt","4","7:54:15","He covers","auto"
"ghshw-aastghsh","يَسْتَغْشُونَ","ٱسْتَغْشَ","g$w","غشو","āstaġša","verb","aastghsh","2","11:5:9","they cover (themselves)","auto"
"ghshw-ghshw@","غِشَٰوَةٌۭ","غِشَٰوَة","g$w","غشو","ġišāwa","noun","ghshw@","2","2:7:9","(is) a veil","auto"
"ghshw-ghshy","يَغْشَىٰ","غَشِيَ","g$w","غشو","ġašiya","verb","ghshy","16","3:154:9","covered","auto"
"ghshw-ghshy@","غَوَاشٍۢ","غَٰشِيَة","g$w","غشو","ġāšiya","noun","ghshy@","3","7:41:7","coverings","auto"
"ghshw-mghshy","ٱلْمَغْشِىِّ","مَغْشِىّ","g$w","غشو","maġšiāā","noun","mghshy","1","47:20:22","(of) one fainting","auto"
"ghshw-tghshy","تَغَشَّىٰهَا","تَغَشَّىٰ","g$w","غشو","taġaššāā","verb","tghshy","1","7:189:13","he covers her","auto"
"ghsl-aaghsl","فَٱغْسِلُوا۟","ٱغْسِلُ","gsl","غسل","āġsilu","verb","aaghsl","1","5:6:8","then wash","auto"
"ghsl-ghslyn","غِسْلِينٍۢ","غِسْلِين","gsl","غسل","ġislīn","noun","ghslyn","1","69:36:5","(the) discharge of wounds","auto"
"ghsl-mghtsl","مُغْتَسَلٌۢ","مُغْتَسَل","gsl","غسل","muġtasal","noun","mghtsl","1","38:42:4","(is a spring of) water to bathe","auto"
"ghsl-tghtsl","تَغْتَسِلُوا۟","تَغْتَسِلُ","gsl","غسل","taġtasilu","verb","tghtsl","1","4:43:19","you have bathed","auto"
"ghsq-ghaasq","غَاسِقٍ","غَاسِق","gsq","غسق","ġāsiq","noun","ghaasq","1","113:3:3","(of) darkness","auto"
"ghsq-ghsaaq","وَغَسَّاقٌۭ","غَسَّاق","gsq","غسق","ġassāq","noun","ghsaaq","2","38:57:4","and purulence","auto"
"ghsq-ghsq","غَسَقِ","غَسَق","gsq","غسق","ġasaq","noun","ghsq","1","17:78:6","(the) darkness","auto"
"ghthw-ghthaa2","غُثَآءًۭ","غُثَأء","gvw","غثو","ġuṯāʾ","noun","ghthaa2","2","23:41:5","(as) rubbish of dead leaves","auto"
"ghwS-ghwaaS","وَغَوَّاصٍۢ","غَوَّاص","gwS","غوص","ġawwāṣ","noun","ghwaaS","1","38:37:4","and diver","auto"
"ghwS-yghwS","يَغُوصُونَ","يَغُوصُ","gwS","غوص","yaġūṣu","verb","yghwS","1","21:82:4","would dive","auto"
"ghwT-ghaay2T","ٱلْغَآئِطِ","غَأئِط","gwT","غوط","ġāʾiṭ","noun","ghaay2T","2","4:43:31","the toilet","auto"
"ghwl-ghwl","غَوْلٌۭ","غَوْل","gwl","غول","ġawl","noun","ghwl","1","37:47:3","(is) bad effect","auto"
"ghwr-ghaar","ٱلْغَارِ","غَار","gwr","غور","ġār","noun","ghaar","1","9:40:15","the cave","auto"
"ghwr-ghwr","غَوْرًۭا","غَوْر","gwr","غور","ġawr","noun","ghwr","2","18:41:4","sunken","auto"
"ghwr-mghrt","مَغَٰرَٰتٍ","مَغَٰرَٰت","gwr","غور","maġārāt","noun","mghrt","1","9:57:5","caves","auto"
"ghwth-aastghth","تَسْتَغِيثُونَ","ٱسْتَغَٰثَ","gwv","غوث","āstaġāṯa","verb","aastghth","4","8:9:2","you were seeking help","auto"
"ghwth-yghaath","يُغَاثُوا۟","يُغَاثُ","gwv","غوث","yuġāṯu","verb","yghaath","1","18:29:20","they will be relieved","auto"
"ghwy-a2ghwy","أَغْوَيْتَنِى","أَغْوَيْ","gwy","غوي","ʾaġway","verb","a2ghwy","8","7:16:3","You have sent me astray","auto"
"ghwy-ghwy","فَغَوَىٰ","غَوَىٰ","gwy","غوي","ġawāā","verb","ghwy","4","20:121:15","and erred","auto"
"ghwy-ghwyn","ٱلْغَاوِينَ","غَٰوِين","gwy","غوي","ġāwīn","noun","ghwyn","6","7:175:13","those gone astray","auto"
"ghwy-ghy","ٱلْغَىِّ","غَيّ","gwy","غوي","ġayy","noun","ghy","4","2:256:9","the wrong","auto"
"ghyD-ghyD","وَغِيضَ","غِيضَ","gyD","غيض","ġīḍa","verb","ghyD","2","11:44:7","And subsided","auto"
"ghyZ-ghaay2Zwn","لَغَآئِظُونَ","غَأئِظُون","gyZ","غيظ","ġāʾiẓūn","noun","ghaay2Zwn","1","26:55:3","(are) surely enraging","auto"
"ghyZ-ghyZ","ٱلْغَيْظِ","غَيْظ","gyZ","غيظ","ġayẓ","noun","ghyZ","6","3:119:19","[the] rage","auto"
"ghyZ-tghyZ","تَغَيُّظًۭا","تَغَيُّظ","gyZ","غيظ","taġayyuẓ","noun","tghyZ","1","25:12:8","raging","auto"
"ghyZ-yghyZ","يَغِيظُ","يَغِيظُ","gyZ","غيظ","yaġīẓu","verb","yghyZ","3","9:120:34","that angers","auto"
"ghyb-ghaay2b@","غَآئِبَةٍۢ","غَأئِبَة","gyb","غيب","ġāʾiba","noun","ghaay2b@","1","27:75:3","hidden","auto"
"ghyb-ghaay2byn","غَآئِبِينَ","غَأئِبِين","gyb","غيب","ġāʾibīn","noun","ghaay2byn","3","7:7:6","absent","auto"
"ghyb-ghyb","بِٱلْغَيْبِ","غَيْب","gyb","غيب","ġayb","noun","ghyb","49","2:3:3","(of) the unseen","auto"
"ghyb-ghybt","غَيَٰبَتِ","غَيَٰبَت","gyb","غيب","ġayābat","noun","ghybt","2","12:10:9","the bottom","auto"
"ghyb-ghywb","ٱلْغُيُوبِ","غُيُوب","gyb","غيب","ġuyūb","noun","ghywb","4","5:109:15","(of) the unseen","auto"
"ghyb-yghtb","يَغْتَب","يَغْتَب","gyb","غيب","yaġtab","verb","yghtb","1","49:12:15","backbite","auto"
"ghyr-ghyr","غَيْرِ","غَيْر","gyr","غير","ġayr","noun","ghyr","147","1:7:5","without","auto"
"ghyr-mghyr","مُغَيِّرًۭا","مُغَيِّر","gyr","غير","muġayyir","noun","mghyr","1","8:53:6","One Who changes","auto"
"ghyr-mghyrt","فَٱلْمُغِيرَٰتِ","مُغِيرَٰت","gyr","غير","muġīrāt","noun","mghyrt","1","100:3:1","And the chargers","auto"
"ghyr-yghyr","فَلَيُغَيِّرُنَّ","يُغَيِّرُ","gyr","غير","yuġayyiru","verb","yghyr","4","4:119:8","they change","auto"
"ghyr-ytghyr","يَتَغَيَّرْ","يَتَغَيَّرْ","gyr","غير","yataġayyar","verb","ytghyr","1","47:15:16","changes","auto"
"ghyth-ghyth","ٱلْغَيْثَ","غَيْث","gyv","غيث","ġayṯ","noun","ghyth","3","31:34:7","the rain","auto"
"ghyth-yghaath","يُغَاثُ","يُغَاثُ2","gyv","غيث","yuġāṯu","verb","yghaath","1","12:49:8","will be given abundant rain","auto"
"ghzl-ghzl","غَزْلَهَا","غَزْل","gzl","غزل","ġazl","noun","ghzl","1","16:92:5","her spun yarn","auto"
"ghzw-ghzy","غُزًّۭى","غُزًّى","gzw","غزو","ġuzzanā","noun","ghzy","1","3:156:16","fighting","auto"
"hDm-hDm","هَضْمًۭا","هَضْم","hDm","هضم","haḍm","noun","hDm","1","20:112:11","deprivation","auto"
"hDm-hDym","هَضِيمٌۭ","هَضِيم","hDm","هضم","haḍīm","adjective","hDym","1","26:148:4","soft","auto"
"hTa-mhTayn","مُهْطِعِينَ","مُهْطِعِين","hTE","هطع","muhṭiʿīn","noun","mhTayn","3","14:43:1","Racing ahead","auto"
"haat-haat","هَاتُوا۟","هَاتُ","hAt","هات","hātu","verb","haat","4","2:111:14","Bring","auto"
"hbT-yhbT","ٱهْبِطُوا۟","يَهْبِطُ","hbT","هبط","yahbiṭu","verb","yhbT","8","2:36:9","Go down","auto"
"hbw-hbaa2","هَبَآءًۭ","هَبَأء","hbw","هبو","habāʾ","noun","hbaa2","2","25:23:8","(as) dust","auto"
"hdd-hd","هَدًّا","هَدّ","hdd","هدد","hadd","noun","hd","1","19:90:9","(in) devastation","auto"
"hdhd-hdhd","ٱلْهُدْهُدَ","هُدْهُد","hdhd","هدهد","hudhud","noun","hdhd","1","27:20:8","the hoopoe","auto"
"hdm-hdmt","لَّهُدِّمَتْ","هُدِّمَتْ","hdm","هدم","huddimat","verb","hdmt","1","22:40:18","surely (would) have been demolished","auto"
"hdy-a2hdy","أَهْدَىٰ","أَهْدَىٰ","hdy","هدي","ʾahdāā","noun","a2hdy","7","4:51:16","better guided","auto"
"hdy-aahtdy","تَهْتَدُونَ","ٱهْتَدَىٰ","hdy","هدي","āhtadāā","verb","aahtdy","40","2:53:7","(be) guided","auto"
"hdy-haad","هَادٍ","هَاد","hdy","هدي","hād","noun","haad","7","13:7:15","guide","auto"
"hdy-haady","هَادِىَ","هَادِي","hdy","هدي","hādī","noun","haady","2","7:186:5","guide","auto"
"hdy-hdy","ٱهْدِنَا","هَدَى","hdy","هدي","hadā","verb","hdy","237","1:6:1","guide","auto"
"hdy-hdy@","بِهَدِيَّةٍۢ","هَدِيَّة","hdy","هدي","hadīya","noun","hdy@","2","27:35:4","a gift","auto"
"hdy-mhtd","ٱلْمُهْتَدِ","مُّهْتَد","hdy","هدي","muhtad","noun","mhtd","3","17:97:5","the guided one","auto"
"hdy-mhtdwn","مُهْتَدِينَ","مُّهْتَدُون","hdy","هدي","muhtadūn","noun","mhtdwn","17","2:16:11","guided-ones","auto"
"hdy-mhtdy","ٱلْمُهْتَدِى","مُهْتَدِى","hdy","هدي","muhtadiā","noun","mhtdy","1","7:178:5","(is) the guided one","auto"
"hja-yhja","يَهْجَعُونَ","يَهْجَعُ","hjE","هجع","yahǧaʿu","verb","yhja","1","51:17:6","sleep","auto"
"hjd-thjd","فَتَهَجَّدْ","تَهَجَّدْ","hjd","هجد","tahaǧǧad","verb","thjd","1","17:79:3","arise from sleep for prayer","auto"
"hjr-aahjr","وَٱهْجُرُوهُنَّ","ٱهْجُرْ","hjr","هجر","āhǧur","verb","aahjr","5","4:34:26","and forsake them","auto"
"hjr-haajr","هَاجَرُوا۟","هَاجَرَ","hjr","هجر","hāǧara","verb","haajr","16","2:218:5","emigrated","auto"
"hjr-hjr","هَجْرًۭا","هَجْر","hjr","هجر","haǧr","noun","hjr","1","73:10:6","an avoidance","auto"
"hjr-mhaajr","مُهَاجِرًا","مُهَاجِر","hjr","هجر","muhāǧir","noun","mhaajr","7","4:100:16","and the emigrants","auto"
"hjr-mhjrt","مُهَٰجِرَٰتٍۢ","مُهَٰجِرَٰت","hjr","هجر","muhāǧirāt","noun","mhjrt","1","60:10:7","(as) emigrants","auto"
"hjr-mhjwr","مَهْجُورًۭا","مَهْجُور","hjr","هجر","mahǧūr","noun","mhjwr","1","25:30:9","(as) a forsaken thing","auto"
"hla-hlwa","هَلُوعًا","هَلُوع","hlE","هلع","halūʿ","noun","hlwa","1","70:19:4","anxious","auto"
"hlk-a2hlk","وَيُهْلِكَ","أَهْلَكَ","hlk","هلك","ʾahlaka","verb","a2hlk","51","2:205:8","We destroyed","auto"
"hlk-haalk","ٱلْهَٰلِكِينَ","هَالِك","hlk","هلك","hālik","noun","haalk","2","12:85:12","those who perish","auto"
"hlk-hlk","هَلَكَ","هَلَكَ","hlk","هلك","halaka","verb","hlk","5","4:176:9","died","auto"
"hlk-mhlk","مُهْلِكَ","مُهْلِك","hlk","هلك","muhlik","noun","mhlk","7","6:131:6","one who destroys","auto"
"hlk-mhlky","مُهْلِكِى","مُهْلِكِى","hlk","هلك","muhlikiā","noun","mhlky","1","28:59:16","(the) one to destroy","auto"
"hlk-mhlkyn","ٱلْمُهْلَكِينَ","مُهْلَكِين","hlk","هلك","muhlakīn","noun","mhlkyn","1","23:48:4","those who were destroyed","auto"
"hlk-thlk@","ٱلتَّهْلُكَةِ","تَّهْلُكَة","hlk","هلك","tahluka","noun","thlk@","1","2:195:9","[the] destruction","auto"
"hll-a2hl","أُهِلَّ","أُهِلَّ","hll","هلل","ʾuhilla","verb","a2hl","4","2:173:9","has been dedicated","auto"
"hll-a2hl@","ٱلْأَهِلَّةِ","أَهِلَّة","hll","هلل","ʾahilla","noun","a2hl@","1","2:189:3","the new moons","auto"
"hmd-haamd@","هَامِدَةًۭ","هَامِدَة","hmd","همد","hāmida","noun","haamd@","1","22:5:58","barren","auto"
"hmm-a2hmt","أَهَمَّتْهُمْ","أَهَمَّتْ","hmm","همم","ʾahammat","verb","a2hmt","1","3:154:14","worried [them]","auto"
"hmm-hm","هَمَّت","هَمَّ","hmm","همم","hamma","verb","hm","8","3:122:2","inclined","auto"
"hmn-mhymn","وَمُهَيْمِنًا","مُهَيْمِن","hmn","همن","muhaymin","noun","mhymn","2","5:48:11","and a guardian","auto"
"hmr-mnhmr","مُّنْهَمِرٍۢ","مُّنْهَمِر","hmr","همر","munhamir","noun","mnhmr","1","54:11:5","pouring down","auto"
"hms-hms","هَمْسًۭا","هَمْس","hms","همس","hams","noun","hms","1","20:108:13","a faint sound","auto"
"hmz-hmaaz","هَمَّازٍۢ","هَمَّاز","hmz","همز","hammāz","adjective","hmaaz","1","68:11:1","Defamer","auto"
"hmz-hmz@","ٱلرَّحْمَٰنِ","هُمَزَة","hmz","همز","humaza","noun","hmz@","1","104:1:3","slanderer","auto"
"hmz-hmzt","هَمَزَٰتِ","هَمَزَٰت","hmz","همز","hamazāt","noun","hmzt","1","23:97:6","(the) suggestions","auto"
"hnaa-hny","هَنِيٓـًۭٔا","هَنِئـٕ","hnA","هنا","hanī","adjective","hny","4","4:4:13","(in) satisfaction","auto"
"hra-yhra","يُهْرَعُونَ","يُهْرَعُ","hrE","هرع","yuhraʿu","verb","yhra","2","11:78:3","rushing","auto"
"hrb-hrb","هَرَبًۭا","هَرَب","hrb","هرب","harab","noun","hrb","1","72:12:11","(by) flight","auto"
"hshm-hshym","هَشِيمًۭا","هَشِيم","h$m","هشم","hašīm","noun","hshym","2","18:45:15","dry stalks","auto"
"hshsh-a2hsh","وَأَهُشُّ","أَهُشُّ","h$$","هشش","ʾahuššu","verb","a2hsh","1","20:18:6","and I bring down leaves","auto"
"hwd-haad","هَادُوا۟","هَادُ","hwd","هود","hādu","verb","haad","11","2:62:5","are Jews","auto"
"hwd-hwd","هُودًا","هُود2","hwd","هود","hūd","proper-noun","hwd","10","2:111:8","Hud","auto"
"hwn-a2hn","يُهِنِ","أَهَٰنَ","hwn","هون","ʾahāna","verb","a2hn","2","22:18:27","Allah humiliates","auto"
"hwn-a2hwn","أَهْوَنُ","أَهْوَن","hwn","هون","ʾahwan","noun","a2hwn","1","30:27:8","(is) easier","auto"
"hwn-hwn","ٱلْهُونِ","هُون","hwn","هون","hūn","noun","hwn","5","6:93:38","humiliating","auto"
"hwn-hyn","هَيِّنٌۭ","هَيِّن","hwn","هون","hayyin","noun","hyn","3","19:9:7","(is) easy for Me","auto"
"hwn-mhaan","مُهَانًا","مُهَان","hwn","هون","muhān","noun","mhaan","1","25:69:8","humiliated","auto"
"hwn-mhyn","مُّهِينٌۭ","مُّهِين","hwn","هون","muhīn","adjective","mhyn","14","2:90:27","humiliating","auto"
"hwr-aanhaar","فَٱنْهَارَ","ٱنْهَارَ","hwr","هور","ānhāra","verb","aanhaar","1","9:109:18","so it collapsed","auto"
"hwr-haar","هَارٍۢ","هَار","hwr","هور","hār","noun","haar","1","9:109:17","(about to) collapse","auto"
"hwy-a2hwaa2","أَهْوَآءَهُم","أَهْوَأء","hwy","هوي","ʾahwāʾ","noun","a2hwaa2","17","2:120:18","their desires","auto"
"hwy-aasthwt","ٱسْتَهْوَتْهُ","ٱسْتَهْوَتْ","hwy","هوي","āstahwat","verb","aasthwt","1","6:71:19","whom (has been) enticed","auto"
"hwy-haawy@","هَاوِيَةٌۭ","هَاوِيَة","hwy","هوي","hāwiya","noun","haawy@","1","101:9:2","(will be the) Pit","auto"
"hwy-hwaa2","ٱلْهَوَىٰٓ","هَوَأء","hwy","هوي","hawāʾ","noun","hwaa2","11","4:135:25","the desire","auto"
"hwy-hwy","تَهْوَىٰٓ","هَوَىٰ","hwy","هوي","hawāā","verb","hwy","8","2:87:22","desire","auto"
"hyaa-hy@","كَهَيْـَٔةِ","هَيْـَٕة","hyA","هيا","haya","noun","hy@","2","3:49:16","like the form","auto"
"hyaa-yhyy2","وَهَيِّئْ","يُهَيِّئْ","hyA","هيا","yuhayyiʾ","verb","yhyy2","2","18:10:12","and facilitate","auto"
"hyj-yhyj","يَهِيجُ","يَهِيجُ","hyj","هيج","yahīǧu","verb","yhyj","2","39:21:20","they wither","auto"
"hyl-mhyl","مَّهِيلًا","مَّهِيل","hyl","هيل","mahīl","adjective","mhyl","1","73:14:8","pouring down","auto"
"hym-hym","ٱلْهِيمِ","هِيم","hym","هيم","hīm","noun","hym","1","56:55:3","(of) the thirsty camels","auto"
"hym-yhym","يَهِيمُونَ","يَهِيمُ","hym","هيم","yahīmu","verb","yhym","1","26:225:7","[they] roam","auto"
"hyt-hyt","هَيْتَ","هَيْتَ","hyt","هيت","hayta","verb","hyt","1","12:23:11","Come on","auto"
"hzaa-aasthzy2","يَسْتَهْزِئُ","ٱسْتُهْزِئَ","hzA","هزا","āstuhziʾa","verb","aasthzy2","21","2:15:2","mock","auto"
"hzaa-hzw","هُزُوًۭا","هُزُو","hzA","هزا","huzū","noun","hzw","11","2:67:13","(in) ridicule","auto"
"hzaa-msthz2wn","مُسْتَهْزِءُونَ","مُسْتَهْزِءُون","hzA","هزا","mustahziʾūn","noun","msthz2wn","2","2:14:16","(are) mockers","auto"
"hzl-hzl","بِٱلْهَزْلِ","هَزْل","hzl","هزل","hazl","noun","hzl","1","86:14:3","(is) for amusement","auto"
"hzm-hzm","فَهَزَمُوهُم","هَزَمُ","hzm","هزم","hazamu","verb","hzm","2","2:251:1","So they defeated them","auto"
"hzm-mhzwm","مَهْزُومٌۭ","مَهْزُوم","hzm","هزم","mahzūm","noun","mhzwm","1","38:11:4","(they will be) defeated","auto"
"hzz-aahtzt","ٱهْتَزَّتْ","ٱهْتَزَّتْ","hzz","هزز","āhtazzat","verb","aahtzt","4","22:5:63","moving","auto"
"hzz-hz","وَهُزِّىٓ","هُزِّ","hzz","هزز","huzzi","verb","hz","1","19:25:1","And shake","auto"
"jHd-jHd","يَجْحَدُونَ","جَحَدُ","jHd","جحد","ǧaḥadu","verb","jHd","12","6:33:14","they reject","auto"
"jHm-jHym","ٱلْجَحِيمِ","جَحِيم","jHm","جحم","ǧaḥīm","noun","jHym","26","2:119:10","(of) the Hellfire","auto"
"jaar-yjr","تَجْـَٔرُونَ","يَجْـَٕرُ","jAr","جار","yaǧaru","verb","yjr","3","16:53:12","cry for help","auto"
"jal-jaal","جَاعِلٌۭ","جَاعِل","jEl","جعل","ǧāʿil","noun","jaal","6","2:30:6","going to place","auto"
"jal-jal","يَجْعَلُونَ","جَعَلَ","jEl","جعل","ǧaʿala","verb","jal","340","2:19:9","made","auto"
"jbb-jb","ٱلْجُبِّ","جُبّ","jbb","جبب","ǧubb","noun","jb","2","12:10:10","(of) the well","auto"
"jbh-jbaah","جِبَاهُهُمْ","جِبَاه","jbh","جبه","ǧibāh","noun","jbaah","1","9:35:9","their foreheads","auto"
"jbl-jbl","جَبَلٍۢ","جَبَل","jbl","جبل","ǧabal","noun","jbl","39","2:260:28","the mountains","auto"
"jbl-jbl@","وَٱلْجِبِلَّةَ","جِبِلَّة","jbl","جبل","ǧibilla","noun","jbl@","2","26:184:4","and the generations","auto"
"jbn-jbyn","لِلْجَبِينِ","جَبِين","jbn","جبن","ǧabīn","noun","jbyn","1","37:103:4","upon his forehead","auto"
"jbr-jbaar","جَبَّارِينَ","جَبَّار","jbr","جبر","ǧabbār","adjective","jbaar","10","5:22:6","tyrant","auto"
"jbt-jbt","بِٱلْجِبْتِ","جِبْت","jbt","جبت","ǧibt","noun","jbt","1","4:51:10","in the superstition","auto"
"jby-aajtby","يَجْتَبِى","ٱجْتَبَىٰ","jby","جبي","āǧtabāā","verb","aajtby","10","3:179:23","chooses","auto"
"jby-jwaab","كَٱلْجَوَابِ","جَوَاب2","jby","جبي","ǧawāb","noun","jwaab","1","34:13:9","like reservoirs","auto"
"jby-yjby","يُجْبَىٰٓ","يُجْبَىٰٔ","jby","جبي","yuǧbāā","verb","yjby","1","28:57:14","are brought","auto"
"jdd-jd","جَدُّ","جَدّ","jdd","جدد","ǧadd","noun","jd","1","72:3:3","(the) Majesty","auto"
"jdd-jdd","جُدَدٌۢ","جُدَد","jdd","جدد","ǧudad","noun","jdd","1","35:27:16","(are) tracts","auto"
"jdd-jdyd","جَدِيدٍ","جَدِيد","jdd","جدد","ǧadīd","adjective","jdyd","8","13:5:11","new","auto"
"jdha-jdha","جِذْعِ","جِذْع","j*E","جذع","ǧiḏʿ","noun","jdha","3","19:23:4","(the) trunk","auto"
"jdhdh-jdhdh","جُذَٰذًا","جُذَٰذ","j**","جذذ","ǧuḏāḏ","noun","jdhdh","1","21:58:2","(into) pieces","auto"
"jdhdh-mjdhwdh","مَجْذُوذٍۢ","مَجْذُوذ","j**","جذذ","maǧḏūḏ","noun","mjdhwdh","1","11:108:18","interrupted","auto"
"jdhw-jdhw@","جَذْوَةٍۢ","جَذْوَة","j*w","جذو","ǧaḏwa","noun","jdhw@","1","28:29:23","a burning wood","auto"
"jdl-jdaal","جِدَالَ","جِدَال","jdl","جدل","ǧidāl","noun","jdaal","2","2:197:13","quarrelling","auto"
"jdl-jdl","تُجَٰدِلْ","جَٰدَلُ","jdl","جدل","ǧādalu","verb","jdl","27","4:107:2","dispute","auto"
"jdr-a2jdr","وَأَجْدَرُ","أَجْدَر","jdr","جدر","ʾaǧdar","noun","a2jdr","1","9:97:5","and more likely","auto"
"jdr-jdaar","جِدَارًۭا","جِدَار","jdr","جدر","ǧidār","noun","jdaar","2","18:77:14","a wall","auto"
"jdr-jdr","جُدُرٍۭ","جُدُر","jdr","جدر","ǧudur","noun","jdr","1","59:14:11","walls","auto"
"jdth-a2jdaath","ٱلْأَجْدَاثِ","أَجْدَاث","jdv","جدث","ʾaǧdāṯ","noun","a2jdaath","3","36:51:7","the graves","auto"
"jfaa-jfaa2","جُفَآءًۭ","جُفَأء","jfA","جفا","ǧufāʾ","noun","jfaa2","1","13:17:31","(as) scum","auto"
"jfn-jfaan","وَجِفَانٍۢ","جِفَان","jfn","جفن","ǧifān","noun","jfaan","1","34:13:8","and bowls","auto"
"jfw-ttjaafy","تَتَجَافَىٰ","تَتَجَافَىٰ","jfw","جفو","tataǧāfāā","verb","ttjaafy","1","32:16:1","Forsake","auto"
"jhd-jhaad","وَجِهَادٍۢ","جِهَاد","jhd","جهد","ǧihād","noun","jhaad","4","9:24:21","and striving","auto"
"jhd-jhd","وَجَٰهَدُوا۟","جَٰهَدَ","jhd","جهد","ǧāhada","verb","jhd","33","2:218:6","strongest","auto"
"jhd-mjhdyn","وَٱلْمُجَٰهِدُونَ","مُجَٰهِدِين","jhd","جهد","muǧāhidīn","noun","mjhdyn","4","4:95:9","the ones who strive","auto"
"jhl-jaahl","ٱلْجَٰهِلِينَ","جَاهِل","jhl","جهل","ǧāhil","noun","jaahl","10","2:67:20","the ignorant","auto"
"jhl-jhl@","بِجَهَٰلَةٍۢ","جَهَٰلَة","jhl","جهل","ǧahāla","noun","jhl@","4","4:17:8","in ignorance","auto"
"jhl-jhly@","ٱلْجَٰهِلِيَّةِ","جَٰهِلِيَّة","jhl","جهل","ǧāhilīya","noun","jhly@","4","3:154:21","(of the time of) ignorance","auto"
"jhl-jhwl","جَهُولًۭا","جَهُول","jhl","جهل","ǧahūl","adjective","jhwl","1","33:72:18","ignorant","auto"
"jhl-yjhl","يَجْهَلُونَ","يَجْهَلُ","jhl","جهل","yaǧhalu","verb","yjhl","5","6:111:22","ignorant","auto"
"jhr-jhaar","جِهَارًۭا","جِهَار","jhr","جهر","ǧihār","noun","jhaar","1","71:8:4","publicly","auto"
"jhr-jhr","ٱلْجَهْرَ","جَهْر","jhr","جهر","ǧahr","noun","jhr","12","4:148:4","be loud","auto"
"jhr-jhr@","جَهْرَةًۭ","جَهْرَة","jhr","جهر","ǧahra","noun","jhr@","3","2:55:10","manifestly","auto"
"jhz-jhaaz","بِجَهَازِهِمْ","جَهَاز","jhz","جهز","ǧahāz","noun","jhaaz","2","12:59:3","with their supplies","auto"
"jhz-jhz","جَهَّزَهُم","جَهَّزَ","jhz","جهز","ǧahhaza","verb","jhz","2","12:59:2","he had furnished them","auto"
"jlb-a2jlb","وَأَجْلِبْ","أَجْلِبْ","jlb","جلب","ʾaǧlib","verb","a2jlb","1","17:64:6","and assault","auto"
"jlb-jlbyb","جَلَٰبِيبِهِنَّ","جَلَٰبِيب","jlb","جلب","ǧalābīb","noun","jlbyb","1","33:59:11","their outer garments","auto"
"jld-aajld","فَٱجْلِدُوا۟","ٱجْلِدُ","jld","جلد","āǧlidu","verb","aajld","2","24:2:3","[then] flog","auto"
"jld-jld@","جَلْدَةٍۢ","جَلْدَة","jld","جلد","ǧalda","noun","jld@","2","24:2:8","lash(es)","auto"
"jld-jlwd","جُلُودُهُم","جُلُود","jld","جلد","ǧulūd","noun","jlwd","9","4:56:10","their skins","auto"
"jll-jll","ٱلْجَلَٰلِ","جَلَٰل","jll","جلل","ǧalāl","noun","jll","2","55:27:5","(of) Majesty","auto"
"jls-mjls","ٱلْمَجَٰلِسِ","مَجَٰلِس","jls","جلس","maǧālis","noun","mjls","1","58:11:9","the assemblies","auto"
"jlw-jlaa2","ٱلْجَلَآءَ","جَلَأء","jlw","جلو","ǧalāʾ","noun","jlaa2","1","59:3:6","the exile","auto"
"jlw-jly","يُجَلِّيهَا","جَلَّىٰ","jlw","جلو","ǧallāā","verb","jly","2","7:187:12","can reveal [it]","auto"
"jlw-tjly","تَجَلَّىٰ","تَجَلَّىٰ","jlw","جلو","taǧallāā","verb","tjly","2","7:143:25","revealed (His) Glory","auto"
"jmH-yjmH","يَجْمَحُونَ","يَجْمَحُ","jmH","جمح","yaǧmaḥu","verb","yjmH","1","9:57:11","run wild","auto"
"jma-a2jma","فَأَجْمِعُوٓا۟","أَجْمَعُ","jmE","جمع","ʾaǧmaʿu","verb","a2jma","4","10:71:20","So you all resolve","auto"
"jma-a2jmayn","أَجْمَعِينَ","أَجْمَعِين","jmE","جمع","ʾaǧmaʿīn","noun","a2jmayn","26","2:161:13","all","auto"
"jma-aajtma","ٱجْتَمَعَتِ","ٱجْتَمَعُ","jmE","جمع","āǧtamaʿu","verb","aajtma","2","17:88:3","gathered","auto"
"jma-jaama","جَامِعُ","جَامِع","jmE","جمع","ǧāmiʿ","noun","jaama","3","3:9:3","will gather","auto"
"jma-jma","جَمَعْنَٰهُمْ","جَمَعَ","jmE","جمع","ǧamaʿa","verb","jma","35","3:25:3","the two hosts","auto"
"jma-jma@","ٱلْجُمُعَةِ","جُمُعَة","jmE","جمع","ǧumuʿa","proper-noun","jma@","1","62:9:9","(of) Friday","auto"
"jma-jmya","جَمِيعًۭا","جَمِيع","jmE","جمع","ǧamīʿ","noun","jmya","53","2:29:8","all","auto"
"jma-mjma","مَجْمَعَ","مَجْمَع","jmE","جمع","maǧmaʿ","noun","mjma","2","18:60:9","the junction","auto"
"jma-mjmwa","مَّجْمُوعٌۭ","مَّجْمُوع","jmE","جمع","maǧmūʿ","noun","mjmwa","2","11:103:11","(will) be gathered","auto"
"jma-mjtmawn","مُّجْتَمِعُونَ","مُّجْتَمِعُون","jmE","جمع","muǧtamiʿūn","noun","mjtmawn","1","26:39:5","assemble","auto"
"jmd-jaamd@","جَامِدَةًۭ","جَامِدَة","jmd","جمد","ǧāmida","noun","jaamd@","1","27:88:4","firmly fixed","auto"
"jml-jmaal","جَمَالٌ","جَمَال","jml","جمل","ǧamāl","noun","jmaal","1","16:6:3","(is) beauty","auto"
"jml-jml","ٱلْجَمَلُ","جَمَل","jml","جمل","ǧamal","noun","jml","1","7:40:17","the camel","auto"
"jml-jml@","جُمْلَةًۭ","جُمْلَة","jml","جمل","ǧumla","noun","jml@","1","25:32:8","all at once","auto"
"jml-jmlt","جِمَٰلَتٌۭ","جِمَٰلَت","jml","جمل","ǧimālat","noun","jmlt","1","77:33:2","camels","auto"
"jml-jmyl","جَمِيلٌۭ","جَمِيل","jml","جمل","ǧamīl","adjective","jmyl","7","12:18:13","good","auto"
"jmm-jm","جَمًّۭا","جَمّ","jmm","جمم","ǧamm","adjective","jm","1","89:20:4","immense","auto"
"jnH-jnH","جَنَحُوا۟","جَنَحُ","jnH","جنح","ǧanaḥu","verb","jnH","2","8:61:2","they incline","auto"
"jnH-jnaaH","جُنَاحَ","جُنَاح","jnH","جنح","ǧunāḥ","noun","jnaaH","32","2:158:13","blame","auto"
"jnb-aajnb","وَٱجْنُبْنِى","ٱجْنُبْ","jnb","جنب","āǧnub","verb","aajnb","1","14:35:9","and keep me away","auto"
"jnb-aajtnb","تَجْتَنِبُوا۟","ٱجْتَنَبُ","jnb","جنب","āǧtanabu","verb","aajtnb","9","4:31:2","avoid","auto"
"jnb-jaanb","جَانِبَ","جَانِب","jnb","جنب","ǧānib","noun","jaanb","9","17:68:5","side","auto"
"jnb-jnb","جُنُوبِهِمْ","جَنب","jnb","جنب","ǧanb","noun","jnb","12","3:191:7","their sides","auto"
"jnb-yjnb","وَسَيُجَنَّبُهَا","يُجَنَّبُ","jnb","جنب","yuǧannabu","verb","yjnb","1","92:17:1","But will be removed from it","auto"
"jnb-ytjnb","وَيَتَجَنَّبُهَا","يَتَجَنَّبُ","jnb","جنب","yataǧannabu","verb","ytjnb","1","87:11:1","And will avoid it","auto"
"jnd-jnd","بِٱلْجُنُودِ","جُند","jnd","جند","ǧund","noun","jnd","29","2:249:4","and his hosts","auto"
"jnf-jnf","جَنَفًا","جَنَف","jnf","جنف","ǧanaf","noun","jnf","1","2:182:5","(any) error","auto"
"jnf-mtjaanf","مُتَجَانِفٍۢ","مُتَجَانِف","jnf","جنف","mutaǧānif","noun","mtjaanf","1","5:3:56","inclining","auto"
"jnn-a2jn@","أَجِنَّةٌۭ","أَجِنَّة","jnn","جنن","ʾaǧinna","noun","a2jn@","1","53:32:21","fetuses","auto"
"jnn-jaan","وَٱلْجَآنَّ","جَأنّ","jnn","جنن","ǧānn","noun","jaan","7","15:27:1","any jinn","auto"
"jnn-jn","جَنَّ","جَنَّ","jnn","جنن","ǧanna","verb","jn","23","6:76:2","the jinn","auto"
"jnn-jn@","جَنَّٰتٍۢ","جَنَّة","jnn","جنن","ǧanna","noun","jn@","159","2:25:8","Gardens","auto"
"jnn-mjnwn","لَمَجْنُونٌۭ","مَجْنُون","jnn","جنن","maǧnūn","noun","mjnwn","11","15:6:8","a madman","auto"
"jny-jny","جَنِيًّۭا","جَنِيّ","jny","جني","ǧanīy","adjective","jny","2","19:25:8","ripe","auto"
"jrH-aajtrH","ٱجْتَرَحُوا۟","ٱجْتَرَحُ","jrH","جرح","āǧtaraḥu","verb","aajtrH","1","45:21:4","commit","auto"
"jrH-jrH","جَرَحْتُم","جَرَحْ","jrH","جرح","ǧaraḥ","verb","jrH","1","6:60:7","you committed","auto"
"jrH-jrwH","وَٱلْجُرُوحَ","جُرُوح","jrH","جرح","ǧurūḥ","noun","jrwH","1","5:45:15","and (for) wounds","auto"
"jrH-jwaarH","ٱلْجَوَارِحِ","جَوَارِح","jrH","جرح","ǧawāriḥ","noun","jwaarH","1","5:4:12","(your) hunting animals","auto"
"jra-ytjra","يَتَجَرَّعُهُۥ","يَتَجَرَّعُ","jrE","جرع","yataǧarraʿu","verb","ytjra","1","14:17:1","He will sip it","auto"
"jrd-jraad","وَٱلْجَرَادَ","جَرَاد","jrd","جرد","ǧarād","noun","jraad","2","7:133:4","and the locusts","auto"
"jrf-jrf","جُرُفٍ","جُرُف","jrf","جرف","ǧuruf","noun","jrf","1","9:109:16","(of) a cliff","auto"
"jrm-a2jrm","أَجْرَمُوا۟","أَجْرَمُ","jrm","جرم","ʾaǧramu","verb","a2jrm","5","6:124:21","committed crimes","auto"
"jrm-i2jraam","إِجْرَامِى","إِجْرَام","jrm","جرم","ʾiǧrām","noun","i2jraam","1","11:35:8","(is) my crime","auto"
"jrm-jrm","جَرَمَ","جَرَم","jrm","جرم","ǧaram","noun","jrm","5","11:22:2","doubt","auto"
"jrm-mjrm","ٱلْمُجْرِمِينَ","مُجْرِم","jrm","جرم","muǧrim","noun","mjrm","52","6:55:6","the criminals","auto"
"jrm-yjrm","يَجْرِمَنَّكُمْ","يَجْرِمَ","jrm","جرم","yaǧrima","verb","yjrm","3","5:2:28","incite you","auto"
"jrr-yjr","يَجُرُّهُۥٓ","يَجُرُّ","jrr","جرر","yaǧurru","verb","yjr","1","7:150:21","dragging him","auto"
"jry-jaary@","ٱلْجَارِيَةِ","جَارِيَة","jry","جري","ǧāriya","noun","jaary@","2","69:11:7","the sailing (ship)","auto"
"jry-jry","تَجْرِى","جَرَيْ","jry","جري","ǧaray","verb","jry","57","2:25:9","flow","auto"
"jry-jryt","فَٱلْجَٰرِيَٰتِ","جَٰرِيَٰت","jry","جري","ǧāriyāt","noun","jryt","1","51:3:1","And those sailing","auto"
"jry-jwaar","ٱلْجَوَارِ","جَوَار","jry","جري","ǧawār","adjective","jwaar","3","42:32:3","(are) the ships","auto"
"jry-mjry","مَجْر۪ىٰهَا","مَجْرىٰ","jry","جري","maǧrāā","noun","mjry","1","11:41:6","(is) its course","auto"
"jrz-jrz","جُرُزًا","جُرُز","jrz","جرز","ǧuruz","adjective","jrz","2","18:8:6","barren","auto"
"jsd-jsd","جَسَدًۭا","جَسَد","jsd","جسد","ǧasad","noun","jsd","4","7:148:9","an image","auto"
"jsm-jsm","وَٱلْجِسْمِ","جِسْم","jsm","جسم","ǧism","noun","jsm","2","2:247:35","and [the] physique","auto"
"jss-tjss","تَجَسَّسُوا۟","تَجَسَّسُ","jss","جسس","taǧassasu","verb","tjss","1","49:12:13","spy","auto"
"jthm-jthmyn","جَٰثِمِينَ","جَٰثِمِين","jvm","جثم","ǧāṯimīn","noun","jthmyn","5","7:78:6","fallen prone","auto"
"jthth-aajttht","ٱجْتُثَّتْ","ٱجْتُثَّتْ","jvv","جثث","āǧtuṯṯat","verb","aajttht","1","14:26:6","uprooted","auto"
"jthw-jaathy@","جَاثِيَةًۭ","جَاثِيَة","jvw","جثو","ǧāṯiya","noun","jaathy@","1","45:28:4","kneeling","auto"
"jthw-jthy","جِثِيًّۭا","جِثِيّ","jvw","جثو","ǧiṯīy","noun","jthy","2","19:68:8","bent (on) knees","auto"
"jwa-jwa","وَٱلْجُوعِ","جُوع","jwE","جوع","ǧūʿ","noun","jwa","4","2:155:5","and [the] hunger","auto"
"jwa-tjwa","تَجُوعَ","تَجُوعَ","jwE","جوع","taǧūʿa","verb","tjwa","1","20:118:4","you will be hungry","auto"
"jwb-a2jybt","أُجِيبُ","أُجِيبَت","jwb","جوب","ʾuǧībat","verb","a2jybt","8","2:186:7","I respond","auto"
"jwb-aastjaab","فَلْيَسْتَجِيبُوا۟","ٱسْتَجَابَ","jwb","جوب","āstaǧāba","verb","aastjaab","28","2:186:12","respond","auto"
"jwb-jaab","جَابُوا۟","جَابُ","jwb","جوب","ǧābu","verb","jaab","1","89:9:3","carved out","auto"
"jwb-jwaab","جَوَابَ","جَوَاب","jwb","جوب","ǧawāb","noun","jwaab","4","7:82:3","(the) answer","auto"
"jwb-mjyb","مُّجِيبٌۭ","مُّجِيب","jwb","جوب","muǧīb","noun","mjyb","2","11:61:27","All-Responsive","auto"
"jwd-jyaad","ٱلْجِيَادُ","جِيَاد","jwd","جود","ǧiyād","adjective","jyaad","1","38:31:6","excellent bred steeds","auto"
"jwf-jwf","جَوْفِهِۦ","جَوْف","jwf","جوف","ǧawf","noun","jwf","1","33:4:8","his interior","auto"
"jwr-aastjaar","ٱسْتَجَارَكَ","ٱسْتَجَارَ","jwr","جور","āstaǧāra","verb","aastjaar","1","9:6:5","seek your protection","auto"
"jwr-jaar","وَٱلْجَارِ","جَار","jwr","جور","ǧār","noun","jaar","3","4:36:13","and the neighbor","auto"
"jwr-jaay2r","جَآئِرٌۭ","جَأئِر","jwr","جور","ǧāʾir","noun","jaay2r","1","16:9:6","(are) crooked","auto"
"jwr-mtjwrt","مُّتَجَٰوِرَٰتٌۭ","مُّتَجَٰوِرَٰت","jwr","جور","mutaǧāwirāt","noun","mtjwrt","1","13:4:4","neighboring","auto"
"jwr-yjaawr","يُجَاوِرُونَكَ","يُجَاوِرُ","jwr","جور","yuǧāwiru","verb","yjaawr","1","33:60:16","they will remain your neighbors","auto"
"jwr-yjyr","فَأَجِرْهُ","يُجِيرُ","jwr","جور","yuǧīru","verb","yjyr","6","9:6:6","then grant him protection","auto"
"jws-jaas","فَجَاسُوا۟","جَاسُ","jws","جوس","ǧāsu","verb","jaas","1","17:5:12","and they entered","auto"
"jww-jw","جَوِّ","جَوّ","jww","جوو","ǧaww","noun","jw","1","16:79:7","the midst","auto"
"jwz-jaawz","جَاوَزَهُۥ","جَاوَزَ","jwz","جوز","ǧāwaza","verb","jaawz","4","2:249:31","he crossed it","auto"
"jwz-ntjaawz","وَنَتَجَاوَزُ","نَتَجَاوَزُ","jwz","جوز","nataǧāwazu","verb","ntjaawz","1","46:16:8","and We will overlook","auto"
"jyaa-jaa2","جِئْتَ","جَأءَ","jyA","جيا","ǧāʾa","verb","jaa2","278","2:71:19","came to them","auto"
"jyb-jyb","جُيُوبِهِنَّ","جَيْب","jyb","جيب","ǧayb","noun","jyb","3","24:31:18","your bosom","auto"
"jyd-jyd","جِيدِهَا","جِيد","jyd","جيد","ǧīd","noun","jyd","1","111:5:2","her neck","auto"
"jza-jza","أَجَزِعْنَآ","جَزِعْ","jzE","جزع","ǧaziʿ","verb","jza","1","14:21:28","whether we show intolerance","auto"
"jza-jzwa","جَزُوعًۭا","جَزُوع","jzE","جزع","ǧazūʿ","noun","jzwa","1","70:20:4","distressed","auto"
"jzaa-jz2","جُزْءًۭا","جُزْء","jzA","جزا","ǧuzʾ","noun","jz2","3","2:260:30","a portion","auto"
"jzy-jaaz","جَازٍ","جَاز","jzy","جزي","ǧāz","noun","jaaz","1","31:33:15","(can) avail","auto"
"jzy-jzaa2","جَزَآءُ","جَزَأء","jzy","جزي","ǧazāʾ","noun","jzaa2","42","2:85:29","a reward","auto"
"jzy-jzy","تَجْزِى","جَزَىٰ","jzy","جزي","ǧazāā","verb","jzy","73","2:48:4","We recompense","auto"
"jzy-jzy@","ٱلْجِزْيَةَ","جِزْيَة","jzy","جزي","ǧizya","noun","jzy@","1","9:29:25","the jizyah","auto"
"jzy-njzy","نُجَٰزِىٓ","نُجَٰزِىٔ","jzy","جزي","nuǧāziā","verb","njzy","1","34:17:6","We recompense","auto"
"kZm-kZmyn","وَٱلْكَٰظِمِينَ","كَٰظِمِين","kZm","كظم","kāẓimīn","noun","kZmyn","2","3:134:6","and those who restrain","auto"
"kZm-kZym","كَظِيمٌۭ","كَظِيم","kZm","كظم","kaẓīm","noun","kZym","3","12:84:12","a suppressor","auto"
"kZm-mkZwm","مَكْظُومٌۭ","مَكْظُوم","kZm","كظم","makẓūm","noun","mkZwm","1","68:48:11","(was) distressed","auto"
"kaas-ka2s","بِكَأْسٍۢ","كَأْس","kAs","كاس","kaʾs","noun","ka2s","6","37:45:3","a cup","auto"
"kab-kab@","ٱلْكَعْبَةِ","كَعْبَة","kEb","كعب","kaʿba","proper-noun","kab@","2","5:95:26","the Kabah","auto"
"kab-kabyn","ٱلْكَعْبَيْنِ","كَعْبَيْن","kEb","كعب","kaʿbayn","noun","kabyn","1","5:6:17","the ankles","auto"
"kab-kwaab","وَكَوَاعِبَ","كَوَاعِب","kEb","كعب","kawāʿib","noun","kwaab","1","78:33:1","And splendid companions","auto"
"kbb-kbt","فَكُبَّتْ","كُبَّتْ","kbb","كبب","kubbat","verb","kbt","1","27:90:4","will be cast down","auto"
"kbb-mkb","مُكِبًّا","مُكِبّ","kbb","كبب","mukibb","noun","mkb","1","67:22:3","fallen","auto"
"kbd-kbd","كَبَدٍ","كَبَد","kbd","كبد","kabad","noun","kbd","1","90:4:5","hardship","auto"
"kbkb-kbkb","فَكُبْكِبُوا۟","كُبْكِبُ","kbkb","كبكب","kubkibu","verb","kbkb","1","26:94:1","Then they will be overturned","auto"
"kbr-a2kbr","أَكْبَرُ","أَكْبَر","kbr","كبر","ʾakbar","noun","a2kbr","25","2:217:22","(is) greater","auto"
"kbr-aastkbaar","ٱسْتِكْبَارًۭا","ٱسْتِكْبَار","kbr","كبر","āstikbār","noun","aastkbaar","2","35:43:1","(Due to) arrogance","auto"
"kbr-aastkbr","وَٱسْتَكْبَرَ","ٱسْتَكْبَرَ","kbr","كبر","āstakbara","verb","aastkbr","40","2:34:10","were arrogant","auto"
"kbr-kbaar","كُبَّارًۭا","كُبَّار","kbr","كبر","kubbār","adjective","kbaar","1","71:22:3","great","auto"
"kbr-kbr","وَلِتُكَبِّرُوا۟","كَبِّرْ","kbr","كبر","kabbir","verb","kbr","20","2:185:38","the old age","auto"
"kbr-kbraa2","وَكُبَرَآءَنَا","كُبَرَأء","kbr","كبر","kubarāʾ","noun","kbraa2","1","33:67:6","and our great men","auto"
"kbr-kbry","ٱلْكُبْرَى","كُبْرَىٰ","kbr","كبر","kubrāā","adjective","kbry","7","20:23:4","the Greatest","auto"
"kbr-kbryaa2","ٱلْكِبْرِيَآءُ","كِبْرِيَأء","kbr","كبر","kibriyāʾ","noun","kbryaa2","2","10:78:10","the greatness","auto"
"kbr-kbyr","كَبِيرٌۭ","كَبِير","kbr","كبر","kabīr","adjective","kbyr","40","2:217:10","great","auto"
"kbr-kbyr@","لَكَبِيرَةٌ","كَبِيرَة","kbr","كبر","kabīra","noun","kbyr@","7","2:45:5","(is) surely difficult","auto"
"kbr-mstkbr","مُّسْتَكْبِرُونَ","مُسْتَكْبِر","kbr","كبر","mustakbir","noun","mstkbr","6","16:22:11","(are) arrogant","auto"
"kbr-mtkbr","ٱلْمُتَكَبِّرِينَ","مُتَكَبِّر","kbr","كبر","mutakabbir","noun","mtkbr","7","16:29:8","(of) the arrogant","auto"
"kbr-tkbyr","تَكْبِيرًۢا","تَكْبِير","kbr","كبر","takbīr","noun","tkbyr","1","17:111:21","(with all) magnificence","auto"
"kbr-ytkbr","تَتَكَبَّرَ","يَتَكَبَّرُ","kbr","كبر","yatakabbaru","verb","ytkbr","2","7:13:8","you be arrogant","auto"
"kbt-kbt","يَكْبِتَهُمْ","كُبِتَ","kbt","كبت","kubita","verb","kbt","3","3:127:7","suppress them","auto"
"kdH-kaadH","كَادِحٌ","كَادِح","kdH","كدح","kādiḥ","noun","kaadH","1","84:6:4","(are) laboring","auto"
"kdH-kdH","كَدْحًۭا","كَدْح","kdH","كدح","kadḥ","noun","kdH","1","84:6:7","(with) exertion","auto"
"kdhb-kdhaab","كَذَّابٌ","كَذَّاب","k*b","كذب","kaḏḏāb","adjective","kdhaab","7","38:4:10","a liar","auto"
"kdhb-kdhb","يَكْذِبُونَ","كَذَبَ","k*b","كذب","kaḏaba","verb","kdhb","252","2:10:12","will you both deny","auto"
"kdhb-mkdhbyn","ٱلْمُكَذِّبِينَ","مُّكَذِّبِين","k*b","كذب","mukaḏḏibīn","noun","mkdhbyn","21","3:137:13","to the deniers","auto"
"kdhb-mkdhwb","مَكْذُوبٍۢ","مَكْذُوب","k*b","كذب","makḏūb","noun","mkdhwb","1","11:65:11","(to) be belied","auto"
"kdhb-tkdhyb","تَكْذِيبٍۢ","تَكْذِيب","k*b","كذب","takḏīb","noun","tkdhyb","1","85:19:5","denial","auto"
"kdr-aankdrt","ٱنكَدَرَتْ","ٱنكَدَرَتْ","kdr","كدر","ānkadarat","verb","aankdrt","1","81:2:3","fall, losing their luster","auto"
"kdy-a2kdy","وَأَكْدَىٰٓ","أَكْدَىٰٔ","kdy","كدي","ʾakdāā","verb","a2kdy","1","53:34:3","and withheld","auto"
"kfaa-kfw","كُفُوًا","كُفُو","kfA","كفا","kufū","noun","kfw","1","112:4:4","equivalent","auto"
"kff-kaaf@","كَآفَّةًۭ","كَأفَّة","kff","كفف","kāffa","noun","kaaf@","5","2:208:7","all together","auto"
"kff-kf","كُفُّوٓا۟","كَفَّ","kff","كفف","kaffa","verb","kf","8","4:77:7","Restrain","auto"
"kff-kfy","كَفَّيْهِ","كَفَّي","kff","كفف","kaffay","noun","kfy","2","13:14:14","his hands","auto"
"kfl-a2kfl","أَكْفِلْنِيهَا","أَكْفِلْ","kfl","كفل","ʾakfil","verb","a2kfl","1","38:23:12","Entrust her to me","auto"
"kfl-kfl","وَكَفَّلَهَا","كَفَّلَ","kfl","كفل","kaffala","verb","kfl","5","3:37:8","and put her in (the) care","auto"
"kfl-kfyl","كَفِيلًا","كَفِيل","kfl","كفل","kafīl","noun","kfyl","1","16:91:15","a surety","auto"
"kfl-ykfl","يَكْفُلُ","يَكْفُلُ","kfl","كفل","yakfulu","verb","ykfl","3","3:44:14","takes charge (of)","auto"
"kfr-a2kfr","أَكْفَرَهُۥ","أَكْفَرَ","kfr","كفر","ʾakfara","verb","a2kfr","1","80:17:4","ungrateful is he","auto"
"kfr-kaafr","كَافِرٍۭ","كَافِر","kfr","كفر","kāfir","noun","kaafr","27","2:41:10","the disbelievers","auto"
"kfr-kaafr@","كَافِرَةٌۭ","كَافِرَة","kfr","كفر","kāfira","adjective","kaafr@","1","3:13:14","disbelievers","auto"
"kfr-kaafwr","كَافُورًا","كَافُور","kfr","كفر","kāfūr","noun","kaafwr","1","76:5:8","(of) Kafur","auto"
"kfr-kfaar","كَفَّارٍ","كَفَّار","kfr","كفر","kaffār","noun","kfaar","5","2:276:10","ungrateful","auto"
"kfr-kfr","كَفَرُوا۟","كَفَرَ","kfr","كفر","kafara","verb","kfr","340","2:6:3","disbelieved","auto"
"kfr-kfr@","كَفَّارَةٌۭ","كَفَّٰرَة","kfr","كفر","kaffāra","noun","kfr@","4","5:45:21","an expiation","auto"
"kfr-kfraan","كُفْرَانَ","كُفْرَان","kfr","كفر","kufrān","noun","kfraan","1","21:94:8","(will be) rejected","auto"
"kfr-kfrwn","بِٱلْكَٰفِرِينَ","كَٰفِرُون","kfr","كفر","kāfirūn","noun","kfrwn","129","2:19:19","the disbelievers","auto"
"kfr-kfwr","كَفُورٌۭ","كَفُور","kfr","كفر","kafūr","adjective","kfwr","15","11:9:11","ungrateful","auto"
"kfr-kwaafr","ٱلْكَوَافِرِ","كَوَافِر","kfr","كفر","kawāfir","noun","kwaafr","1","60:10:41","(with) disbelieving women","auto"
"kft-kfaat","كِفَاتًا","كِفَات","kft","كفت","kifāt","noun","kfaat","1","77:25:4","a receptacle","auto"
"kfy-kaaf","بِكَافٍ","كَاف","kfy","كفي","kāf","noun","kaaf","1","39:36:3","sufficient","auto"
"kfy-kfy","فَسَيَكْفِيكَهُمُ","كَفَىٰ","kfy","كفي","kafāā","verb","kfy","32","2:137:15","And is sufficient","auto"
"khDa-khDayn","خَٰضِعِينَ","خَٰضِعِين","xDE","خضع","ḫāḍiʿīn","noun","khDayn","1","26:4:11","(in) humility","auto"
"khDa-tkhDa","تَخْضَعْنَ","تَخْضَعْ","xDE","خضع","taḫḍaʿ","verb","tkhDa","1","33:32:10","be soft","auto"
"khDd-mkhDwd","مَّخْضُودٍۢ","مَّخْضُود","xDd","خضد","maḫḍūd","adjective","mkhDwd","1","56:28:3","thornless","auto"
"khDr-a2khDr","ٱلْأَخْضَرِ","أَخْضَر","xDr","خضر","ʾaḫḍar","adjective","a2khDr","1","36:80:6","[the] green","auto"
"khDr-khDr","خَضِرًۭا","خَضِر","xDr","خضر","ḫaḍir","noun","khDr","6","6:99:14","green","auto"
"khDr-mkhDr@","مُخْضَرَّةً","مُخْضَرَّة","xDr","خضر","muḫḍarra","noun","mkhDr@","1","22:63:11","green","auto"
"khSS-khSaaS@","خَصَاصَةٌۭ","خَصَاصَة","xSS","خصص","ḫaṣāṣa","noun","khSaaS@","1","59:9:24","poverty","auto"
"khSS-khaaS@","خَآصَّةًۭ","خَأصَّة","xSS","خصص","ḫāṣṣa","noun","khaaS@","1","8:25:8","exclusively","auto"
"khSS-ykhtS","يَخْتَصُّ","يَخْتَصُّ","xSS","خصص","yaḫtaṣṣu","verb","ykhtS","2","2:105:18","chooses","auto"
"khSf-ykhSf","يَخْصِفَانِ","يَخْصِفَ","xSf","خصف","yaḫṣifa","verb","ykhSf","2","7:22:10","(to) fasten","auto"
"khSm-aakhtSm","يَخْتَصِمُونَ","ٱخْتَصَمُ","xSm","خصم","āḫtaṣamu","verb","aakhtSm","8","3:44:20","dispute","auto"
"khSm-khSm","خَصْمَانِ","خَصْم","xSm","خصم","ḫaṣm","noun","khSm","3","22:19:2","opponents","auto"
"khSm-khSmwn","خَصِمُونَ","خَصِمُون","xSm","خصم","ḫaṣimūn","adjective","khSmwn","1","43:58:14","argumentative","auto"
"khSm-khSym","ٱلْخِصَامِ","خَصِيم","xSm","خصم","ḫaṣīm","noun","khSym","5","2:204:17","(is) an opponent","auto"
"khSm-tkhaaSm","تَخَاصُمُ","تَخَاصُم","xSm","خصم","taḫāṣum","noun","tkhaaSm","1","38:64:4","(the) quarreling","auto"
"khTT-tkhT","تَخُطُّهُۥ","تَخُطُّ","xTT","خطط","taḫuṭṭu","verb","tkhT","1","29:48:9","(did) you write it","auto"
"khTaa-a2khTa2","أَخْطَأْنَا","أَخْطَأْ","xTA","خطا","ʾaḫṭaʾ","verb","a2khTa2","2","2:286:19","we err","auto"
"khTaa-khT","خَطَـًۭٔا","خَطَـٕ","xTA","خطا","ḫaṭa","noun","khT","3","4:92:8","(by) mistake","auto"
"khTaa-khTy@","خَطَٰيَٰكُمْ","خَطِئـَٕة","xTA","خطا","ḫaṭiya","noun","khTy@","8","2:58:18","your sins","auto"
"khTaa-khTyn","ٱلْخَاطِـِٔينَ","خَٰطِـِٕين","xTA","خطا","ḫāṭiīn","noun","khTyn","5","12:29:10","sinners","auto"
"khTaa-khTyt","خَطِيٓـَٰٔتِكُمْ","خَطِئـَٰٕت","xTA","خطا","ḫaṭiyāt","noun","khTyt","2","7:161:18","your sins","auto"
"khTaa-khaaTy2@","بِٱلْخَاطِئَةِ","خَاطِئَة","xTA","خطا","ḫāṭiʾa","noun","khaaTy2@","2","69:9:6","with sin","auto"
"khTb-khTaab","ٱلْخِطَابِ","خِطَاب","xTb","خطب","ḫiṭāb","noun","khTaab","3","38:20:6","speech","auto"
"khTb-khTb","خَطْبُكُنَّ","خَطْب","xTb","خطب","ḫaṭb","noun","khTb","5","12:51:3","(was) your affair","auto"
"khTb-khTb@","خِطْبَةِ","خِطْبَة","xTb","خطب","ḫiṭba","noun","khTb@","1","2:235:8","marriage proposal","auto"
"khTb-khaaTb","تُخَٰطِبْنِى","خَاطَبَ","xTb","خطب","ḫāṭaba","verb","khaaTb","3","11:37:6","address Me","auto"
"khTf-khTf","يَخْطَفُ","خَطِفَ","xTf","خطف","ḫaṭifa","verb","khTf","3","2:20:3","snatches away","auto"
"khTf-khTf@","ٱلْخَطْفَةَ","خَطْفَة","xTf","خطف","ḫaṭfa","noun","khTf@","1","37:10:4","(by) theft","auto"
"khTf-ytkhTf","يَتَخَطَّفَكُمُ","يَتَخَطَّفَ","xTf","خطف","yataḫaṭṭafa","verb","ytkhTf","3","8:26:10","might do away with you","auto"
"khTw-khTwt","خُطُوَٰتِ","خُطُوَٰت","xTw","خطو","ḫuṭuwāt","noun","khTwt","5","2:168:11","(the) footsteps","auto"
"khbT-ytkhbT","يَتَخَبَّطُهُ","يَتَخَبَّطُ","xbT","خبط","yataḫabbaṭu","verb","ytkhbT","1","2:275:10","confounds him","auto"
"khbaa-khb2","ٱلْخَبْءَ","خَبْء","xbA","خبا","ḫabʾ","noun","khb2","1","27:25:6","the hidden","auto"
"khbl-khbaal","خَبَالًۭا","خَبَال","xbl","خبل","ḫabāl","noun","khbaal","2","3:118:11","(any) ruin","auto"
"khbr-a2khbaar","أَخْبَارِكُمْ","أَخْبَار","xbr","خبر","ʾaḫbār","noun","a2khbaar","3","9:94:16","your news","auto"
"khbr-khbr","خُبْرًۭا","خُبْر","xbr","خبر","ḫubr","noun","khbr","4","18:68:8","some information","auto"
"khbr-khbyr","خَبِيرٌۭ","خَبِير","xbr","خبر","ḫabīr","noun","khbyr","45","2:234:25","(is) All-Aware","auto"
"khbt-a2khbt","وَأَخْبَتُوٓا۟","أَخْبَتُ","xbt","خبت","ʾaḫbatu","verb","a2khbt","2","11:23:6","and humble themselves","auto"
"khbt-mkhbtyn","ٱلْمُخْبِتِينَ","مُخْبِتِين","xbt","خبت","muḫbitīn","noun","mkhbtyn","1","22:34:20","(to) the humble ones","auto"
"khbth-khbth","خَبُثَ","خَبُثَ","xbv","خبث","ḫabuṯa","verb","khbth","1","7:58:8","is bad","auto"
"khbth-khbyth","ٱلْخَبِيثَ","خَبِيث","xbv","خبث","ḫabīṯ","noun","khbyth","9","2:267:16","the bad","auto"
"khbth-khbyth@","ٱلْخَبَٰٓئِثَ","خَبِيثَة","xbv","خبث","ḫabīṯa","noun","khbyth@","4","7:157:23","evil","auto"
"khbth-khbytht","ٱلْخَبِيثَٰتُ","خَبِيثَٰت","xbv","خبث","ḫabīṯāt","noun","khbytht","2","24:26:1","Evil women","auto"
"khbw-khbt","خَبَتْ","خَبَتْ","xbw","خبو","ḫabat","verb","khbt","1","17:97:25","it subsides","auto"
"khbz-khbz","خُبْزًۭا","خُبْز","xbz","خبز","ḫubz","noun","khbz","1","12:36:18","bread","auto"
"khda-khda","خَٰدِعُهُمْ","خَٰدِع","xdE","خدع","ḫādiʿ","noun","khda","1","4:142:6","who deceives them","auto"
"khda-ykhda","يُخَٰدِعُونَ","يُخَٰدِعُ","xdE","خدع","yuḫādiʿu","verb","ykhda","4","2:9:1","They seek to deceive","auto"
"khdd-a2khdwd","ٱلْأُخْدُودِ","أُخْدُود","xdd","خدد","ʾuḫdūd","noun","a2khdwd","1","85:4:3","(of) the pit","auto"
"khdd-khd","خَدَّكَ","خَدّ","xdd","خدد","ḫadd","noun","khd","1","31:18:3","your cheek","auto"
"khdhl-khdhwl","خَذُولًۭا","خَذُول","x*l","خذل","ḫaḏūl","adjective","khdhwl","1","25:29:11","a deserter","auto"
"khdhl-mkhdhwl","مَّخْذُولًۭا","مَّخْذُول","x*l","خذل","maḫḏūl","noun","mkhdhwl","1","17:22:9","forsaken","auto"
"khdhl-ykhdhl","يَخْذُلْكُمْ","يَخْذُلْ","x*l","خذل","yaḫḏul","verb","ykhdhl","1","3:160:8","He forsakes you","auto"
"khdn-a2khdaan","أَخْدَانٍۢ","أَخْدَان","xdn","خدن","ʾaḫdān","noun","a2khdaan","2","4:25:34","secret lovers","auto"
"khf-khf","ٱلْكَهْفِ","كَهْف","khf","كهف","kahf","noun","khf","6","18:9:5","the cave","auto"
"khfD-aakhfD","وَٱخْفِضْ","ٱخْفِضْ","xfD","خفض","āḫfiḍ","verb","aakhfD","3","15:88:13","And lower","auto"
"khfD-khaafD@","خَافِضَةٌۭ","خَافِضَة","xfD","خفض","ḫāfiḍa","noun","khaafD@","1","56:3:1","Bringing down","auto"
"khff-aastkhf","تَسْتَخِفُّونَهَا","ٱسْتَخَفَّ","xff","خفف","āstaḫaffa","verb","aastkhf","3","16:80:13","which you find light","auto"
"khff-khff","يُخَفَّفُ","خَفَّفَ","xff","خفف","ḫaffafa","verb","khff","8","2:86:8","will be lightened","auto"
"khff-khft","خَفَّتْ","خَفَّتْ","xff","خفف","ḫaffat","verb","khft","3","7:9:2","(are) light","auto"
"khff-khfyf","خَفِيفًۭا","خَفِيف","xff","خفف","ḫafīf","adjective","khfyf","2","7:189:16","light","auto"
"khff-tkhfyf","تَخْفِيفٌۭ","تَخْفِيف","xff","خفف","taḫfīf","noun","tkhfyf","1","2:178:27","a concession","auto"
"khft-tkhaaft","تُخَافِتْ","تُخَافِتْ","xft","خفت","tuḫāfit","verb","tkhaaft","1","17:110:17","be silent","auto"
"khft-ytkhft","يَتَخَٰفَتُونَ","يَتَخَٰفَتُ","xft","خفت","yataḫāfatu","verb","ytkhft","2","20:103:1","They are murmuring","auto"
"khfy-a2khfy","تُخْفُوهَا","أُخْفِىَ","xfy","خفي","ʾuḫfiāa","verb","a2khfy","19","2:271:7","you conceal","auto"
"khfy-khaafy@","خَافِيَةٌۭ","خَافِيَة","xfy","خفي","ḫāfiya","noun","khaafy@","1","69:18:6","any secret","auto"
"khfy-khfy","خَفِيًّۭا","خَفِىّ","xfy","خفي","ḫafiāā","adjective","khfy","2","19:3:5","secret","auto"
"khfy-khfy@","وَخُفْيَةًۭ","خُفْيَة","xfy","خفي","ḫufya","noun","khfy@","2","6:63:10","and secretly","auto"
"khfy-mstkhf","مُسْتَخْفٍۭ","مُسْتَخْف","xfy","خفي","mustaḫf","noun","mstkhf","1","13:10:11","(is) hidden","auto"
"khfy-ykhfy","يَخْفَىٰ","يَخْفَىٰ","xfy","خفي","yaḫfāā","verb","ykhfy","6","3:5:4","is hidden","auto"
"khfy-ystkhf","يَسْتَخْفُونَ","يَسْتَخْفُ","xfy","خفي","yastaḫfu","verb","ystkhf","3","4:108:1","They seek to hide","auto"
"khl-khl","وَكَهْلًۭا","كَهْل","khl","كهل","kahl","noun","khl","2","3:46:5","and (in) maturity","auto"
"khlS-a2khlS","وَأَخْلَصُوا۟","أَخْلَصُ","xlS","خلص","ʾaḫlaṣu","verb","a2khlS","2","4:146:7","and are sincere","auto"
"khlS-a2stkhlS","أَسْتَخْلِصْهُ","أَسْتَخْلِصْ","xlS","خلص","ʾastaḫliṣ","verb","a2stkhlS","1","12:54:5","I will select him","auto"
"khlS-khaalS","خَالِصًۭا","خَالِص","xlS","خلص","ḫāliṣ","noun","khaalS","2","16:66:15","pure","auto"
"khlS-khaalS@","خَالِصَةًۭ","خَالِصَة","xlS","خلص","ḫāliṣa","noun","khaalS@","5","2:94:9","exclusively","auto"
"khlS-khlS","خَلَصُوا۟","خَلَصُ","xlS","خلص","ḫalaṣu","verb","khlS","1","12:80:4","they secluded themselves","auto"
"khlS-mkhlS","مُخْلِصُونَ","مُخْلِص","xlS","خلص","muḫliṣ","noun","mkhlS","20","2:139:14","(being) sincere","auto"
"khlT-aakhtlT","ٱخْتَلَطَ","ٱخْتَلَطَ","xlT","خلط","āḫtalaṭa","verb","aakhtlT","3","6:146:22","(is) joined","auto"
"khlT-khlT","خَلَطُوا۟","خَلَطُ","xlT","خلط","ḫalaṭu","verb","khlT","1","9:102:4","They had mixed","auto"
"khlT-khlTaa2","ٱلْخُلَطَآءِ","خُلَطَأء","xlT","خلط","ḫulaṭāʾ","noun","khlTaa2","1","38:24:11","the partners","auto"
"khlT-tkhaalT","تُخَالِطُوهُمْ","تُخَالِطُ","xlT","خلط","tuḫāliṭu","verb","tkhaalT","1","2:220:12","you associate with them","auto"
"khla-aakhla","فَٱخْلَعْ","ٱخْلَعْ","xlE","خلع","āḫlaʿ","verb","aakhla","1","20:12:4","so remove","auto"
"khld-a2khld","أَخْلَدَ","أَخْلَدَ","xld","خلد","ʾaḫlada","verb","a2khld","2","7:176:6","adhered","auto"
"khld-khld","خَٰلِدُونَ","خَٰلِد","xld","خلد","ḫālid","noun","khld","80","2:25:34","(will) abide forever","auto"
"khld-khlwd","ٱلْخُلُودِ","خُلُود","xld","خلد","ḫulūd","noun","khlwd","1","50:34:5","(of) Eternity","auto"
"khld-mkhldwn","مُّخَلَّدُونَ","مُّخَلَّدُون","xld","خلد","muḫalladūn","noun","mkhldwn","2","56:17:4","immortal","auto"
"khld-ykhld","وَيَخْلُدْ","يَخْلُدْ","xld","خلد","yaḫlud","verb","ykhld","2","25:69:6","and he will abide forever","auto"
"khlf-a2khlf","يُخْلِفَ","أَخْلَفُ","xlf","خلف","ʾaḫlafu","verb","a2khlf","14","2:80:14","break","auto"
"khlf-aakhtlf","يَخْتَلِفُونَ","ٱخْتَلَفَ","xlf","خلف","āḫtalafa","verb","aakhtlf","42","2:113:31","differ","auto"
"khlf-aastkhlf","وَيَسْتَخْلِفْ","ٱسْتَخْلَفَ","xlf","خلف","āstaḫlafa","verb","aastkhlf","5","6:133:8","and grant succession","auto"
"khlf-khlf","خَلْفَهَا","خَلْف","xlf","خلف","ḫalf","location","khlf","34","2:66:7","(is) behind them","auto"
"khlf-khlf@","خِلْفَةًۭ","خِلْفَة","xlf","خلف","ḫilfa","noun","khlf@","1","25:62:6","(in) succession","auto"
"khlf-khlfyn","ٱلْخَٰلِفِينَ","خَٰلِفِين","xlf","خلف","ḫālifīn","noun","khlfyn","1","9:83:25","those who stay behind","auto"
"khlf-khlyf@","خَلِيفَةًۭ","خَلِيفَة","xlf","خلف","ḫalīfa","noun","khlyf@","9","2:30:9","successors","auto"
"khlf-khwaalf","ٱلْخَوَالِفِ","خَوَالِف","xlf","خلف","ḫawālif","noun","khwaalf","2","9:87:5","those who stay behind","auto"
"khlf-mkhlf","مُخْلِفَ","مُخْلِف","xlf","خلف","muḫlif","noun","mkhlf","1","14:47:4","will fail","auto"
"khlf-mkhlfwn","ٱلْمُخَلَّفُونَ","مُخَلَّفُون","xlf","خلف","muḫallafūn","noun","mkhlfwn","4","9:81:2","those who remained behind","auto"
"khlf-mkhtlf","مُخْتَلِفًا","مُّخْتَلِف","xlf","خلف","muḫtalif","noun","mkhtlf","10","6:141:10","(of) varying","auto"
"khlf-mstkhlfyn","مُّسْتَخْلَفِينَ","مُّسْتَخْلَفِين","xlf","خلف","mustaḫlafīn","noun","mstkhlfyn","1","57:7:7","trustees","auto"
"khlf-ykhaalf","أُخَالِفَكُمْ","يُخَالِفُ","xlf","خلف","yuḫālifu","verb","ykhaalf","2","11:88:17","I differ from you","auto"
"khlf-ytkhlf","يَتَخَلَّفُوا۟","يَتَخَلَّفُ","xlf","خلف","yataḫallafu","verb","ytkhlf","1","9:120:10","they remain behind","auto"
"khll-khl@","خُلَّةٌۭ","خُلَّة","xll","خلل","ḫulla","noun","khl@","1","2:254:16","friendship","auto"
"khll-khll","خِلَٰلَكُمْ","خِلَٰل","xll","خلل","ḫilāl","noun","khll","8","9:47:9","within them","auto"
"khll-khlyl","خَلِيلًۭا","خَلِيل","xll","خلل","ḫalīl","noun","khlyl","4","4:125:17","(as) a friend","auto"
"khlq-aakhtlq","ٱخْتِلَٰقٌ","ٱخْتِلَٰق","xlq","خلق","āḫtilāq","noun","aakhtlq","1","38:7:10","a fabrication","auto"
"khlq-khlq","خَلَقَكُمْ","خَلَقَ","xlq","خلق","ḫalaqa","verb","khlq","258","2:21:6","created","auto"
"khlq-mkhlq@","مُّخَلَّقَةٍۢ","مُخَلَّقَة","xlq","خلق","muḫallaqa","noun","mkhlq@","2","22:5:22","formed","auto"
"khlw-khaaly@","ٱلْخَالِيَةِ","خَالِيَة","xlw","خلو","ḫāliya","adjective","khaaly@","1","69:24:8","past","auto"
"khlw-khl","فَخَلُّوا۟","خَلُّ","xlw","خلو","ḫallu","verb","khl","1","9:5:21","then leave","auto"
"khlw-khlaa","خَلَوْا۟","خَلَا","xlw","خلو","ḫalā","verb","khlaa","25","2:14:8","passed away","auto"
"khlw-tkhlt","وَتَخَلَّتْ","تَخَلَّتْ","xlw","خلو","taḫallat","verb","tkhlt","1","84:4:4","and becomes empty","auto"
"khmS-mkhmS@","مَخْمَصَةٍ","مَخْمَصَة","xmS","خمص","maḫmaṣa","noun","mkhmS@","2","5:3:54","hunger","auto"
"khmT-khmT","خَمْطٍۢ","خَمْط","xmT","خمط","ḫamṭ","adjective","khmT","1","34:16:11","bitter","auto"
"khmd-khmdyn","خَٰمِدِينَ","خَٰمِدِين","xmd","خمد","ḫāmidīn","noun","khmdyn","2","21:15:8","extinct","auto"
"khmr-khmr","ٱلْخَمْرِ","خَمْر","xmr","خمر","ḫamr","noun","khmr","7","2:219:3","wine","auto"
"khms-khms","خُمُسَهُۥ","خُمُس","xms","خمس","ḫumus","noun","khms","1","8:41:8","(is) one fifth of it","auto"
"khms-khms@","بِخَمْسَةِ","خَمْسَة","xms","خمس","ḫamsa","noun","khms@","5","3:125:11","And the fifth","auto"
"khms-khmsyn","خَمْسِينَ","خَمْسِين","xms","خمس","ḫamsīn","noun","khmsyn","2","29:14:11","fifty","auto"
"khn-kaahn","بِكَاهِنٍۢ","كَاهِن","khn","كهن","kāhin","noun","kaahn","2","52:29:6","a soothsayer","auto"
"khnq-mnkhnq@","وَٱلْمُنْخَنِقَةُ","مُنْخَنِقَة","xnq","خنق","munḫaniqa","noun","mnkhnq@","1","5:3:12","and that which is strangled (to death)","auto"
"khns-khnaas","ٱلْخَنَّاسِ","خَنَّاس","xns","خنس","ḫannās","adjective","khnaas","1","114:4:4","the one who withdraws","auto"
"khns-khns","بِٱلْخُنَّسِ","خُنَّس","xns","خنس","ḫunnas","noun","khns","1","81:15:3","by the retreating planets","auto"
"khnzr-khnzyr","ٱلْخِنزِيرِ","خِنزِير","xnzr","خنزر","ḫinzīr","noun","khnzyr","5","2:173:7","(of) swine","auto"
"khrS-khrSwn","ٱلْخَرَّٰصُونَ","خَرَّٰصُون","xrS","خرص","ḫarrāṣūn","noun","khrSwn","1","51:10:2","the liars","auto"
"khrS-ykhrS","يَخْرُصُونَ","يَخْرُصُ","xrS","خرص","yaḫruṣu","verb","ykhrS","4","6:116:18","guess","auto"
"khrTm-khrTwm","ٱلْخُرْطُومِ","خُرْطُوم","xrTm","خرطم","ḫurṭūm","noun","khrTwm","1","68:16:3","the snout","auto"
"khrb-khraab","خَرَابِهَآ","خَرَاب","xrb","خرب","ḫarāb","noun","khraab","1","2:114:13","their destruction","auto"
"khrb-ykhrb","يُخْرِبُونَ","يُخْرِبُ","xrb","خرب","yuḫribu","verb","ykhrb","1","59:2:33","they destroyed","auto"
"khrdl-khrdl","خَرْدَلٍ","خَرْدَل","xrdl","خردل","ḫardal","noun","khrdl","2","21:47:15","a mustard","auto"
"khrj-a2khrj","فَأَخْرَجَ","أَخْرَجَ","xrj","خرج","ʾaḫraǧa","verb","a2khrj","99","2:22:12","then We bring forth","auto"
"khrj-aastkhrj","ٱسْتَخْرَجَهَا","ٱسْتَخْرَجَ","xrj","خرج","āstaḫraǧa","verb","aastkhrj","4","12:76:7","he brought it out","auto"
"khrj-i2khraaj","إِخْرَاجُهُمْ","إِخْرَاج","xrj","خرج","ʾiḫrāǧ","noun","i2khraaj","6","2:85:22","their eviction","auto"
"khrj-khaarj","بِخَٰرِجِينَ","خَارِج","xrj","خرج","ḫāriǧ","noun","khaarj","3","2:167:21","will come out","auto"
"khrj-khraaj","فَخَرَاجُ","خَرَاج","xrj","خرج","ḫarāǧ","noun","khraaj","1","23:72:4","But the payment","auto"
"khrj-khrj","فَيَخْرُجُ","خَرَجَ","xrj","خرج","ḫaraǧa","verb","khrj","55","2:74:23","they leave","auto"
"khrj-khrwj","ٱلْخُرُوجَ","خُرُوج","xrj","خرج","ḫurūǧ","noun","khrwj","5","9:46:3","(to) go forth","auto"
"khrj-mkhrj","مُخْرِجٌۭ","مُخْرِج","xrj","خرج","muḫriǧ","noun","mkhrj","9","2:72:7","(is) the One Who brought forth","auto"
"khrq-khrq","وَخَرَقُوا۟","خَرَقَ","xrq","خرق","ḫaraqa","verb","khrq","4","6:100:6","and they falsely attribute","auto"
"khrr-khr","وَخَرَّ","خَرَّ","xrr","خرر","ḫarra","verb","khr","12","7:143:30","and fell down","auto"
"khsaa-aakhs","ٱخْسَـُٔوا۟","ٱخْسَـُٕ","xsA","خسا","āḫsau","verb","aakhs","1","23:108:2","Remain despised","auto"
"khsaa-khaasy2","خَٰسِـِٔينَ","خَاسِئ","xsA","خسا","ḫāsiʾ","adjective","khaasy2","3","2:65:12","despised","auto"
"khsf-khsf","يَخْسِفَ","خَسَفَ","xsf","خسف","ḫasafa","verb","khsf","8","16:45:6","He will cause to swallow","auto"
"khsha-khaasha","ٱلْخَٰشِعِينَ","خَاشِع","x$E","خشع","ḫāšiʿ","noun","khaasha","14","2:45:8","humbled","auto"
"khsha-khshat","وَخَشَعَتِ","خَشَعَتِ","x$E","خشع","ḫašaʿati","verb","khshat","2","20:108:7","And (will be) humbled","auto"
"khsha-khshwa","خُشُوعًۭا","خُشُوع","x$E","خشع","ḫušūʿ","noun","khshwa","1","17:109:5","(in) humility","auto"
"khshb-khshb","خُشُبٌۭ","خُشُب","x$b","خشب","ḫušub","noun","khshb","1","63:4:10","pieces of wood","auto"
"khshy-khshy","تَخْشَوْهُمْ","خَشِىَ","x$y","خشي","ḫašiāa","verb","khshy","40","2:150:25","fear","auto"
"khshy-khshy@","خَشْيَةِ","خَشْيَة","x$y","خشي","ḫašya","noun","khshy@","8","2:74:31","fear","auto"
"khsr-a2khsryn","ٱلْأَخْسَرُونَ","أَخْسَرِين","xsr","خسر","ʾaḫsarīn","noun","a2khsryn","4","11:22:7","(will be) the greatest losers","auto"
"khsr-khaasr@","خَاسِرَةٌۭ","خَاسِرَة","xsr","خسر","ḫāsira","adjective","khaasr@","1","79:12:5","losing","auto"
"khsr-khsaar","خَسَارًۭا","خَسَار","xsr","خسر","ḫasār","noun","khsaar","3","17:82:13","(in) loss","auto"
"khsr-khsr","خَسِرَ","خَسِرَ","xsr","خسر","ḫasira","verb","khsr","18","4:119:19","lost","auto"
"khsr-khsraan","خُسْرَانًۭا","خُسْرَان","xsr","خسر","ḫusrān","noun","khsraan","3","4:119:20","(is) the loss","auto"
"khsr-khsryn","ٱلْخَٰسِرُونَ","خَٰسِرِين","xsr","خسر","ḫāsirīn","noun","khsryn","32","2:27:20","the losers","auto"
"khsr-mkhsryn","ٱلْمُخْسِرِينَ","مُخْسِرِين","xsr","خسر","muḫsirīn","noun","mkhsryn","1","26:181:6","those who cause loss","auto"
"khsr-tkhsyr","تَخْسِيرٍۢ","تَخْسِير","xsr","خسر","taḫsīr","noun","tkhsyr","1","11:63:22","(in) loss","auto"
"khsr-ykhsr","تُخْسِرُوا۟","يُخْسِرُ","xsr","خسر","yuḫsiru","verb","ykhsr","2","55:9:5","make deficient","auto"
"khtm-khaatm","وَخَاتَمَ","خَاتَم","xtm","ختم","ḫātam","noun","khaatm","1","33:40:11","and Seal","auto"
"khtm-khtm","خَتَمَ","خَتَمَ","xtm","ختم","ḫatama","verb","khtm","6","2:7:1","Has set a seal","auto"
"khtm-mkhtwm","مَّخْتُومٍ","مَّخْتُوم","xtm","ختم","maḫtūm","adjective","mkhtwm","1","83:25:4","sealed","auto"
"khtr-khtaar","خَتَّارٍۢ","خَتَّار","xtr","ختر","ḫattār","adjective","khtaar","1","31:32:21","traitor","auto"
"khwD-khaaD","يَخُوضُوا۟","خَاضُ","xwD","خوض","ḫāḍu","verb","khaaD","9","4:140:19","they engage","auto"
"khwD-khaay2Dyn","ٱلْخَآئِضِينَ","خَأئِضِين","xwD","خوض","ḫāʾiḍīn","noun","khaay2Dyn","1","74:45:4","the vain talkers","auto"
"khwD-khwD","خَوْضِهِمْ","خَوْض","xwD","خوض","ḫawḍ","noun","khwD","2","6:91:43","their discourse","auto"
"khwf-khaaf","خَافَ","خَافَ","xwf","خوف","ḫāfa","verb","khaaf","83","2:182:2","fear","auto"
"khwf-khaay2f","خَآئِفِينَ","خَأئِف","xwf","خوف","ḫāʾif","noun","khaay2f","3","2:114:21","(like) those in fear","auto"
"khwf-khwf","خَوْفٌ","خَوْف","xwf","خوف","ḫawf","noun","khwf","26","2:38:13","fear","auto"
"khwf-khyf@","وَخِيفَةًۭ","خِيفَة","xwf","خوف","ḫīfa","noun","khyf@","6","7:205:6","a fear","auto"
"khwf-tkhwf","تَخَوُّفٍۢ","تَخَوُّف","xwf","خوف","taḫawwuf","noun","tkhwf","1","16:47:4","a gradual wasting","auto"
"khwf-tkhwyf","تَخْوِيفًۭا","تَخْوِيف","xwf","خوف","taḫwīf","noun","tkhwyf","1","17:59:21","(as) a warning","auto"
"khwf-ykhwf","يُخَوِّفُ","يُخَوِّفُ","xwf","خوف","yuḫawwifu","verb","ykhwf","4","3:175:4","frightens (you)","auto"
"khwl-khaal","أَخْوَٰلِكُمْ","خَال","xwl","خول","ḫāl","noun","khaal","2","24:61:40","(of) your maternal uncles","auto"
"khwl-khlt","وَخَٰلَٰتُكُمْ","خَٰلَٰت","xwl","خول","ḫālāt","noun","khlt","3","4:23:7","(of) your maternal aunts","auto"
"khwl-khwl","خَوَّلْنَٰكُمْ","خَوَّلَ","xwl","خول","ḫawwala","verb","khwl","3","6:94:10","We bestowed (on) you","auto"
"khwn-khaan","تَخُونُوا۟","خَانُ","xwn","خون","ḫānu","verb","khaan","5","8:27:5","betray","auto"
"khwn-khaay2n@","خَآئِنَةٍۢ","خَأئِنَة","xwn","خون","ḫāʾina","noun","khaay2n@","2","5:13:21","treachery","auto"
"khwn-khaay2nyn","لِّلْخَآئِنِينَ","خَأئِنِين","xwn","خون","ḫāʾinīn","noun","khaay2nyn","3","4:105:14","for the deceitful","auto"
"khwn-khwaan","خَوَّانًا","خَوَّان","xwn","خون","ḫawwān","noun","khwaan","2","4:107:13","treacherous","auto"
"khwn-khyaan@","خِيَانَةًۭ","خِيَانَة","xwn","خون","ḫiyāna","noun","khyaan@","2","8:58:5","betrayal","auto"
"khwn-ykhtaan","تَخْتَانُونَ","يَخْتَانُ","xwn","خون","yaḫtānu","verb","ykhtaan","2","2:187:18","deceive","auto"
"khwr-khwaar","خُوَارٌ","خُوَار","xwr","خور","ḫuwār","noun","khwaar","2","7:148:11","(had) a lowing sound","auto"
"khwy-khaawy@","خَاوِيَةٌ","خَاوِيَة","xwy","خوي","ḫāwiya","noun","khaawy@","5","2:259:7","(had) overturned","auto"
"khyT-khyT","ٱلْخَيْطُ","خَيْط","xyT","خيط","ḫayṭ","noun","khyT","2","2:187:36","the thread","auto"
"khyT-khyaaT","ٱلْخِيَاطِ","خِيَاط","xyT","خيط","ḫiyāṭ","noun","khyaaT","1","7:40:20","(of) the needle","auto"
"khyb-khaab","وَخَابَ","خَابَ","xyb","خيب","ḫāba","verb","khaab","4","14:15:2","and disappointed","auto"
"khyb-khaay2byn","خَآئِبِينَ","خَأئِبِين","xyb","خيب","ḫāʾibīn","noun","khaay2byn","1","3:127:9","disappointed","auto"
"khyl-khyl","وَٱلْخَيْلِ","خَيْل","xyl","خيل","ḫayl","noun","khyl","5","3:14:13","horses","auto"
"khyl-mkhtaal","مُخْتَالًۭا","مُخْتَال","xyl","خيل","muḫtāl","noun","mkhtaal","3","4:36:31","[a] proud","auto"
"khyl-ykhyl","يُخَيَّلُ","يُخَيَّلُ","xyl","خيل","yuḫayyalu","verb","ykhyl","1","20:66:7","seemed","auto"
"khym-khyaam","ٱلْخِيَامِ","خِيَام","xym","خيم","ḫiyām","noun","khyaam","1","55:72:4","the pavilions","auto"
"khyr-aakhtaar","وَٱخْتَارَ","ٱخْتَارَ","xyr","خير","āḫtāra","verb","aakhtaar","4","7:155:1","And chose","auto"
"khyr-khyr","خَيْرٌۭ","خَيْر","xyr","خير","ḫayr","noun","khyr","178","2:54:17","(is) better","auto"
"khyr-khyr@","ٱلْخِيَرَةُ","خِيَرَة","xyr","خير","ḫiyara","noun","khyr@","2","28:68:9","the choice","auto"
"khyr-khyrt","ٱلْخَيْرَٰتِ","خَيْرَٰت","xyr","خير","ḫayrāt","noun","khyrt","10","2:148:6","(to) the good","auto"
"khyr-ytkhyr","يَتَخَيَّرُونَ","يَتَخَيَّرُ","xyr","خير","yataḫayyaru","verb","ytkhyr","2","56:20:3","they select","auto"
"khzn-khzaay2n","خَزَآئِنُ","خَزَأئِن","xzn","خزن","ḫazāʾin","noun","khzaay2n","8","6:50:6","(are the) treasures","auto"
"khzn-khznt","خَزَنَتُهَآ","خَزَنَت","xzn","خزن","ḫazanat","noun","khznt","4","39:71:14","its keepers","auto"
"khzn-khznyn","بِخَٰزِنِينَ","خَٰزِنِين","xzn","خزن","ḫāzinīn","noun","khznyn","1","15:22:12","(are) retainers","auto"
"khzy-a2khzy","أَخْزَيْتَهُۥ","أَخْزَيْ","xzy","خزي","ʾaḫzay","verb","a2khzy","13","3:192:7","disgrace me","auto"
"khzy-khzy","خِزْىٌۭ","خِزْى","xzy","خزي","ḫizā","noun","khzy","11","2:85:35","(is) disgrace","auto"
"khzy-mkhzy","مُخْزِى","مُخْزِى","xzy","خزي","muḫziā","noun","mkhzy","1","9:2:13","(is) the One Who (will) disgrace","auto"
"khzy-nkhzy","وَنَخْزَىٰ","نَخْزَىٰ","xzy","خزي","naḫzāā","verb","nkhzy","1","20:134:19","and disgraced","auto"
"klH-klHwn","كَٰلِحُونَ","كَٰلِحُون","klH","كلح","kāliḥūn","noun","klHwn","1","23:104:6","(will) grin with displaced lips","auto"
"klaa-yklw2","يَكْلَؤُكُم","يَكْلَؤُ","klA","كلا","yaklaʾu","verb","yklw2","1","21:42:3","(can) protect you","auto"
"klb-klb","ٱلْكَلْبِ","كَلْب","klb","كلب","kalb","noun","klb","5","7:176:13","their dog","auto"
"klb-mklbyn","مُكَلِّبِينَ","مُكَلِّبِين","klb","كلب","mukallibīn","noun","mklbyn","1","5:4:13","ones who train animals to hunt","auto"
"klf-mtklfyn","ٱلْمُتَكَلِّفِينَ","مُتَكَلِّفِين","klf","كلف","mutakallifīn","noun","mtklfyn","1","38:86:10","the ones who pretend","auto"
"klf-yklf","تُكَلَّفُ","يُكَلِّفُ","klf","كلف","yukallifu","verb","yklf","7","2:233:18","We burden","auto"
"kll-kl","كُلِّ","كُلّ","kll","كلل","kull","noun","kl","360","2:20:23","every","auto"
"kll-kll@","كَلَٰلَةً","كَلَٰلَة","kll","كلل","kalāla","noun","kll@","2","4:12:54","(has) no parent or child","auto"
"kll-klmaa","كُلَّمَآ","كُلَّمَا","kll","كلل","kullamā","time","klmaa","12","2:20:5","Every time","auto"
"klm-klm","كَلَٰمَ","كَلَٰم","klm","كلم","kalām","noun","klm","28","2:75:10","the words","auto"
"klm-klm@","بِكَلِمَةٍۢ","كَلِمَة","klm","كلم","kalima","noun","klm@","28","3:39:13","(the) word","auto"
"klm-klmt","كَلِمَٰتٍۢ","كَلِمَٰت","klm","كلم","kalimāt","noun","klmt","14","2:37:5","by His words","auto"
"klm-tklym","تَكْلِيمًۭا","تَكْلِيم","klm","كلم","taklīm","noun","tklym","1","4:164:14","(in a) conversation","auto"
"klm-ytklm","تَكَلَّمُ","يَتَكَلَّمُ","klm","كلم","yatakallamu","verb","ytklm","4","11:105:4","will speak","auto"
"klw-klaa","كِلَاهُمَا","كِلَا","klw","كلو","kilā","noun","klaa","1","17:23:15","both of them","auto"
"klw-kltaa","كِلْتَا","كِلْتَا","klw","كلو","kiltā","noun","kltaa","1","18:33:1","Each","auto"
"kmh-a2kmh","ٱلْأَكْمَهَ","أَكْمَه","kmh","كمه","ʾakmah","noun","a2kmh","2","3:49:25","the blind","auto"
"kml-a2kml","وَلِتُكْمِلُوا۟","أَكْمَلْ","kml","كمل","ʾakmal","verb","a2kml","2","2:185:36","so that you complete","auto"
"kml-kaaml@","كَامِلَةٌۭ","كَامِلَة","kml","كمل","kāmila","adjective","kaaml@","2","2:196:58","in all","auto"
"kml-kaamlyn","كَامِلَيْنِ","كَامِلَيْن","kml","كمل","kāmilayn","adjective","kaamlyn","1","2:233:5","complete","auto"
"kmm-a2kmaam","أَكْمَامِهَا","أَكْمَام","kmm","كمم","ʾakmām","noun","a2kmaam","2","41:47:10","their coverings","auto"
"knd-knwd","لَكَنُودٌۭ","كَنُود","knd","كند","kanūd","noun","knwd","1","100:6:4","(is) surely ungrateful","auto"
"knn-a2kn@","أَكِنَّةً","أَكِنَّة","knn","كنن","ʾakinna","noun","a2kn@","4","6:25:8","coverings","auto"
"knn-a2knn","أَكْنَنتُمْ","أَكْنَن","knn","كنن","ʾaknan","verb","a2knn","4","2:235:11","conceals","auto"
"knn-mknwn","مَّكْنُونٌۭ","مَّكْنُون","knn","كنن","maknūn","noun","mknwn","4","37:49:3","well-protected","auto"
"kns-kns","ٱلْكُنَّسِ","كُنَّس","kns","كنس","kunnas","adjective","kns","1","81:16:2","(and) disappear","auto"
"knz-knz","يَكْنِزُونَ","كَنَزْ","knz","كنز","kanaz","verb","knz","9","9:34:18","a treasure","auto"
"krb-krb","كَرْبٍۢ","كَرْب","krb","كرب","karb","noun","krb","4","6:64:7","the distress","auto"
"krh-a2krh","تُكْرِهُ","أُكْرِهَ","krh","كره","ʾukriha","verb","a2krh","5","10:99:11","compel","auto"
"krh-i2kraah","إِكْرَاهَ","إِكْرَاه","krh","كره","ʾikrāh","noun","i2kraah","2","2:256:2","compulsion","auto"
"krh-krh","كُرْهٌۭ","كُرْه","krh","كره","kurh","noun","krh","26","2:216:5","dislike (it)","auto"
"krh-krhwn","كَٰرِهِينَ","كَٰرِهُون","krh","كره","kārihūn","noun","krhwn","7","7:88:21","(are) averse","auto"
"krh-mkrwh","مَكْرُوهًۭا","مَكْرُوه","krh","كره","makrūh","noun","mkrwh","1","17:38:7","hateful","auto"
"krm-a2krm","أَكْرِمِى","أَكْرَمَ","krm","كرم","ʾakrama","verb","a2krm","6","12:21:7","Make comfortable","auto"
"krm-i2kraam","وَٱلْإِكْرَامِ","إِكْرَام","krm","كرم","ʾikrām","noun","i2kraam","2","55:27:6","and Honor","auto"
"krm-krm","كَرَّمْتَ","كَرَّمْ","krm","كرم","karram","verb","krm","2","17:62:5","You have honored","auto"
"krm-krym","كَرِيمًۭا","كَرِيم","krm","كرم","karīm","adjective","krym","30","4:31:12","noble","auto"
"krm-mkrm","مُّكْرِمٍ","مُّكْرِم","krm","كرم","mukrim","noun","mkrm","1","22:18:32","bestower of honor","auto"
"krm-mkrm@","مُّكَرَّمَةٍۢ","مُّكَرَّمَة","krm","كرم","mukarrama","adjective","mkrm@","1","80:13:3","honored","auto"
"krm-mkrmwn","مُّكْرَمُونَ","مُّكْرَمُون","krm","كرم","mukramūn","noun","mkrmwn","5","21:26:8","honored","auto"
"krr-kr@","كَرَّةًۭ","كَرَّة","krr","كرر","karra","noun","kr@","6","2:167:7","a return","auto"
"krs-krsy","كُرْسِيُّهُ","كُرْسِيّ","krs","كرس","kursīy","noun","krsy","2","2:255:42","His Seat","auto"
"ksb-aaktsb","ٱكْتَسَبَتْ","ٱكْتَسَبَ","ksb","كسب","āktasaba","verb","aaktsb","5","2:286:12","they earned","auto"
"ksb-ksb","يَكْسِبُونَ","كَسَبَ","ksb","كسب","kasaba","verb","ksb","62","2:79:24","earn","auto"
"ksd-ksaad","كَسَادَهَا","كَسَاد","ksd","كسد","kasād","noun","ksaad","1","9:24:13","a decline (in) it","auto"
"ksf-ksf","كِسَفًا","كِسَف","ksf","كسف","kisaf","noun","ksf","5","17:92:7","fragments","auto"
"kshT-kshTt","كُشِطَتْ","كُشِطَتْ","k$T","كشط","kušiṭat","verb","kshTt","1","81:11:3","is stripped away","auto"
"kshf-kaashf","كَاشِفَ","كَاشِف","k$f","كشف","kāšif","noun","kaashf","3","6:17:6","remover","auto"
"kshf-kaashf@","كَاشِفَةٌ","كَاشِفَة","k$f","كشف","kāšifa","noun","kaashf@","1","53:58:6","any remover","auto"
"kshf-kshf","فَيَكْشِفُ","كَشَفَ","k$f","كشف","kašafa","verb","kshf","15","6:41:4","We removed","auto"
"kshf-kshft","كَٰشِفَٰتُ","كَٰشِفَٰت","k$f","كشف","kāšifāt","noun","kshft","1","39:38:22","removers","auto"
"ksl-ksaaly","كُسَالَىٰ","كُسَالَىٰ","ksl","كسل","kusālāā","noun","ksaaly","2","4:142:12","lazily","auto"
"ksw-ksw","نَكْسُوهَا","كَسَوْ","ksw","كسو","kasaw","verb","ksw","3","2:259:55","We cover them","auto"
"ksw-kswt","وَكِسْوَتُهُنَّ","كِسْوَت","ksw","كسو","kiswat","noun","kswt","2","2:233:15","and their clothing","auto"
"ktb-aakttb","ٱكْتَتَبَهَا","ٱكْتَتَبَ","ktb","كتب","āktataba","verb","aakttb","1","25:5:4","which he has had written","auto"
"ktb-kaatb","كَاتِبٌۢ","كَاتِب","ktb","كتب","kātib","noun","kaatb","7","2:282:13","a scribe","auto"
"ktb-ktb","ٱلْكِتَٰبُ","كِتَٰب","ktb","كتب","kitāb","noun","ktb","309","2:2:2","the Book","auto"
"ktb-ktby","بِّكِتَٰبِى","كِتَٰبِى","ktb","كتب","kitābiā","noun","ktby","1","27:28:2","with my letter","auto"
"ktb-mktwb","مَكْتُوبًا","مَكْتُوب","ktb","كتب","maktūb","noun","mktwb","1","7:157:8","written","auto"
"kthb-kthyb","كَثِيبًۭا","كَثِيب","kvb","كثب","kaṯīb","noun","kthyb","1","73:14:7","a heap of sand","auto"
"kthr-a2kthr","أَكْثَرُهُمْ","أَكْثَر","kvr","كثر","ʾakṯar","noun","a2kthr","82","2:100:8","most of them","auto"
"kthr-aastkthr","ٱسْتَكْثَرْتُم","ٱسْتَكْثَرْ","kvr","كثر","āstakṯar","verb","aastkthr","3","6:128:7","you have (misled) many","auto"
"kthr-kthr","كَثُرَ","كَثُرَ","kvr","كثر","kaṯura","verb","kthr","3","4:7:17","much","auto"
"kthr-kthr@","كَثْرَةُ","كَثْرَة","kvr","كثر","kaṯra","noun","kthr@","2","5:100:8","abundance","auto"
"kthr-kthyr","كَثِيرًۭا","كَثِير","kvr","كثر","kaṯīr","noun","kthyr","63","2:26:31","many","auto"
"kthr-kthyr@","كَثِيرَةًۭ","كَثِيرَة","kvr","كثر","kaṯīra","adjective","kthyr@","11","2:245:11","many","auto"
"kthr-kwthr","ٱلرَّحْمَٰنِ","كَوْثَر","kvr","كثر","kawṯar","noun","kwthr","1","108:1:3","Al-Kauthar","auto"
"kthr-tkaathr","وَتَكَاثُرٌۭ","تَّكَاثُر","kvr","كثر","takāṯur","noun","tkaathr","2","57:20:10","and competition in increase","auto"
"ktm-ktm","تَكْتُمُونَ","كَتَمَ","ktm","كتم","katama","verb","ktm","21","2:33:22","conceal","auto"
"kwb-a2kwaab","وَأَكْوَابٍۢ","أَكْوَاب","kwb","كوب","ʾakwāb","noun","a2kwaab","4","43:71:6","and cups","auto"
"kwd-kaad","يَكَادُ","كَادَ","kwd","كود","kāda","verb","kaad","24","2:20:1","Almost","auto"
"kwkb-kwkb","كَوْكَبًۭا","كَوْكَب","kwkb","كوكب","kawkab","noun","kwkb","5","6:76:6","a star","auto"
"kwn-kaan","كَانُوا۟","كَانَ","kwn","كون","kāna","verb","kaan","1358","2:10:11","is","auto"
"kwn-mkaan","مَّكَانَ","مَّكَان","kwn","كون","makān","noun","mkaan","27","4:20:5","a place","auto"
"kwn-mkaant","مَكَانَتِكُمْ","مَكَانَت","kwn","كون","makānat","noun","mkaant","5","6:135:5","your position","auto"
"kwr-kwrt","يُكَوِّرُ","كُوِّرَتْ","kwr","كور","kūwirat","verb","kwrt","3","39:5:5","He wraps","auto"
"kwy-tkwy","فَتُكْوَىٰ","تُكْوَىٰ","kwy","كوي","tukwāā","verb","tkwy","1","9:35:7","and will be branded","auto"
"kyd-kyd","كَيْدُهُمْ","كَيْد","kyd","كيد","kayd","noun","kyd","34","3:120:15","a plot","auto"
"kyd-mkydwn","ٱلْمَكِيدُونَ","مَكِيدُون","kyd","كيد","makīdūn","noun","mkydwn","1","52:42:7","(are in) the plot","auto"
"kyf-kyf","كَيْفَ","كَيْف","kyf","كيف","kayf","INTG","kyf","62","2:28:1","how","auto"
"kyl-aaktaal","نَكْتَلْ","ٱكْتَالُ","kyl","كيل","āktālu","verb","aaktaal","2","12:63:13","(that) we will get measure","auto"
"kyl-kaal","كِلْتُمْ","كَالُ","kyl","كيل","kālu","verb","kaal","2","17:35:4","you measure","auto"
"kyl-kyl","ٱلْكَيْلَ","كَيْل","kyl","كيل","kayl","noun","kyl","10","6:152:13","[the] measure","auto"
"kyl-mkyaal","ٱلْمِكْيَالَ","مِكْيَال","kyl","كيل","mikyāl","noun","mkyaal","2","11:84:16","(from) the measure","auto"
"kyn-aastkaan","ٱسْتَكَانُوا۟","ٱسْتَكَانُ","kyn","كين","āstakānu","verb","aastkaan","2","3:146:18","they gave in","auto"
"lHd-i2lHaad","بِإِلْحَادٍۭ","إِلْحَاد","lHd","لحد","ʾilḥād","noun","i2lHaad","1","22:25:20","of deviation","auto"
"lHd-mltHd","مُلْتَحَدًۭا","مُلْتَحَد","lHd","لحد","multaḥad","noun","mltHd","2","18:27:15","a refuge","auto"
"lHd-ylHd","يُلْحِدُونَ","يُلْحِدُ","lHd","لحد","yulḥidu","verb","ylHd","3","7:180:8","deviate","auto"
"lHf-i2lHaaf","إِلْحَافًۭا","إِلْحَاف","lHf","لحف","ʾilḥāf","noun","i2lHaaf","1","2:273:22","with importunity","auto"
"lHm-lHm","وَلَحْمَ","لَحْم","lHm","لحم","laḥm","noun","lHm","12","2:173:6","and flesh","auto"
"lHn-lHn","لَحْنِ","لَحْن","lHn","لحن","laḥn","noun","lHn","1","47:30:8","(the) tone","auto"
"lHq-a2lHq","وَأَلْحِقْنِى","أَلْحَقْ","lHq","لحق","ʾalḥaq","verb","a2lHq","4","12:101:20","and join me","auto"
"lHq-ylHq","يَلْحَقُوا۟","يَلْحَقُ","lHq","لحق","yalḥaqu","verb","ylHq","2","3:170:10","yet joined","auto"
"lHy-lHyt","بِلِحْيَتِى","لِحْيَت","lHy","لحي","liḥyat","noun","lHyt","1","20:94:5","by my beard","auto"
"lTf-lTyf","ٱللَّطِيفُ","لَطِيف","lTf","لطف","laṭīf","noun","lTyf","7","6:103:8","the All-Subtle","auto"
"lTf-ytlTf","وَلْيَتَلَطَّفْ","يَتَلَطَّفْ","lTf","لطف","yatalaṭṭaf","verb","ytlTf","1","18:19:34","and let him be cautious","auto"
"lZy-tlZy","تَلَظَّىٰ","تَلَظَّىٰ","lZy","لظي","talaẓẓāā","verb","tlZy","1","92:14:3","blazing","auto"
"laalaa-lw2lw2","وَلُؤْلُؤًۭا","لُؤْلُؤ","lAlA","لالا","luʾluʾ","noun","lw2lw2","6","22:23:19","pearls","auto"
"lab-lab","وَلَعِبًۭا","لَعِب","lEb","لعب","laʿib","noun","lab","8","5:57:10","and fun","auto"
"lab-labyn","لَٰعِبِينَ","لَٰعِبِين","lEb","لعب","lāʿibīn","noun","labyn","3","21:16:7","(for) playing","auto"
"lab-ylab","يَلْعَبُونَ","يَلْعَبْ","lEb","لعب","yalʿab","verb","ylab","9","6:91:44","playing","auto"
"lan-lan","لَّعَنَهُمُ","لَعَنَ","lEn","لعن","laʿana","verb","lan","24","2:88:5","and curse them","auto"
"lan-lan@","فَلَعْنَةُ","لَعْنَة","lEn","لعن","laʿna","noun","lan@","14","2:89:23","(is the) curse","auto"
"lan-lanwn","ٱللَّٰعِنُونَ","لَّٰعِنُون","lEn","لعن","lāʿinūn","noun","lanwn","1","2:159:20","the ones who curse","auto"
"lan-mlawn@","ٱلْمَلْعُونَةَ","مَلْعُونَة","lEn","لعن","malʿūna","noun","mlawn@","1","17:60:17","the accursed","auto"
"lan-mlawnyn","مَّلْعُونِينَ","مَّلْعُونِين","lEn","لعن","malʿūnīn","noun","mlawnyn","1","33:61:1","Accursed","auto"
"lbb-a2lbb","ٱلْأَلْبَٰبِ","أَلْبَٰب","lbb","لبب","ʾalbāb","noun","a2lbb","16","2:179:6","(of) understanding","auto"
"lbd-lbd","لِبَدًۭا","لِبَد","lbd","لبد","libad","noun","lbd","2","72:19:10","a compacted mass","auto"
"lbn-lbn","لَّبَنًا","لَّبَن","lbn","لبن","laban","noun","lbn","2","16:66:14","milk","auto"
"lbs-lbaas","لِبَاسٌۭ","لِبَاس","lbs","لبس","libās","noun","lbaas","10","2:187:9","(are) garments","auto"
"lbs-lbs","تَلْبِسُوا۟","لَبَسْ","lbs","لبس","labas","verb","lbs","12","2:42:2","mix","auto"
"lbs-lbws","لَبُوسٍۢ","لَبُوس","lbs","لبس","labūs","noun","lbws","1","21:80:3","(of) coats of armor","auto"
"lbth-lbth","لَبِثْتَ","لَبِثَ","lbv","لبث","labiṯa","verb","lbth","30","2:259:25","you remained","auto"
"lbth-lbthyn","لَّٰبِثِينَ","لَّٰبِثِين","lbv","لبث","lābiṯīn","noun","lbthyn","1","78:23:1","(They will) be remaining","auto"
"ldd-a2ld","أَلَدُّ","أَلَدّ","ldd","لدد","ʾaladd","noun","a2ld","1","2:204:16","(is) the most quarrelsome","auto"
"ldd-ld","لُّدًّۭا","لُّدّ","ldd","لدد","ludd","adjective","ld","1","19:97:10","hostile","auto"
"ldhdh-ldh@","لَذَّةٍۢ","لَذَّة","l**","لذذ","laḏḏa","adjective","ldh@","2","37:46:2","delicious","auto"
"ldhdh-tldh","وَتَلَذُّ","تَلَذُّ","l**","لذذ","talaḏḏu","verb","tldh","1","43:71:11","and delights","auto"
"ldn-ldn","لَّدُنكَ","لَّدُن","ldn","لدن","ladun","noun","ldn","18","3:8:11","Yourself","auto"
"lfH-tlfH","تَلْفَحُ","تَلْفَحُ","lfH","لفح","talfaḥu","verb","tlfH","1","23:104:1","Will burn","auto"
"lfZ-ylfZ","يَلْفِظُ","يَلْفِظُ","lfZ","لفظ","yalfiẓu","verb","ylfZ","1","50:18:2","he utters","auto"
"lff-a2lfaaf","أَلْفَافًا","أَلْفَاف","lff","لفف","ʾalfāf","adjective","a2lfaaf","1","78:16:2","(of) thick foliage","auto"
"lff-aaltft","وَٱلْتَفَّتِ","ٱلْتَفَّتِ","lff","لفف","āltaffati","verb","aaltft","1","75:29:1","And is wound","auto"
"lff-lfyf","لَفِيفًۭا","لَفِيف","lff","لفف","lafīf","noun","lfyf","1","17:104:14","(as) a mixed crowd","auto"
"lft-tlft","لِتَلْفِتَنَا","تَلْفِتَ","lft","لفت","talfita","verb","tlft","1","10:78:3","to turn us away","auto"
"lft-yltft","يَلْتَفِتْ","يَلْتَفِتْ","lft","لفت","yaltafit","verb","yltft","2","11:81:15","look back","auto"
"lfw-a2lf","أَلْفَيْنَا","أَلْفَ","lfw","لفو","ʾalfa","verb","a2lf","3","2:170:12","we found","auto"
"lghb-lghwb","لُغُوبٌۭ","لُّغُوب","lgb","لغب","luġūb","noun","lghwb","2","35:35:14","weariness","auto"
"lghw-aalgh","وَٱلْغَوْا۟","ٱلْغَ","lgw","لغو","ālġa","verb","aalgh","1","41:26:8","and make noise","auto"
"lghw-lghw","بِٱللَّغْوِ","لَغْو","lgw","لغو","laġw","noun","lghw","9","2:225:4","vain talk","auto"
"lghw-lghy@","لَٰغِيَةًۭ","لَٰغِيَة","lgw","لغو","lāġiya","noun","lghy@","1","88:11:4","vain talk","auto"
"lhb-lhb","ٱللَّهَبِ","لَهَب","lhb","لهب","lahab","noun","lhb","3","77:31:6","the flame","auto"
"lhm-a2lhm","فَأَلْهَمَهَا","أَلْهَمَ","lhm","لهم","ʾalhama","verb","a2lhm","1","91:8:1","And He inspired it","auto"
"lhth-ylhth","يَلْهَثْ","يَلْهَثْ","lhv","لهث","yalhaṯ","verb","ylhth","2","7:176:17","he lolls out his tongue","auto"
"lhw-a2lhy","وَيُلْهِهِمُ","أَلْهَىٰ","lhw","لهو","ʾalhāā","verb","a2lhy","4","15:3:4","and diverted them","auto"
"lhw-laahy@","لَاهِيَةًۭ","لَاهِيَة","lhw","لهو","lāhiya","noun","laahy@","1","21:3:1","Distracted","auto"
"lhw-lhw","وَلَهْوٌۭ","لَهْو","lhw","لهو","lahw","noun","lhw","10","6:32:6","and amusement","auto"
"lhw-tlhy","تَلَهَّىٰ","تَلَهَّىٰ","lhw","لهو","talahhāā","verb","tlhy","1","80:10:3","(are) distracted","auto"
"ljaa-mlji2","مَلْجَـًٔا","مَّلْجَإ","ljA","لجا","malǧaʾ","noun","mlji2","3","9:57:3","refuge","auto"
"ljj-lj","لَّلَجُّوا۟","لَّجُّ","ljj","لجج","laǧǧu","verb","lj","2","23:75:8","surely they would persist","auto"
"ljj-lj@","لُجَّةًۭ","لُجَّة","ljj","لجج","luǧǧa","noun","lj@","1","27:44:8","(was) a pool","auto"
"ljj-ljy","لُّجِّىٍّۢ","لُّجِّىّ","ljj","لجج","luǧǧiāā","adjective","ljy","1","24:40:5","deep","auto"
"lmH-lmH","كَلَمْحِ","لَمْح","lmH","لمح","lamḥ","noun","lmH","2","16:77:9","as a twinkling","auto"
"lmm-lm","هَلُمَّ","لُمَّ","lmm","لمم","lumma","verb","lm","3","6:150:2","Bring forward","auto"
"lmm-lmm","ٱللَّمَمَ","لَّمَم","lmm","لمم","lamam","noun","lmm","1","53:32:7","the small faults","auto"
"lms-aaltms","فَٱلْتَمِسُوا۟","ٱلْتَمِسُ","lms","لمس","āltamisu","verb","aaltms","1","57:13:14","and seek","auto"
"lms-lms","لَٰمَسْتُمُ","لَمَسُ","lms","لمس","lamasu","verb","lms","4","4:43:33","you have touched","auto"
"lmz-lmz@","ٱلرَّحِيمِ","لُّمَزَة","lmz","لمز","lumaza","noun","lmz@","1","104:1:4","backbiter","auto"
"lmz-ylmz","يَلْمِزُكَ","يَلْمِزُ","lmz","لمز","yalmizu","verb","ylmz","3","9:58:3","criticizes you","auto"
"lqH-lwqH","لَوَٰقِحَ","لَوَٰقِح","lqH","لقح","lawāqiḥ","noun","lwqH","1","15:22:3","fertilizing","auto"
"lqT-aaltqT","يَلْتَقِطْهُ","ٱلْتَقَطَ","lqT","لقط","āltaqaṭa","verb","aaltqT","2","12:10:11","will pick him","auto"
"lqb-a2lqb","بِٱلْأَلْقَٰبِ","أَلْقَٰب","lqb","لقب","ʾalqāb","noun","a2lqb","1","49:11:28","by nicknames","auto"
"lqf-tlqf","تَلْقَفُ","تَلْقَفُ","lqf","لقف","talqafu","verb","tlqf","3","7:117:9","swallow(ed)","auto"
"lqm-aaltqm","فَٱلْتَقَمَهُ","ٱلْتَقَمَ","lqm","لقم","āltaqama","verb","aaltqm","1","37:142:1","Then swallowed him","auto"
"lqy-a2lqy","تُلْقُوا۟","أَلْقَىٰٔ","lqy","لقي","ʾalqāā","verb","a2lqy","71","2:195:6","Throw","auto"
"lqy-aaltqy","ٱلْتَقَتَا","ٱلْتَقَى","lqy","لقي","āltaqā","verb","aaltqy","7","3:13:7","(when) met","auto"
"lqy-lq","لَقُوا۟","لَقُ","lqy","لقي","laqu","verb","lq","14","2:14:2","you meet","auto"
"lqy-lqaa2","بِلِقَآءِ","لِقَأء","lqy","لقي","liqāʾ","noun","lqaa2","24","6:31:5","(the) meeting","auto"
"lqy-lqy","وَيُلَقَّوْنَ","لَقَّىٰ","lqy","لقي","laqqāā","verb","lqy","7","25:75:6","it is granted","auto"
"lqy-mlq","مُلَٰقٍ","مُلَٰق","lqy","لقي","mulāq","noun","mlq","1","69:20:4","(will) meet","auto"
"lqy-mlqwaa","مُّلَٰقُوا۟","مُّلَٰقُوا","lqy","لقي","mulāquwā","noun","mlqwaa","4","2:46:4","will meet","auto"
"lqy-mlqwn","ٱلْمُلْقِينَ","مُّلْقُون","lqy","لقي","mulqūn","noun","mlqwn","3","7:115:10","the ones to throw","auto"
"lqy-mlqy","مُلَٰقِيكُمْ","مُلَٰقِي","lqy","لقي","mulāqī","noun","mlqy","2","62:8:8","(will) meet you","auto"
"lqy-mlqyt","فَٱلْمُلْقِيَٰتِ","مُلْقِيَٰت","lqy","لقي","mulqiyāt","noun","mlqyt","1","77:5:1","And those who bring down","auto"
"lqy-mtlqyaan","ٱلْمُتَلَقِّيَانِ","مُتَلَقِّيَان","lqy","لقي","mutalaqqiyān","noun","mtlqyaan","1","50:17:3","the two receivers","auto"
"lqy-tlaaq","ٱلتَّلَاقِ","تَّلَاق","lqy","لقي","talāq","noun","tlaaq","1","40:15:16","(of) the Meeting","auto"
"lqy-tlqaa2","تِلْقَآءَ","تِلْقَأء","lqy","لقي","tilqāʾ","location","tlqaa2","3","7:47:4","towards","auto"
"lqy-tlqy","فَتَلَقَّىٰٓ","تَلَقَّىٰٔ","lqy","لقي","talaqqāā","verb","tlqy","4","2:37:1","Then received","auto"
"lqy-ylq","يُلَٰقُوا۟","يُلَٰقُ","lqy","لقي","yulāqu","verb","ylq","3","43:83:5","they meet","auto"
"lsn-lsaan","أَلْسِنَتَهُم","لِسَان","lsn","لسن","lisān","noun","lsaan","25","3:78:5","their tongues","auto"
"lwH-lwH","ٱلْأَلْوَاحِ","لَوْح","lwH","لوح","lawḥ","noun","lwH","5","7:145:4","the tablets","auto"
"lwH-lwaaH@","لَوَّاحَةٌۭ","لَوَّاحَة","lwH","لوح","lawwāḥa","noun","lwaaH@","1","74:29:1","Scorching","auto"
"lwdh-lwaadh","لِوَاذًۭا","لِوَاذ","lw*","لوذ","liwāḏ","noun","lwaadh","1","24:63:15","under shelter","auto"
"lwm-laay2m","لَآئِمٍۢ","لَأئِم","lwm","لوم","lāʾim","noun","laay2m","1","5:54:28","(of) a critic","auto"
"lwm-lm","لُمْتُنَّنِى","لُمْ","lwm","لوم","lum","verb","lm","3","12:32:4","you blamed me","auto"
"lwm-lwaam@","ٱللَّوَّامَةِ","لَّوَّامَة","lwm","لوم","lawwāma","adjective","lwaam@","1","75:2:4","self-accusing","auto"
"lwm-lwm@","لَوْمَةَ","لَوْمَة","lwm","لوم","lawma","noun","lwm@","1","5:54:27","the blame","auto"
"lwm-mlwm","مَلُومًۭا","مَلُوم","lwm","لوم","malūm","noun","mlwm","5","17:29:12","blameworthy","auto"
"lwm-mlym","مُلِيمٌۭ","مُلِيم","lwm","لوم","mulīm","noun","mlym","2","37:142:4","(was) blameworthy","auto"
"lwm-ytlwm","يَتَلَٰوَمُونَ","يَتَلَٰوَمُ","lwm","لوم","yatalāwamu","verb","ytlwm","1","68:30:5","blaming each other","auto"
"lwn-lwn","لَوْنُهَا","لَوْن","lwn","لون","lawn","noun","lwn","9","2:69:8","colors","auto"
"lwt-laat","وَّلَاتَ","لَاتَ","lwt","لوت","lāta","verb","laat","1","38:3:8","when there (was) no longer","auto"
"lwy-lw","لَوَّوْا۟","لَوَّ","lwy","لوي","lawwa","verb","lw","1","63:5:9","They turn aside","auto"
"lwy-ly","لَيًّۢا","لَيّ","lwy","لوي","layy","noun","ly","1","4:46:15","twisting","auto"
"lwy-yl","يَلْوُۥنَ","يَلْ","lwy","لوي","yal","verb","yl","3","3:78:4","they distort","auto"
"lyl-lyl","ٱلَّيْلِ","لَيْل","lyl","ليل","layl","noun","lyl","84","2:164:7","the night","auto"
"lyl-lyl@","لَيْلَةًۭ","لَيْلَة","lyl","ليل","layla","noun","lyl@","8","2:51:5","nights","auto"
"lyn-a2l","وَأَلَنَّا","أَلَ","lyn","لين","ʾala","verb","a2l","1","34:10:10","And We made pliable","auto"
"lyn-ln","لِنتَ","لِن","lyn","لين","lin","verb","ln","2","3:159:5","you dealt gently","auto"
"lyn-lyn","لَّيِّنًۭا","لَّيِّن","lyn","لين","layyin","adjective","lyn","1","20:44:4","gentle","auto"
"lyn-lyn@","لِّينَةٍ","لِّينَة","lyn","لين","līna","noun","lyn@","1","59:5:4","(the) palm-trees","auto"
"lys-lys","لَيْسَتِ","لَّيْسَ","lys","ليس","laysa","verb","lys","89","2:113:3","not","auto"
"lyt-ylt","يَلِتْكُم","يَلِتْ","lyt","ليت","yalit","verb","ylt","1","49:14:20","He will deprive you","auto"
"lzb-laazb","لَّازِبٍۭ","لَّازِب","lzb","لزب","lāzib","noun","laazb","1","37:11:12","sticky","auto"
"lzm-a2lzm","أَنُلْزِمُكُمُوهَا","أَلْزَمَ","lzm","لزم","ʾalzama","verb","a2lzm","3","11:28:16","should We compel you (to accept) it","auto"
"lzm-lzaam","لِزَامًۭا","لِزَام","lzm","لزم","lizām","noun","lzaam","2","20:129:7","an obligation","auto"
"mDgh-mDgh@","مُّضْغَةٍۢ","مُضْغَة","mDg","مضغ","muḍġa","noun","mDgh@","3","22:5:21","an embryonic lump","auto"
"mDy-mDy","مَضَتْ","مَضَىٰ","mDy","مضي","maḍāā","verb","mDy","5","8:38:14","preceded","auto"
"mHS-ymHS","وَلِيُمَحِّصَ","يُمَحِّصَ","mHS","محص","yumaḥḥiṣa","verb","ymHS","2","3:141:1","And so that may purify","auto"
"mHl-mHaal","ٱلْمِحَالِ","مِحَال","mHl","محل","miḥāl","noun","mHaal","1","13:13:19","(in) Strength","auto"
"mHn-aamtHn","ٱمْتَحَنَ","ٱمْتَحَنَ","mHn","محن","āmtaḥana","verb","aamtHn","2","49:3:10","Allah has tested","auto"
"mHq-ymHq","يَمْحَقُ","يَمْحَقُ","mHq","محق","yamḥaqu","verb","ymHq","2","2:276:1","Destroys","auto"
"mHw-mHw","يَمْحُوا۟","مَحَوْ","mHw","محو","maḥaw","verb","mHw","3","13:39:1","(Is) eliminated","auto"
"mSr-mSr","مِصْرًۭا","مِصْر","mSr","مصر","miṣr","noun","mSr","5","2:61:32","Egypt","auto"
"mTr-a2mTrt","وَأَمْطَرْنَا","أُمْطِرَتْ","mTr","مطر","ʾumṭirat","verb","a2mTrt","7","7:84:1","and We rained","auto"
"mTr-mTr","مَّطَرٍ","مَّطَر","mTr","مطر","maṭar","noun","mTr","7","4:102:48","a rain","auto"
"mTr-mmTr","مُّمْطِرُنَا","مُّمْطِر","mTr","مطر","mumṭir","noun","mmTr","1","46:24:9","bringing us rain","auto"
"mTw-ytmTy","يَتَمَطَّىٰٓ","يَتَمَطَّىٰٔ","mTw","مطو","yatamaṭṭāā","verb","ytmTy","1","75:33:5","swaggering","auto"
"maay-maay2@","مِا۟ئَةَ","مِائَة","mAy","ماي","miāʾa","noun","maay2@","10","2:259:19","a hundred","auto"
"man-maawn","ٱلْمَاعُونَ","مَاعُون","mEn","معن","māʿūn","noun","maawn","1","107:7:2","[the] small kindnesses","auto"
"may-a2maa2","أَمْعَآءَهُمْ","أَمْعَأء","mEy","معي","ʾamʿāʾ","noun","a2maa2","1","47:15:44","their intestines","auto"
"maz-maz","ٱلْمَعْزِ","مَعْز","mEz","معز","maʿz","noun","maz","1","6:143:7","the goats","auto"
"mdd-a2md","يُمِدَّكُمْ","أَمَدَّ","mdd","مدد","ʾamadda","verb","a2md","10","3:124:7","reinforces you","auto"
"mdd-md","وَيَمُدُّهُمْ","مَدَّ","mdd","مدد","madda","verb","md","15","2:15:4","extend","auto"
"mdd-mdaad","مِدَادًۭا","مِدَاد","mdd","مدد","midād","noun","mdaad","1","18:109:5","ink","auto"
"mdd-mdd","مَدَدًۭا","مَدَد","mdd","مدد","madad","noun","mdd","1","18:109:18","(as) a supplement","auto"
"mdd-mdt","مُدَّتِهِمْ","مُدَّت","mdd","مدد","muddat","noun","mdt","1","9:4:18","their term","auto"
"mdd-mmd","مُمِدُّكُم","مُمِدّ","mdd","مدد","mumidd","noun","mmd","1","8:9:7","going to reinforce you","auto"
"mdd-mmdd@","مُّمَدَّدَةٍۭ","مُّمَدَّدَة","mdd","مدد","mumaddada","adjective","mmdd@","1","104:9:3","extended","auto"
"mdd-mmdwd","مَّمْدُودٍۢ","مَّمْدُود","mdd","مدد","mamdūd","adjective","mmdwd","2","56:30:2","extended","auto"
"mdn-mdaay2n","ٱلْمَدَآئِنِ","مَدَأئِن","mdn","مدن","madāʾin","noun","mdaay2n","3","7:111:6","the cities","auto"
"mdn-mdyn@","ٱلْمَدِينَةِ","مَدِينَة","mdn","مدن","madīna","noun","mdyn@","14","7:123:14","the city","auto"
"mhd-mhd","ٱلْمِهَادُ","مِهَٰد","mhd","مهد","mihād","noun","mhd","13","2:206:12","the cradle","auto"
"mhd-mhdwn","ٱلْمَٰهِدُونَ","مَٰهِدُون","mhd","مهد","māhidūn","noun","mhdwn","1","51:48:4","(are) the Spreaders","auto"
"mhd-tmhyd","تَمْهِيدًۭا","تَمْهِيد","mhd","مهد","tamhīd","noun","tmhyd","1","74:14:3","ease","auto"
"mhd-ymhd","يَمْهَدُونَ","يَمْهَدُ","mhd","مهد","yamhadu","verb","ymhd","1","30:44:9","they are preparing","auto"
"mhl-a2mhl","أَمْهِلْهُمْ","أَمْهِلْ","mhl","مهل","ʾamhil","verb","a2mhl","1","86:17:3","Give respite to them","auto"
"mhl-mhl","كَٱلْمُهْلِ","مُهْل","mhl","مهل","muhl","noun","mhl","5","18:29:22","like molten brass","auto"
"mhn-mhyn","مَّهِينٍۢ","مَّهِين","mhn","مهن","mahīn","adjective","mhyn","4","32:8:8","despised","auto"
"mjd-mjyd","مَّجِيدٌۭ","مَّجِيد","mjd","مجد","maǧīd","adjective","mjyd","4","11:73:14","the Glorious","auto"
"mjs-mjws","وَٱلْمَجُوسَ","مَجُوس","mjs","مجس","maǧūs","proper-noun","mjws","1","22:17:8","and the Magians","auto"
"mkhD-mkhaaD","ٱلْمَخَاضُ","مَخَاض","mxD","مخض","maḫāḍ","noun","mkhaaD","1","19:23:2","the pains of childbirth","auto"
"mkhr-mwaakhr","مَوَاخِرَ","مَوَاخِر","mxr","مخر","mawāḫir","noun","mwaakhr","2","16:14:15","ploughing","auto"
"mkn-a2mkn","فَأَمْكَنَ","أَمْكَنَ","mkn","مكن","ʾamkana","verb","a2mkn","1","8:71:9","So He gave (you) power","auto"
"mkn-mk","مَّكَّنَّٰهُمْ","مَكَّ","mkn","مكن","makka","verb","mk","13","6:6:9","We established","auto"
"mkn-mkyn","مَكِينٌ","مَّكِين","mkn","مكن","makīn","noun","mkyn","4","12:54:13","firmly established","auto"
"mkr-mkr","وَمَكَرُوا۟","مَكَرَ","mkr","مكر","makara","verb","mkr","41","3:54:1","plotted","auto"
"mkr-mkryn","ٱلْمَٰكِرِينَ","مَٰكِرِين","mkr","مكر","mākirīn","noun","mkryn","2","3:54:6","(of) the planners","auto"
"mkth-mkth","فَيَمْكُثُ","مَكَثَ","mkv","مكث","makaṯa","verb","mkth","5","13:17:36","Stay here","auto"
"mkth-mkthyn","مَّٰكِثِينَ","مَّٰكِثِين","mkv","مكث","mākiṯīn","noun","mkthyn","2","18:3:1","(They will) abide","auto"
"mkw-mkaa2","مُكَآءًۭ","مُكَأء","mkw","مكو","mukāʾ","noun","mkaa2","1","8:35:7","whistling","auto"
"mlH-mlH","مِلْحٌ","مِلْح","mlH","ملح","milḥ","noun","mlH","2","25:53:9","salty","auto"
"mlaa-aamtla2","ٱمْتَلَأْتِ","ٱمْتَلَأْ","mlA","ملا","āmtalaʾ","verb","aamtla2","1","50:30:5","you filled","auto"
"mlaa-maalwn","فَمَالِـُٔونَ","مَالِـُٕون","mlA","ملا","māliūn","noun","maalwn","2","37:66:4","and fill","auto"
"mlaa-ml2","مِّلْءُ","مِّلْء","mlA","ملا","milʾ","noun","ml2","1","3:91:11","full","auto"
"mlaa-mla2","ٱلْمَلَإِ","مَلَأ","mlA","ملا","malaʾ","noun","mla2","30","2:246:4","the chiefs","auto"
"mlaa-mly2t","لَأَمْلَأَنَّ","مُلِئَتْ","mlA","ملا","muliʾat","verb","mly2t","6","7:18:9","Surely I will fill","auto"
"mlk-mlk","مَٰلِكِ","مَٰلِك","mlk","ملك","mālik","noun","mlk","156","1:4:1","the Angels","auto"
"mlk-mlkt","مَلَكَتْ","مَلَكَتْ","mlk","ملك","malakat","verb","mlkt","44","4:3:23","possess","auto"
"mlk-mlkwt","مَلَكُوتَ","مَلَكُوت","mlk","ملك","malakūt","noun","mlkwt","4","6:75:4","the kingdom","auto"
"mlk-mlyk","مَلِيكٍۢ","مَلِيك","mlk","ملك","malīk","noun","mlyk","1","54:55:5","a King","auto"
"mlk-mmlwk","مَّمْلُوكًۭا","مَّمْلُوك","mlk","ملك","mamlūk","noun","mmlwk","1","16:75:5","(who is) owned","auto"
"mll-ml@","مِلَّتَهُمْ","مِلَّة","mll","ملل","milla","noun","ml@","15","2:120:9","(the) religion","auto"
"mll-yml","وَلْيُمْلِلِ","يُمِلَّ","mll","ملل","yumilla","verb","yml","3","2:282:24","and let dictate","auto"
"mlq-i2mlq","إِمْلَٰقٍۢ","إِمْلَٰق","mlq","ملق","ʾimlāq","noun","i2mlq","2","6:151:18","poverty","auto"
"mlw-a2mly","نُمْلِى","أَمْلَىٰ","mlw","ملو","ʾamlāā","verb","a2mly","9","3:178:6","We give respite","auto"
"mlw-mly","مَلِيًّۭا","مَلِيّ","mlw","ملو","malīy","noun","mly","1","19:46:12","(for) a prolonged time","auto"
"mna-maanat","مَّانِعَتُهُمْ","مَّانِعَت","mnE","منع","māniʿat","noun","maanat","1","59:2:19","would defend them","auto"
"mna-mmnwa@","مَمْنُوعَةٍۢ","مَمْنُوعَة","mnE","منع","mamnūʿa","noun","mmnwa@","1","56:33:4","forbidden","auto"
"mna-mna","مَّنَعَ","مَّنَعَ","mnE","منع","manaʿa","verb","mna","12","2:114:4","prevented you","auto"
"mna-mnaa","مَّنَّاعٍۢ","مَّنَّاع","mnE","منع","mannāʿ","adjective","mnaa","2","50:25:1","Forbidder","auto"
"mna-mnwa","مَنُوعًا","مَنُوع","mnE","منع","manūʿ","noun","mnwa","1","70:21:4","withholding","auto"
"mnn-mmnwn","مَمْنُونٍۢ","مَمْنُون","mnn","منن","mamnūn","noun","mmnwn","4","41:8:9","ending","auto"
"mnn-mn","ٱلْمَنَّ","مَنّ","mnn","منن","mann","noun","mn","22","2:57:6","[the] manna","auto"
"mnn-mnwn","ٱلْمَنُونِ","مَنُون","mnn","منن","manūn","noun","mnwn","1","52:30:7","a misfortune of time","auto"
"mny-a2mnyt","أَمَانِىَّ","أُمْنِيَّت","mny","مني","ʾumnīyat","noun","a2mnyt","6","2:78:7","wishful thinking","auto"
"mny-mny","مَّنِىٍّۢ","مَّنِىّ","mny","مني","maniāā","noun","mny","1","75:37:5","semen","auto"
"mny-tmny","تَمَنَّىٰٓ","تَمَنَّىٰٔ","mny","مني","tamannāā","verb","tmny","3","22:52:11","he recited","auto"
"mny-ymny","وَلَأُمَنِّيَنَّهُمْ","يُمَنِّي","mny","مني","yumannī","verb","ymny","5","4:119:2","and surely arouse desires in them","auto"
"mny-ytmn","فَتَمَنَّوُا۟","يَتَمَنَّ","mny","مني","yatamanna","verb","ytmn","6","2:94:13","then wish","auto"
"mqt-mqt","وَمَقْتًۭا","مَقْت","mqt","مقت","maqt","noun","mqt","6","4:22:15","and hateful","auto"
"mrD-mrD","مَّرَضٌۭ","مَّرَض","mrD","مرض","maraḍ","noun","mrD","14","2:10:3","(is) a disease","auto"
"mrD-mryD","مَّرِيضًا","مَّرِيض","mrD","مرض","marīḍ","noun","mryD","10","2:184:6","sick","auto"
"mrH-mrH","مَرَحًا","مَرَح","mrH","مرح","maraḥ","noun","mrH","2","17:37:5","(with) insolence","auto"
"mrH-tmrH","تَمْرَحُونَ","تَمْرَحُ","mrH","مرح","tamraḥu","verb","tmrH","1","40:75:11","be insolent","auto"
"mraa-aamra2","ٱمْرَأَ","ٱمْرَأ","mrA","مرا","āmraʾ","noun","aamra2","1","19:28:6","an evil man","auto"
"mraa-aamra2t","وَٱمْرَأَتَانِ","ٱمْرَأَت","mrA","مرا","āmraʾat","noun","aamra2t","26","2:282:61","(the) wife","auto"
"mraa-aamrw2aa","ٱمْرُؤٌا۟","ٱمْرُؤٌا","mrA","مرا","āmruʾunā","noun","aamrw2aa","1","4:176:8","a man","auto"
"mraa-aamry2","ٱمْرِئٍۢ","ٱمْرِئ","mrA","مرا","āmriʾ","noun","aamry2","5","24:11:16","person","auto"
"mraa-mr2","ٱلْمَرْءِ","مَرْء","mrA","مرا","marʾ","noun","mr2","4","2:102:41","the man","auto"
"mraa-mry","مَّرِيٓـًۭٔا","مَّرِئـٕ","mrA","مرا","marī","adjective","mry","1","4:4:14","(and) ease","auto"
"mrd-maard","مَّارِدٍۢ","مَّارِد","mrd","مرد","mārid","noun","maard","1","37:7:5","rebellious","auto"
"mrd-mmrd","مُّمَرَّدٌۭ","مُّمَرَّد","mrd","مرد","mumarrad","noun","mmrd","1","27:44:15","made smooth","auto"
"mrd-mrd","مَرَدُوا۟","مَرَدُ","mrd","مرد","maradu","verb","mrd","1","9:101:9","They persist","auto"
"mrd-mryd","مَّرِيدًۭا","مَّرِيد","mrd","مرد","marīd","adjective","mryd","2","4:117:11","rebellious","auto"
"mrj-maarj","مَّارِجٍۢ","مَّارِج","mrj","مرج","māriǧ","noun","maarj","1","55:15:4","a smokeless flame","auto"
"mrj-mrj","مَرَجَ","مَرَجَ","mrj","مرج","maraǧa","verb","mrj","2","25:53:3","(has) released","auto"
"mrj-mrjaan","وَٱلْمَرْجَانُ","مَرْجَان","mrj","مرج","marǧān","noun","mrjaan","2","55:22:4","and the coral","auto"
"mrj-mryj","مَّرِيجٍ","مَّرِيج","mrj","مرج","marīǧ","adjective","mryj","1","50:5:9","confused","auto"
"mrr-a2mr","وَأَمَرُّ","أَمَرّ","mrr","مرر","ʾamarr","noun","a2mr","1","54:46:6","and more bitter","auto"
"mrr-mr","مَرَّ","مَرَّ","mrr","مرر","marra","verb","mr","11","2:259:3","they pass","auto"
"mrr-mr@","مَرَّتَانِ","مَرَّة","mrr","مرر","marra","noun","mr@","20","2:229:2","time","auto"
"mrr-mrt","مَرَّٰتٍۢ","مَرَّٰت","mrr","مرر","marrāt","noun","mrt","1","24:58:14","times","auto"
"mrr-mstmr","مُّسْتَمِرٌّۭ","مُّسْتَمِرّ","mrr","مرر","mustamirr","noun","mstmr","2","54:2:7","continuing","auto"
"mry-mmtryn","ٱلْمُمْتَرِينَ","مُمْتَرِين","mry","مري","mumtarīn","noun","mmtryn","4","2:147:7","the doubters","auto"
"mry-mraa2","مِرَآءًۭ","مِرَأء","mry","مري","mirāʾ","noun","mraa2","1","18:22:27","(with) an argument","auto"
"mry-mry@","مِرْيَةٍۢ","مِرْيَة","mry","مري","mirya","noun","mry@","5","11:17:29","doubt","auto"
"mry-tmaar","تُمَارِ","تُمَارِ","mry","مري","tumāri","verb","tmaar","5","18:22:24","argue","auto"
"mry-ymtr","تَمْتَرُونَ","يَمْتَرُ","mry","مري","yamtaru","verb","ymtr","5","6:2:14","doubt","auto"
"msH-aamsH","فَٱمْسَحُوا۟","ٱمْسَحُ","msH","مسح","āmsaḥu","verb","aamsH","3","4:43:41","and wipe (with it)","auto"
"msH-msH","مَسْحًۢا","مَسْح","msH","مسح","masḥ","noun","msH","1","38:33:4","(to) pass (his hand)","auto"
"msd-msd","مَّسَدٍۭ","مَّسَد","msd","مسد","masad","noun","msd","1","111:5:5","palm-fiber","auto"
"mshj-a2mshaaj","أَمْشَاجٍۢ","أَمْشَاج","m$j","مشج","ʾamšāǧ","adjective","a2mshaaj","1","76:2:6","a mixture","auto"
"mshy-msh","مَّشَوْا۟","مَّشَ","m$y","مشي","maša","verb","msh","21","2:20:8","walks","auto"
"mshy-mshaa2","مَّشَّآءٍۭ","مَّشَّأء","m$y","مشي","maššāʾ","adjective","mshaa2","1","68:11:2","going about","auto"
"mshy-mshy","مَشْيِكَ","مَشْي","m$y","مشي","mašy","noun","mshy","1","31:19:3","your pace","auto"
"msk-a2msk","فَأَمْسِكُوهُنَّ","أَمْسَكَ","msk","مسك","ʾamsaka","verb","a2msk","18","2:231:6","then retain them","auto"
"msk-aastmsk","ٱسْتَمْسَكَ","ٱسْتَمْسَكَ","msk","مسك","āstamsaka","verb","aastmsk","3","2:256:16","he grasped","auto"
"msk-i2msaak","فَإِمْسَاكٌۢ","إِمْسَاك","msk","مسك","ʾimsāk","noun","i2msaak","1","2:229:3","Then to retain","auto"
"msk-mmsk","مُمْسِكَ","مُمْسِك","msk","مسك","mumsik","noun","mmsk","1","35:2:8","(can) withhold","auto"
"msk-mmskt","مُمْسِكَٰتُ","مُمْسِكَٰت","msk","مسك","mumsikāt","noun","mmskt","1","39:38:29","withholders","auto"
"msk-msk","مِسْكٌۭ","مِسْك","msk","مسك","misk","noun","msk","1","83:26:2","(will be of) musk","auto"
"msk-mstmskwn","مُسْتَمْسِكُونَ","مُسْتَمْسِكُون","msk","مسك","mustamsikūn","noun","mstmskwn","1","43:21:8","(are) holding fast","auto"
"msk-ymsk","يُمَسِّكُونَ","يُمَسِّكُ","msk","مسك","yumassiku","verb","ymsk","1","7:170:2","hold fast","auto"
"mskh-mskh","لَمَسَخْنَٰهُمْ","مَسَخْ","msx","مسخ","masaḫ","verb","mskh","1","36:67:3","surely, We (would have) transformed them","auto"
"mss-ms","تَمَسَّنَا","مَسَّ","mss","مسس","massa","verb","ms","58","2:80:3","touches","auto"
"mss-msaas","مِسَاسَ","مِسَاس","mss","مسس","misās","IMPN","msaas","1","20:97:10","touch","auto"
"mss-ytmaas","يَتَمَآسَّا","يَتَمَأسَّ","mss","مسس","yatamāssa","verb","ytmaas","2","58:3:14","they touch each other","auto"
"msw-tms","تُمْسُونَ","تُمْسُ","msw","مسو","tumsu","verb","tms","1","30:17:4","you reach the evening","auto"
"mta-aastmta","ٱسْتَمْتَعْتُم","ٱسْتَمْتَعَ","mtE","متع","āstamtaʿa","verb","aastmta","6","4:24:23","you benefit[ed]","auto"
"mta-mta","وَمَتَٰعٌ","مَتَٰع","mtE","متع","matāʿ","noun","mta","53","2:36:17","and a provision","auto"
"mta-tmta","تَمَتَّعَ","تَمَتَّعَ","mtE","متع","tamattaʿa","verb","tmta","11","2:196:37","Enjoy (yourselves)","auto"
"mthl-a2mthl","أَمْثَلُهُمْ","أَمْثَل","mvl","مثل","ʾamṯal","noun","a2mthl","1","20:104:7","(the) best of them","auto"
"mthl-mthl","مَثَلُهُمْ","مَثَل","mvl","مثل","maṯal","noun","mthl","163","2:17:1","like","auto"
"mthl-mthlt","ٱلْمَثُلَٰتُ","مَثُلَٰت","mvl","مثل","maṯulāt","noun","mthlt","1","13:6:9","[the] similar punishments","auto"
"mthl-mthly","ٱلْمُثْلَىٰ","مُثْلَىٰ","mvl","مثل","muṯlāā","adjective","mthly","1","20:63:13","the exemplary","auto"
"mthl-tmaathyl","ٱلتَّمَاثِيلُ","تَّمَاثِيل","mvl","مثل","tamāṯīl","noun","tmaathyl","2","21:52:7","[the] statues","auto"
"mthl-tmthl","فَتَمَثَّلَ","تَمَثَّلَ","mvl","مثل","tamaṯṯala","verb","tmthl","1","19:17:8","then he assumed for her the likeness","auto"
"mtn-mtyn","مَتِينٌ","مَتِين","mtn","متن","matīn","noun","mtyn","3","7:183:5","(is) firm","auto"
"mwh-maa2","مَآءًۭ","مَأء","mwh","موه","māʾ","noun","maa2","63","2:22:11","water","auto"
"mwj-mwj","ٱلْمَوْجُ","مَوْج","mwj","موج","mawǧ","noun","mwj","6","10:22:22","the waves","auto"
"mwj-ymwj","يَمُوجُ","يَمُوجُ","mwj","موج","yamūǧu","verb","ymwj","1","18:99:4","to surge","auto"
"mwl-maal","ٱلْأَمْوَٰلِ","مَال","mwl","مول","māl","noun","maal","86","2:155:8","their wealth","auto"
"mwr-mwr","مَوْرًۭا","مَوْر","mwr","مور","mawr","noun","mwr","1","52:9:4","(with violent) shake","auto"
"mwr-tmwr","تَمُورُ","تَمُورُ","mwr","مور","tamūru","verb","tmwr","2","52:9:2","will shake","auto"
"mwt-a2maat","يُمِيتُكُمْ","أَمَاتَ","mwt","موت","ʾamāta","verb","a2maat","21","2:28:8","and causes death","auto"
"mwt-maat","تَمُوتُنَّ","مَّاتَ","mwt","موت","māta","verb","maat","39","2:132:13","we die","auto"
"mwt-mmaat","وَمَمَاتِى","مَمَات","mwt","موت","mamāt","noun","mmaat","3","6:162:6","and my dying","auto"
"mwt-mwt","ٱلْمَوْتِ","مَوْت","mwt","موت","mawt","noun","mwt","50","2:19:16","[the] death","auto"
"mwt-mwtt","مَوْتَتَنَا","مَوْتَت","mwt","موت","mawtat","noun","mwtt","3","37:59:2","our death","auto"
"mwt-myt","أَمْوَٰتًۭا","مَّيِّت","mwt","موت","mayyit","noun","myt","43","2:28:5","the dead","auto"
"mwt-myt@","ٱلْمَيْتَةَ","مَيْتَة","mwt","موت","mayta","noun","myt@","6","2:173:4","the dead animals","auto"
"myd-maay2d@","مَآئِدَةًۭ","مَأئِدَة","myd","ميد","māʾida","noun","maay2d@","2","5:112:13","a table spread","auto"
"myd-tmyd","تَمِيدَ","تَمِيدَ","myd","ميد","tamīda","verb","tmyd","3","16:15:6","it should shake","auto"
"myl-myl","مَيْلًا","مَيْل","myl","ميل","mayl","noun","myl","2","4:27:12","(into) a deviation","auto"
"myl-myl@","مَّيْلَةًۭ","مَّيْلَة","myl","ميل","mayla","noun","myl@","1","4:102:38","(in) an attack","auto"
"myl-ymyl","تَمِيلُوا۟","يَمِيلُ","myl","ميل","yamīlu","verb","ymyl","3","4:27:11","you deviate","auto"
"myr-nmyr","وَنَمِيرُ","نَمِيرُ","myr","مير","namīru","verb","nmyr","1","12:65:16","And we will get provision","auto"
"myz-aamtz","وَٱمْتَٰزُوا۟","ٱمْتَٰزُ","myz","ميز","āmtāzu","verb","aamtz","1","36:59:1","But stand apart","auto"
"myz-tmyz","تَمَيَّزُ","تَمَيَّزُ","myz","ميز","tamayyazu","verb","tmyz","1","67:8:2","bursts","auto"
"myz-ymyz","يَمِيزَ","يَمِيزَ","myz","ميز","yamīza","verb","ymyz","2","3:179:11","He separates","auto"
"mzj-mzaaj","مِزَاجُهَا","مِزَاج","mzj","مزج","mizāǧ","noun","mzaaj","3","76:5:7","its mixture","auto"
"mzn-mzn","ٱلْمُزْنِ","مُزْن","mzn","مزن","muzn","noun","mzn","1","56:69:4","the rain clouds","auto"
"mzq-mmzq","مُمَزَّقٍ","مُمَزَّق","mzq","مزق","mumazzaq","noun","mmzq","2","34:7:12","disintegration","auto"
"mzq-mzq","مُزِّقْتُمْ","مُزِّقْ","mzq","مزق","muzziq","verb","mzq","2","34:7:10","you have disintegrated","auto"
"nDd-mnDwd","مَّنضُودٍۢ","مَّنضُود","nDd","نضد","manḍūd","noun","mnDwd","2","11:82:12","(in) layers","auto"
"nDd-nDyd","نَّضِيدٌۭ","نَّضِيد","nDd","نضد","naḍīd","adjective","nDyd","1","50:10:5","arranged","auto"
"nDj-nDjt","نَضِجَتْ","نَضِجَتْ","nDj","نضج","naḍiǧat","verb","nDjt","1","4:56:9","are roasted","auto"
"nDkh-nDaakhtaan","نَضَّاخَتَانِ","نَضَّاخَتَان","nDx","نضخ","naḍḍāḫatān","adjective","nDaakhtaan","1","55:66:3","gushing forth","auto"
"nDr-nDr@","نَضْرَةًۭ","نَضْرَة","nDr","نضر","naḍra","noun","nDr@","2","76:11:7","radiance","auto"
"nDr-naaDr@","نَّاضِرَةٌ","نَّاضِرَة","nDr","نضر","nāḍira","noun","naaDr@","1","75:22:3","(will be) radiant","auto"
"nHb-nHb","نَحْبَهُۥ","نَحْب","nHb","نحب","naḥb","noun","nHb","1","33:23:12","his vow","auto"
"nHl-nHl","ٱلنَّحْلِ","نَّحْل","nHl","نحل","naḥl","noun","nHl","1","16:68:4","the bee","auto"
"nHl-nHl@","نِحْلَةًۭ","نِحْلَة","nHl","نحل","niḥla","noun","nHl@","1","4:4:4","graciously","auto"
"nHr-aanHr","وَٱنْحَرْ","ٱنْحَرْ","nHr","نحر","ānḥar","verb","aanHr","1","108:2:3","and sacrifice","auto"
"nHs-nHaas","وَنُحَاسٌۭ","نُحَاس","nHs","نحس","nuḥās","noun","nHaas","1","55:35:6","and smoke","auto"
"nHs-nHs","نَحْسٍۢ","نَحْس","nHs","نحس","naḥs","noun","nHs","1","54:19:8","(of) misfortune","auto"
"nHs-nHsaat","نَّحِسَاتٍۢ","نَّحِسَات","nHs","نحس","naḥisāt","adjective","nHsaat","1","41:16:7","(of) misfortune","auto"
"nHt-ynHt","وَتَنْحِتُونَ","يَنْحِتُ","nHt","نحت","yanḥitu","verb","ynHt","4","7:74:15","and you carve out","auto"
"nSH-nSH","وَأَنصَحُ","نَصَحُ","nSH","نصح","naṣaḥu","verb","nSH","6","7:62:4","and [I] advise","auto"
"nSH-nSwH","نَّصُوحًا","نَّصُوح","nSH","نصح","naṣūḥ","adjective","nSwH","1","66:8:8","sincere","auto"
"nSH-naaSH","ٱلنَّٰصِحِينَ","نَاصِح","nSH","نصح","nāṣiḥ","noun","naaSH","6","7:21:5","the sincere advisors","auto"
"nSb-nSb","ٱلنُّصُبِ","نُصُب","nSb","نصب","nuṣub","noun","nSb","8","5:3:25","fatigue","auto"
"nSb-nSbt","نُصِبَتْ","نُصِبَتْ","nSb","نصب","nuṣibat","verb","nSbt","2","88:19:4","they are fixed","auto"
"nSb-nSyb","نَصِيبٌۭ","نَصِيب","nSb","نصب","naṣīb","noun","nSyb","21","2:202:3","a portion","auto"
"nSb-naaSb@","نَّاصِبَةٌۭ","نَّاصِبَة","nSb","نصب","nāṣiba","adjective","naaSb@","1","88:3:2","exhausted","auto"
"nSf-nSf","فَنِصْفُ","نِصْف","nSf","نصف","niṣf","noun","nSf","6","2:237:11","(is) half","auto"
"nSr-aantSr","يَنتَصِرُونَ","ٱنتَصَرَ","nSr","نصر","āntaṣara","verb","aantSr","7","26:93:7","help themselves","auto"
"nSr-aastnSr","ٱسْتَنصَرُوكُمْ","ٱسْتَنصَرَ","nSr","نصر","āstanṣara","verb","aastnSr","2","8:72:31","they seek your help","auto"
"nSr-mnSwr","مَنصُورًۭا","مَنصُور","nSr","نصر","manṣūr","noun","mnSwr","2","17:33:22","helped","auto"
"nSr-mntSr","مُنتَصِرًا","مُّنتَصِر","nSr","نصر","muntaṣir","noun","mntSr","4","18:43:11","(he) supported","auto"
"nSr-nSr","يُنصَرُونَ","نَصَرَ","nSr","نصر","naṣara","verb","nSr","81","2:48:19","will be helped","auto"
"nSr-nSraany","وَٱلنَّصَٰرَىٰ","نَصْرَانِيّ","nSr","نصر","naṣrānīy","proper-noun","nSraany","15","2:62:6","and the Christians","auto"
"nSr-nSyr","نَصِيرٍ","نَصِير","nSr","نصر","naṣīr","noun","nSyr","35","2:107:17","any helper","auto"
"nSr-naaSr","نَّٰصِرِينَ","نَاصِر","nSr","نصر","nāṣir","noun","naaSr","11","3:22:11","helpers","auto"
"nSr-tnaaSr","تَنَاصَرُونَ","تَنَاصَرُ","nSr","نصر","tanāṣaru","verb","tnaaSr","1","37:25:4","you help one another","auto"
"nSt-a2nSt","وَأَنصِتُوا۟","أَنصِتُ","nSt","نصت","ʾanṣitu","verb","a2nSt","2","7:204:6","and pay attention","auto"
"nSy-naaSy@","بِنَاصِيَتِهَآ","نَاصِيَة","nSy","نصي","nāṣiya","noun","naaSy@","3","11:56:13","of its forelock","auto"
"nSy-nwSy","بِٱلنَّوَٰصِى","نَّوَٰصِى","nSy","نصي","nawāṣiā","noun","nwSy","1","55:41:5","by the forelocks","auto"
"nTH-nTyH@","وَٱلنَّطِيحَةُ","نَّطِيحَة","nTH","نطح","naṭīḥa","noun","nTyH@","1","5:3:15","and that which is gored by horns","auto"
"nTf-nTf@","نُّطْفَةٍۢ","نُّطْفَة","nTf","نطف","nuṭfa","noun","nTf@","12","16:4:4","a semen-drop","auto"
"nTq-a2nTq","أَنطَقَنَا","أَنطَقَ","nTq","نطق","ʾanṭaqa","verb","a2nTq","2","41:21:7","Allah made us speak","auto"
"nTq-mnTq","مَنطِقَ","مَنطِق","nTq","نطق","manṭiq","noun","mnTq","1","27:16:8","(the) language","auto"
"nTq-ynTq","يَنطِقُونَ","يَنطِقُ","nTq","نطق","yanṭiqu","verb","ynTq","9","21:63:9","speak","auto"
"nZr-mnZrwn","ٱلْمُنظَرِينَ","مُنظَرُون","nZr","نظر","munẓarūn","noun","mnZrwn","6","7:15:4","the ones given respite","auto"
"nZr-mntZrwn","مُنتَظِرُونَ","مُنتَظِرُون","nZr","نظر","muntaẓirūn","noun","mntZrwn","6","6:158:37","the ones who wait","auto"
"nZr-nZr","تَنظُرُونَ","نَّظَرَ","nZr","نظر","naẓara","verb","nZr","88","2:50:10","and see","auto"
"nZr-nZr@","فَنَظِرَةٌ","نَظِرَة","nZr","نظر","naẓira","noun","nZr@","2","2:280:5","then postponement","auto"
"nZr-nZryn","ٱلنَّٰظِرِينَ","نَٰظِرِين","nZr","نظر","nāẓirīn","noun","nZryn","5","2:69:18","for the observers","auto"
"nZr-naaZr@","فَنَاظِرَةٌۢ","نَاظِرَة","nZr","نظر","nāẓira","noun","naaZr@","2","27:35:5","and see","auto"
"nZr-ynZr","يُنظَرُونَ","يُنظَرُ","nZr","نظر","yunẓaru","verb","ynZr","12","2:162:9","give me respite","auto"
"nZr-yntZr","ٱنتَظِرُوٓا۟","يَنتَظِرُ","nZr","نظر","yantaẓiru","verb","yntZr","8","6:158:35","Then wait","auto"
"naay-naa","وَيَنْـَٔوْنَ","نَـَٕا","nAy","ناي","naā","verb","naa","3","6:26:4","and they keep away","auto"
"naj-naj@","نَعْجَةًۭ","نَعْجَة","nEj","نعج","naʿǧa","noun","naj@","4","38:23:7","ewe(s)","auto"
"nal-naly","نَعْلَيْكَ","نَعْلَي","nEl","نعل","naʿlay","noun","naly","1","20:12:5","your shoes","auto"
"nam-a2nam","أَنْعَمْتَ","أَنْعَمَ","nEm","نعم","ʾanʿama","verb","a2nam","17","1:7:3","I bestowed","auto"
"nam-naam@","نَّاعِمَةٌۭ","نَّاعِمَة","nEm","نعم","nāʿima","noun","naam@","1","88:8:3","(will be) joyful","auto"
"nam-nam","فَنِعِمَّا","نِعْمَ","nEm","نعم","niʿma","verb","nam","52","2:271:4","the cattle","auto"
"nam-nam@","نِعْمَتِىَ","نِعْمَة","nEm","نعم","niʿma","noun","nam@","52","2:40:4","(the) Favor","auto"
"nam-namaa2","نَعْمَآءَ","نَعْمَأء","nEm","نعم","naʿmāʾ","noun","namaa2","1","11:10:3","(of) favor","auto"
"nam-naym","ٱلنَّعِيمِ","نَعِيم","nEm","نعم","naʿīm","noun","naym","17","5:65:12","(of) Delight","auto"
"naq-ynaq","يَنْعِقُ","يَنْعِقُ","nEq","نعق","yanʿiqu","verb","ynaq","1","2:171:6","shouts","auto"
"nas-naas","نُّعَاسًۭا","نُّعَاس","nEs","نعس","nuʿās","noun","naas","2","3:154:8","slumber","auto"
"nbT-ystnbT","يَسْتَنۢبِطُونَهُۥ","يَسْتَنۦبِطُ","nbT","نبط","yastanbiṭu","verb","ystnbT","1","4:83:20","draw correct conclusion (from) it","auto"
"nba-ynbwa","يَنۢبُوعًا","يَنبُوع","nbE","نبع","yanbūʿ","noun","ynbwa","2","17:90:10","a spring","auto"
"nbaa-a2nba2","أَنۢبِـُٔونِى","أَنۦبَأَ","nbA","نبا","ʾanbaʾa","verb","a2nba2","4","2:31:10","Inform Me","auto"
"nbaa-nba2","أَؤُنَبِّئُكُم","نَبَّأَ","nbA","نبا","nabbaʾa","verb","nba2","75","3:15:2","(the) news","auto"
"nbaa-nbw@","وَٱلنُّبُوَّةَ","نُّبُوَّة","nbA","نبا","nubūwa","noun","nbw@","5","3:79:9","and the Prophethood","auto"
"nbaa-nby","ٱلنَّبِيِّـۧنَ","نَّبِىّ","nbA","نبا","nabiāā","noun","nby","75","2:61:52","a Prophet","auto"
"nbaa-ystnb","وَيَسْتَنۢبِـُٔونَكَ","يَسْتَنۦبِـُٕ","nbA","نبا","yastanbiu","verb","ystnb","1","10:53:1","And they ask you to inform","auto"
"nbdh-aantbdht","ٱنتَبَذَتْ","ٱنتَبَذَتْ","nb*","نبذ","āntabaḏat","verb","aantbdht","2","19:16:6","she withdrew","auto"
"nbdh-nbdh","نَّبَذَهُۥ","نَبَذَ","nb*","نبذ","nabaḏa","verb","nbdh","10","2:100:4","threw it away","auto"
"nbt-a2nbt","تُنۢبِتُ","أَنۦبَتَ","nbt","نبت","ʾanbata","verb","a2nbt","16","2:61:15","grows","auto"
"nbt-nbaat","نَبَاتًا","نَبَات","nbt","نبت","nabāt","noun","nbaat","9","3:37:6","a rearing","auto"
"nbt-tnbt","تَنۢبُتُ","تَنۦبُتُ","nbt","نبت","tanbutu","verb","tnbt","1","23:20:6","(which) produces","auto"
"nbz-tnaabz","تَنَابَزُوا۟","تَنَابَزُ","nbz","نبز","tanābazu","verb","tnaabz","1","49:11:27","call each other","auto"
"ndd-a2ndaad","أَندَادًۭا","أَندَاد","ndd","ندد","ʾandād","noun","a2ndaad","6","2:22:21","rivals","auto"
"ndhr-a2ndhr","ءَأَنذَرْتَهُمْ","أَنذَرَ","n*r","نذر","ʾanḏara","verb","a2ndhr","44","2:6:6","And warn","auto"
"ndhr-mndhr","وَمُنذِرِينَ","مُنذِر","n*r","نذر","munḏir","noun","mndhr","15","2:213:9","and (as) warners","auto"
"ndhr-mndhryn","ٱلْمُنذَرِينَ","مُنذَرِين","n*r","نذر","munḏarīn","noun","mndhryn","5","10:73:17","(of) those who were warned","auto"
"ndhr-ndhr","نَذَرْتُم","نَذَرْ","n*r","نذر","naḏar","verb","ndhr","7","2:270:6","you vow","auto"
"ndhr-ndhwr","نُذُورَهُمْ","نُذُور","n*r","نذر","nuḏūr","noun","ndhwr","1","22:29:5","their vows","auto"
"ndhr-ndhyr","وَنَذِيرًۭا","نَذِير","n*r","نذر","naḏīr","noun","ndhyr","58","2:119:5","a warner","auto"
"ndm-ndaam@","ٱلنَّدَامَةَ","نَّدَامَة","ndm","ندم","nadāma","noun","ndaam@","2","10:54:12","the regret","auto"
"ndm-ndmyn","ٱلنَّٰدِمِينَ","نَٰدِمِين","ndm","ندم","nādimīn","noun","ndmyn","5","5:31:25","regretful","auto"
"ndw-mnaad","ٱلْمُنَادِ","مُنَاد","ndw","ندو","munād","noun","mnaad","1","50:41:4","the caller","auto"
"ndw-mnaady","مُنَادِيًۭا","مُنَادِي","ndw","ندو","munādī","noun","mnaady","1","3:193:4","a caller","auto"
"ndw-naady","فَنَادَتْهُ","نَادَىٰ","ndw","ندو","nādāā","verb","naady","46","3:39:1","he called","auto"
"ndw-ndaa2","وَنِدَآءًۭ","نِدَأء","ndw","ندو","nidāʾ","noun","ndaa2","2","2:171:12","and cries","auto"
"ndw-ndy","نَدِيًّۭا","نَدِيّ","ndw","ندو","nadīy","noun","ndy","1","19:73:16","(in) assembly","auto"
"ndw-tnaad","ٱلتَّنَادِ","تَّنَاد","ndw","ندو","tanād","noun","tnaad","2","40:32:6","(of) Calling","auto"
"nfH-nfH@","نَفْحَةٌۭ","نَفْحَة","nfH","نفح","nafḥa","noun","nfH@","1","21:46:3","a whiff","auto"
"nfa-mnfa","وَمَنَٰفِعُ","مَنَٰفِع","nfE","نفع","manāfiʿ","noun","mnfa","8","2:219:9","(are) benefits","auto"
"nfa-nfa","يَنفَعُهُمْ","نَفَعَ","nfE","نفع","nafaʿa","verb","nfa","42","2:102:56","benefits","auto"
"nfd-nfaad","نَّفَادٍ","نَّفَاد","nfd","نفد","nafād","noun","nfaad","1","38:54:7","depletion","auto"
"nfd-nfd","يَنفَدُ","نَفِدَ","nfd","نفد","nafida","verb","nfd","4","16:96:3","will be exhausted","auto"
"nfdh-tnfdh","تَنفُذُوا۟","تَنفُذُ","nf*","نفذ","tanfuḏu","verb","tnfdh","3","55:33:7","pass beyond","auto"
"nfkh-nfkh","فَأَنفُخُ","نَفَخَ","nfx","نفخ","nafaḫa","verb","nfkh","19","3:49:18","will be blown","auto"
"nfkh-nfkh@","نَفْخَةٌۭ","نَفْخَة","nfx","نفخ","nafḫa","noun","nfkh@","1","69:13:5","a blast","auto"
"nfl-a2nfaal","ٱلرَّحْمَٰنِ","أَنفَال","nfl","نفل","ʾanfāl","noun","a2nfaal","2","8:1:3","the spoils of war","auto"
"nfl-naafl@","نَافِلَةًۭ","نَافِلَة","nfl","نفل","nāfila","noun","naafl@","2","17:79:5","(as) additional","auto"
"nfq-a2nfq","يُنفِقُونَ","أَنفَقَ","nfq","نفق","ʾanfaqa","verb","a2nfq","68","2:3:8","they spend","auto"
"nfq-i2nfaaq","ٱلْإِنفَاقِ","إِنفَاق","nfq","نفق","ʾinfāq","noun","i2nfaaq","1","17:100:11","(of) spending","auto"
"nfq-mnfqt","وَٱلْمُنَٰفِقَٰتُ","مُنَٰفِقَٰت","nfq","نفق","munāfiqāt","noun","mnfqt","5","9:67:2","and the hypocrite women","auto"
"nfq-mnfqwn","ٱلْمُنَٰفِقِينَ","مُنَٰفِقُون","nfq","نفق","munāfiqūn","noun","mnfqwn","27","4:61:12","the hypocrites","auto"
"nfq-mnfqyn","وَٱلْمُنفِقِينَ","مُنفِقِين","nfq","نفق","munfiqīn","noun","mnfqyn","1","3:17:4","and those who spend","auto"
"nfq-naafq","نَافَقُوا۟","نَافَقُ","nfq","نفق","nāfaqu","verb","naafq","2","3:167:3","(are) hypocrites","auto"
"nfq-nfaaq","نِفَاقًۭا","نِفَاق","nfq","نفق","nifāq","noun","nfaaq","3","9:77:2","(with) hypocrisy","auto"
"nfq-nfq","نَفَقًۭا","نَفَق","nfq","نفق","nafaq","noun","nfq","1","6:35:10","a tunnel","auto"
"nfq-nfq@","نَّفَقَةٍ","نَفَقَة","nfq","نفق","nafaqa","noun","nfq@","2","2:270:4","(your) expenditures","auto"
"nfq-nfqt","نَفَقَٰتُهُمْ","نَفَقَٰت","nfq","نفق","nafaqāt","noun","nfqt","1","9:54:6","their contributions","auto"
"nfr-mstnfr@","مُّسْتَنفِرَةٌۭ","مُّسْتَنفِرَة","nfr","نفر","mustanfira","adjective","mstnfr@","1","74:50:3","frightened","auto"
"nfr-nfr","فَٱنفِرُوا۟","نَفَرَ","nfr","نفر","nafara","verb","nfr","11","4:71:6","go forth","auto"
"nfr-nfwr","نُفُورًۭا","نُفُور","nfr","نفر","nufūr","noun","nfwr","5","17:41:10","(in) aversion","auto"
"nfr-nfyr","نَفِيرًا","نَفِير","nfr","نفر","nafīr","noun","nfyr","1","17:6:11","numerous","auto"
"nfs-mtnfswn","ٱلْمُتَنَٰفِسُونَ","مُتَنَٰفِسُون","nfs","نفس","mutanāfisūn","noun","mtnfswn","1","83:26:6","the aspirers","auto"
"nfs-nfs","أَنفُسَهُمْ","نَفْس","nfs","نفس","nafs","noun","nfs","295","2:9:8","themselves","auto"
"nfs-tnfs","تَنَفَّسَ","تَنَفَّسَ","nfs","نفس","tanaffasa","verb","tnfs","1","81:18:3","it breathes","auto"
"nfs-ytnaafs","فَلْيَتَنَافَسِ","يَتَنَافَسِ","nfs","نفس","yatanāfasi","verb","ytnaafs","1","83:26:5","let aspire","auto"
"nfsh-mnfwsh","ٱلْمَنفُوشِ","مَنفُوش","nf$","نفش","manfūš","adjective","mnfwsh","1","101:5:4","fluffed up","auto"
"nfsh-nfsht","نَفَشَتْ","نَفَشَتْ","nf$","نفش","nafašat","verb","nfsht","1","21:78:8","pastured","auto"
"nfth-nftht","ٱلنَّفَّٰثَٰتِ","نَّفَّٰثَٰت","nfv","نفث","naffāṯāt","noun","nftht","1","113:4:3","(of) the blowers","auto"
"nfy-ynf","يُنفَوْا۟","يُنفَ","nfy","نفي","yunfa","verb","ynf","1","5:33:22","they be exiled","auto"
"nghD-ynghD","فَسَيُنْغِضُونَ","يُنْغِضُ","ngD","نغض","yunġiḍu","verb","ynghD","1","17:51:15","Then they will shake","auto"
"nhj-mnhaaj","وَمِنْهَاجًۭا","مِنْهَاج","nhj","نهج","minhāǧ","noun","mnhaaj","1","5:48:29","and a clear way","auto"
"nhr-nhaar","وَٱلنَّهَارِ","نَهَار","nhr","نهر","nahār","noun","nhaar","56","2:164:8","and the day","auto"
"nhr-nhr","ٱلْأَنْهَٰرُ","نَهَر","nhr","نهر","nahar","noun","nhr","54","2:25:12","the rivers","auto"
"nhr-tnhr","تَنْهَرْهُمَا","تَنْهَرْ","nhr","نهر","tanhar","verb","tnhr","2","17:23:21","repel them","auto"
"nhy-aanthy","ٱنتَهَوْا۟","ٱنتَهَىٰ","nhy","نهي","āntahāā","verb","aanthy","16","2:192:2","you desist","auto"
"nhy-mnthwn","مُّنتَهُونَ","مُّنتَهُون","nhy","نهي","muntahūn","noun","mnthwn","1","5:91:20","(be) the ones who abstain","auto"
"nhy-mnthy","ٱلْمُنتَهَىٰ","مُنتَهَىٰ","nhy","نهي","muntahāā","noun","mnthy","3","53:14:3","(of) the utmost boundary","auto"
"nhy-naahwn","وَٱلنَّاهُونَ","نَّاهُون","nhy","نهي","nāhūn","noun","naahwn","1","9:112:9","and those who forbid","auto"
"nhy-nhy","وَيَنْهَوْنَ","نَهَىٰ","nhy","نهي","nahāā","verb","nhy","34","3:104:9","and forbid","auto"
"nhy-ytnaah","يَتَنَاهَوْنَ","يَتَنَاهَ","nhy","نهي","yatanāha","verb","ytnaah","1","5:79:3","forbidding each other","auto"
"njd-njdyn","ٱلنَّجْدَيْنِ","نَّجْدَيْن","njd","نجد","naǧdayn","noun","njdyn","1","90:10:2","the two ways","auto"
"njm-njm","ٱلنُّجُومَ","نَّجْم","njm","نجم","naǧm","noun","njm","13","6:97:5","the stars","auto"
"njs-njs","نَجَسٌۭ","نَجَس","njs","نجس","naǧas","noun","njs","1","9:28:6","(are) unclean","auto"
"njw-a2njy","فَأَنجَيْنَٰكُمْ","أَنجَىٰ","njw","نجو","ʾanǧāā","verb","a2njy","23","2:50:5","So We saved him","auto"
"njw-mnjw","لَمُنَجُّوهُمْ","مُنَجُّو","njw","نجو","munaǧǧū","noun","mnjw","2","15:59:5","surely will save them","auto"
"njw-naaj","نَاجٍۢ","نَاج","njw","نجو","nāǧ","noun","naaj","1","12:42:5","(would be) saved","auto"
"njw-njaa","نَجَا","نَجَا","njw","نجو","naǧā","verb","njaa","2","12:45:3","was saved","auto"
"njw-njw@","ٱلنَّجَوٰةِ","نَّجَوٰة","njw","نجو","naǧawā","noun","njw@","1","40:41:6","the salvation","auto"
"njw-njwy","نَّجْوَىٰهُمْ","نَجْوَىٰٔ","njw","نجو","naǧwāā","noun","njwy","11","4:114:6","the private conversation","auto"
"njw-njy","نَجَّيْنَٰكُم","نَجَّىٰ","njw","نجو","naǧǧāā","verb","njy","40","2:49:2","We saved","auto"
"njw-tnjy","وَيَتَنَٰجَوْنَ","تَنَٰجَيْ","njw","نجو","tanāǧay","verb","tnjy","4","58:8:13","and they hold secret counsels","auto"
"nkH-nkH","تَنكِحُوا۟","نَكَحَ","nkH","نكح","nakaḥa","verb","nkH","14","2:221:2","marry","auto"
"nkH-nkaaH","ٱلنِّكَاحِ","نِكَاح","nkH","نكح","nikāḥ","noun","nkaaH","5","2:235:30","(of) marriage","auto"
"nkH-tnkH","تُنكِحُوا۟","تُنكِحُ","nkH","نكح","tunkiḥu","verb","tnkH","3","2:221:14","give in marriage (your women)","auto"
"nkH-ystnkH","يَسْتَنكِحَهَا","يَسْتَنكِحَ","nkH","نكح","yastankiḥa","verb","ystnkH","1","33:50:38","marry her","auto"
"nkS-nkS","نَكَصَ","نَكَصَ","nkS","نكص","nakaṣa","verb","nkS","2","8:48:19","he turned away","auto"
"nkb-mnaakb","مَنَاكِبِهَا","مَنَاكِب","nkb","نكب","manākib","noun","mnaakb","1","67:15:9","(the) paths thereof","auto"
"nkb-nkbwn","لَنَٰكِبُونَ","نَٰكِبُون","nkb","نكب","nākibūn","noun","nkbwn","1","23:74:8","surely (are) deviating","auto"
"nkd-nkd","نَكِدًۭا","نَكِد","nkd","نكد","nakid","noun","nkd","1","7:58:12","(with) difficulty","auto"
"nkf-aastnkf","يَسْتَنكِفَ","ٱسْتَنكَفُ","nkf","نكف","āstankafu","verb","aastnkf","3","4:172:2","will disdain","auto"
"nkhl-nkhl","ٱلنَّخْلِ","نَخْل","nxl","نخل","naḫl","noun","nkhl","11","6:99:20","and date-palms","auto"
"nkhl-nkhl@","ٱلنَّخْلَةِ","نَّخْلَة","nxl","نخل","naḫla","noun","nkhl@","2","19:23:5","(of) the date-palm","auto"
"nkhl-nkhyl","نَّخِيلٍۢ","نَّخِيل","nxl","نخل","naḫīl","noun","nkhyl","7","2:266:8","date-palms","auto"
"nkhr-nkhr@","نَّخِرَةًۭ","نَّخِرَة","nxr","نخر","naḫira","adjective","nkhr@","1","79:11:4","decayed","auto"
"nkl-a2nkaal","أَنكَالًۭا","أَنكَال","nkl","نكل","ʾankāl","noun","a2nkaal","1","73:12:3","(are) shackles","auto"
"nkl-nkl","نَكَٰلًۭا","نَكَٰل","nkl","نكل","nakāl","noun","nkl","3","2:66:2","a deterrent punishment","auto"
"nkl-tnkyl","تَنكِيلًۭا","تَنكِيل","nkl","نكل","tankīl","noun","tnkyl","1","4:84:22","(in) punishment","auto"
"nkr-a2nkr","أَنكَرَ","أَنكَر","nkr","نكر","ʾankar","noun","a2nkr","1","31:19:8","(the) harshest","auto"
"nkr-mnkr","ٱلْمُنكَرِ","مُنكَر","nkr","نكر","munkar","noun","mnkr","18","3:104:11","the wrong","auto"
"nkr-mnkr@","مُّنكِرَةٌۭ","مُّنكِرَة","nkr","نكر","munkira","noun","mnkr@","1","16:22:9","refuse","auto"
"nkr-mnkrwn","مُنكِرُونَ","مُنكِرُون","nkr","نكر","munkirūn","noun","mnkrwn","3","12:58:9","knew him not","auto"
"nkr-nkr","نَكِرَهُمْ","نَكِرَ","nkr","نكر","nakira","verb","nkr","6","11:70:7","terrible","auto"
"nkr-nkyr","نَكِيرِ","نَكِير","nkr","نكر","nakīr","noun","nkyr","5","22:44:11","My rejection","auto"
"nkr-ynkr","يُنكِرُ","يُنكِرُ","nkr","نكر","yunkiru","verb","ynkr","3","13:36:11","deny","auto"
"nks-naakswaa","نَاكِسُوا۟","نَاكِسُوا","nks","نكس","nākisuwā","noun","naakswaa","1","32:12:5","(will) hang","auto"
"nks-nks","نُكِسُوا۟","نُكِسُ","nks","نكس","nukisu","verb","nks","1","21:65:2","they were turned","auto"
"nks-nnks","نُنَكِّسْهُ","نُنَكِّسْ","nks","نكس","nunakkis","verb","nnks","1","36:68:3","We reverse him","auto"
"nkth-a2nkth","أَنكَٰثًۭا","أَنكَٰث","nkv","نكث","ʾankāṯ","noun","a2nkth","1","16:92:9","(into) untwisted strands","auto"
"nkth-nkth","يَنكُثُونَ","نَّكَثَ","nkv","نكث","nakaṯa","verb","nkth","6","7:135:11","broke (the word)","auto"
"nml-a2naaml","ٱلْأَنَامِلَ","أَنَامِل","nml","نمل","ʾanāmil","noun","a2naaml","1","3:119:17","the finger tips","auto"
"nml-nml","ٱلنَّمْلِ","نَّمْل","nml","نمل","naml","noun","nml","2","27:18:6","(of) the ants","auto"
"nml-nml@","نَمْلَةٌۭ","نَمْلَة","nml","نمل","namla","noun","nml@","1","27:18:8","an ant","auto"
"nmm-nmym","بِنَمِيمٍۢ","نَمِيم","nmm","نمم","namīm","noun","nmym","1","68:11:3","with malicious gossip","auto"
"nqD-a2nqD","أَنقَضَ","أَنقَضَ","nqD","نقض","ʾanqaḍa","verb","a2nqD","1","94:3:2","weighed upon","auto"
"nqD-nqD","نَقْضِهِم","نَقْض","nqD","نقض","naqḍ","noun","nqD","2","4:155:2","their breaking","auto"
"nqD-nqDt","يَنقُضُونَ","نَقَضَتْ","nqD","نقض","naqaḍat","verb","nqDt","6","2:27:2","break","auto"
"nqS-mnqwS","مَنقُوصٍۢ","مَنقُوص","nqS","نقص","manqūṣ","noun","mnqwS","1","11:109:20","being diminished","auto"
"nqS-nqS","وَنَقْصٍۢ","نَقْص","nqS","نقص","naqṣ","noun","nqS","2","2:155:6","and loss","auto"
"nqS-ynqS","يَنقُصُوكُمْ","يُنقَصُ","nqS","نقص","yunqaṣu","verb","ynqS","7","9:4:8","they have failed you","auto"
"nqa-nqa","نَقْعًۭا","نَقْع","nqE","نقع","naqʿ","noun","nqa","1","100:4:3","dust","auto"
"nqb-nqb","نَقْبًۭا","نَقْب","nqb","نقب","naqb","noun","nqb","2","18:97:8","(to do) any penetration","auto"
"nqb-nqyb","نَقِيبًۭا","نَقِيب","nqb","نقب","naqīb","noun","nqyb","1","5:12:11","leaders","auto"
"nqdh-a2nqdh","فَأَنقَذَكُم","أَنقَذَ","nq*","نقذ","ʾanqaḏa","verb","a2nqdh","4","3:103:26","then He saved you","auto"
"nqdh-ystnqdh","يَسْتَنقِذُوهُ","يَسْتَنقِذُ","nq*","نقذ","yastanqiḏu","verb","ystnqdh","1","22:73:24","they (could) take it back","auto"
"nqm-aantqaam","ٱنتِقَامٍ","ٱنتِقَام","nqm","نقم","āntiqām","noun","aantqaam","4","3:4:18","(of) retribution","auto"
"nqm-aantqm","فَيَنتَقِمُ","ٱنتَقَمْ","nqm","نقم","āntaqam","verb","aantqm","6","5:95:44","So We took retribution","auto"
"nqm-mntqmwn","مُنتَقِمُونَ","مُنتَقِمُون","nqm","نقم","muntaqimūn","noun","mntqmwn","3","32:22:13","(will) take retribution","auto"
"nqm-nqm","تَنقِمُونَ","نَقَمُ","nqm","نقم","naqamu","verb","nqm","4","5:59:5","you resent","auto"
"nqr-naaqwr","ٱلنَّاقُورِ","نَّاقُور","nqr","نقر","nāqūr","noun","naaqwr","1","74:8:4","the trumpet","auto"
"nqr-nqr","نُقِرَ","نُقِرَ","nqr","نقر","nuqira","verb","nqr","1","74:8:2","is blown","auto"
"nqr-nqyr","نَقِيرًا","نَقِير","nqr","نقر","naqīr","noun","nqyr","2","4:53:10","(even as much as the) speck on a date seed","auto"
"nsaa-mnsa2t","مِنسَأَتَهُۥ","مِنسَأَت","nsA","نسا","minsaʾat","noun","mnsa2t","1","34:14:13","his staff","auto"
"nsaa-nsy2","ٱلنَّسِىٓءُ","نَّسِىٔء","nsA","نسا","nasiāʾ","noun","nsy2","1","9:37:2","the postponing","auto"
"nsb-nsb","أَنسَابَ","نَسَب","nsb","نسب","nasab","noun","nsb","3","23:101:6","(there) will be relationship","auto"
"nsf-nsf","نَسْفًا","نَسْف","nsf","نسف","nasf","noun","nsf","2","20:97:28","(in) particles","auto"
"nsf-nsft","لَنَنسِفَنَّهُۥ","نُسِفَتْ","nsf","نسف","nusifat","verb","nsft","3","20:97:25","certainly we will scatter it","auto"
"nshT-nshT","نَشْطًۭا","نَشْط","n$T","نشط","našṭ","noun","nshT","1","79:2:2","gently","auto"
"nshT-nshTt","وَٱلنَّٰشِطَٰتِ","نَّٰشِطَٰت","n$T","نشط","nāšiṭāt","noun","nshTt","1","79:2:1","And those who draw out","auto"
"nshaa-a2nsha2","وَأَنشَأْنَا","أَنشَأَ","n$A","نشا","ʾanšaʾa","verb","a2nsha2","20","6:6:27","produced","auto"
"nshaa-i2nshaa2","إِنشَآءًۭ","إِنشَأء","n$A","نشا","ʾinšāʾ","noun","i2nshaa2","1","56:35:3","(into) a creation","auto"
"nshaa-mnshaat","ٱلْمُنشَـَٔاتُ","مُنشَـَٕات","n$A","نشا","munšaāt","adjective","mnshaat","1","55:24:3","elevated","auto"
"nshaa-mnshwn","ٱلْمُنشِـُٔونَ","مُنشِـُٕون","n$A","نشا","munšiūn","noun","mnshwn","1","56:72:6","(are) the Producers","auto"
"nshaa-naashy2@","نَاشِئَةَ","نَاشِئَة","n$A","نشا","nāšiʾa","noun","naashy2@","1","73:6:2","(the) rising","auto"
"nshaa-nsha2@","ٱلنَّشْأَةَ","نَّشْأَة","n$A","نشا","našʾa","noun","nsha2@","3","29:20:12","the creation","auto"
"nshaa-ynshw2aa","يُنَشَّؤُا۟","يُنَشَّؤُاۤ","n$A","نشا","yunaššaʾuā","verb","ynshw2aa","1","43:18:2","is brought up","auto"
"nshr-a2nshr","يُنشِرُونَ","أَنشَرَ","n$r","نشر","ʾanšara","verb","a2nshr","3","21:21:7","raise (the dead)","auto"
"nshr-mnshr@","مُّنَشَّرَةًۭ","مُّنَشَّرَة","n$r","نشر","munaššara","adjective","mnshr@","1","74:52:9","spread out","auto"
"nshr-mnshryn","بِمُنشَرِينَ","مُنشَرِين","n$r","نشر","munšarīn","noun","mnshryn","1","44:35:8","(will be) raised again","auto"
"nshr-mnshwr","مَنشُورًا","مَنشُور","n$r","نشر","manšūr","noun","mnshwr","2","17:13:13","wide open","auto"
"nshr-mntshr","مُّنتَشِرٌۭ","مُّنتَشِر","n$r","نشر","muntašir","adjective","mntshr","1","54:7:8","spreading","auto"
"nshr-nshr","نَشْرًۭا","نَشْر","n$r","نشر","našr","noun","nshr","1","77:3:2","far and wide","auto"
"nshr-nshrt","يَنشُرْ","نُشِرَتْ","n$r","نشر","nuširat","verb","nshrt","4","18:16:10","Will spread","auto"
"nshr-nshwr","نُشُورًۭا","نُشُور","n$r","نشر","nušūr","noun","nshwr","5","25:3:22","resurrection","auto"
"nshr-tntshr","تَنتَشِرُونَ","تَنتَشِرُ","n$r","نشر","tantaširu","verb","tntshr","3","30:20:11","then disperse","auto"
"nshz-aanshz","ٱنشُزُوا۟","ٱنشُزُ","n$z","نشز","ānšuzu","verb","aanshz","2","58:11:16","Rise up","auto"
"nshz-nnshz","نُنشِزُهَا","نُنشِزُ","n$z","نشز","nunšizu","verb","nnshz","1","2:259:53","We raise them","auto"
"nshz-nshwz","نُشُوزَهُنَّ","نُشُوز","n$z","نشز","nušūz","noun","nshwz","2","4:34:24","their ill-conduct","auto"
"nsk-mnsk","مَنَاسِكَنَا","مَنسَك","nsk","نسك","mansak","noun","mnsk","4","2:128:11","our ways of worship","auto"
"nsk-naaskw","نَاسِكُوهُ","نَاسِكُو","nsk","نسك","nāsikū","noun","naaskw","1","22:67:6","perform it","auto"
"nsk-nsk","نُسُكٍۢ","نُسُك","nsk","نسك","nusuk","noun","nsk","2","2:196:33","sacrifice","auto"
"nskh-nskht","نُسْخَتِهَا","نُسْخَت","nsx","نسخ","nusḫat","noun","nskht","1","7:154:9","their inscription","auto"
"nskh-nstnskh","نَسْتَنسِخُ","نَسْتَنسِخُ","nsx","نسخ","nastansiḫu","verb","nstnskh","1","45:29:8","transcribe","auto"
"nskh-ynskh","نَنسَخْ","يَنسَخُ","nsx","نسخ","yansaḫu","verb","ynskh","2","2:106:2","We abrogate","auto"
"nsl-nsl","وَٱلنَّسْلَ","نَسْل","nsl","نسل","nasl","noun","nsl","2","2:205:10","and progeny","auto"
"nsl-ynsl","يَنسِلُونَ","يَنسِلُ","nsl","نسل","yansilu","verb","ynsl","2","21:96:10","descend","auto"
"nsr-nsr","وَنَسْرًۭا","نَسْر","nsr","نسر","nasr","proper-noun","nsr","1","71:23:13","and Nasr","auto"
"nsw-nsaa2","نِسَآءَكُمْ","نِسَأء","nsw","نسو","nisāʾ","noun","nsaa2","59","2:49:12","the women","auto"
"nsy-a2nsy","نُنسِهَا","أَنسَىٰ","nsy","نسي","ʾansāā","verb","a2nsy","7","2:106:6","[We] cause it to be forgotten","auto"
"nsy-mnsy","مَّنسِيًّۭا","مَّنسِيّ","nsy","نسي","mansīy","noun","mnsy","1","19:23:13","forgotten","auto"
"nsy-nsy","وَتَنسَوْنَ","نَسِىَ","nsy","نسي","nasiāa","verb","nsy","37","2:44:4","they forgot","auto"
"nthr-aantthrt","ٱنتَثَرَتْ","ٱنتَثَرَتْ","nvr","نثر","āntaṯarat","verb","aantthrt","1","82:2:3","scatter","auto"
"nthr-mnthwr","مَّنثُورًا","مَّنثُور","nvr","نثر","manṯūr","noun","mnthwr","2","25:23:9","dispersed","auto"
"ntq-ntq","نَتَقْنَا","نَتَقْ","ntq","نتق","nataq","verb","ntq","1","7:171:2","We raised","auto"
"nwS-mnaaS","مَنَاصٍۢ","مَنَاص","nwS","نوص","manāṣ","noun","mnaaS","1","38:3:10","(for) escape","auto"
"nwaa-tnwa2","لَتَنُوٓأُ","تَنُؤأُ","nwA","نوا","tanūʾu","verb","tnwa2","1","28:76:15","would burden","auto"
"nwb-a2naab","أُنِيبُ","أَنَابَ","nwb","نوب","ʾanāba","verb","a2naab","11","11:88:35","turns","auto"
"nwb-mnyb","مُّنِيبٌۭ","مُّنِيب","nwb","نوب","munīb","noun","mnyb","7","11:75:5","turning","auto"
"nwm-mnaam","مَنَامِكَ","مَنَام","nwm","نوم","manām","noun","mnaam","4","8:43:5","your dream","auto"
"nwm-naay2mwn","نَآئِمُونَ","نَأئِمُون","nwm","نوم","nāʾimūn","noun","naay2mwn","2","7:97:9","(were) asleep","auto"
"nwm-nwm","نَوْمٌۭ","نَوْم","nwm","نوم","nawm","noun","nwm","3","2:255:12","sleep","auto"
"nwn-nwn","ٱلنُّونِ","نُّون","nwn","نون","nūn","noun","nwn","1","21:87:2","And Dhun-Nun","auto"
"nwq-naaq@","نَاقَةُ","نَاقَة","nwq","نوق","nāqa","noun","naaq@","7","7:73:20","the she-camel","auto"
"nwr-mnyr","ٱلْمُنِيرِ","مُّنِير","nwr","نور","munīr","adjective","mnyr","6","3:184:12","enlightening","auto"
"nwr-naar","نَارًۭا","نَار","nwr","نور","nār","noun","naar","145","2:17:5","the Fire","auto"
"nwr-nwr","بِنُورِهِمْ","نُور","nwr","نور","nūr","noun","nwr","43","2:17:12","the light","auto"
"nws-naas","ٱلنَّاسِ","نَّاس","nws","نوس","nās","noun","naas","241","2:8:2","the people","auto"
"nwsh-tnaawsh","ٱلتَّنَاوُشُ","تَّنَاوُش","nw$","نوش","tanāwuš","noun","tnaawsh","1","34:52:6","(will be) the receiving","auto"
"nwy-nwy","وَٱلنَّوَىٰ","نَّوَىٰ","nwy","نوي","nawāā","noun","nwy","1","6:95:5","and the date-seed","auto"
"nyl-nyl","نَّيْلًا","نَّيْل","nyl","نيل","nayl","noun","nyl","1","9:120:40","an infliction","auto"
"nyl-ynaal","يَنَالُ","يَنَالُ","nyl","نيل","yanālu","verb","ynaal","11","2:124:17","reach","auto"
"nza-nza","وَتَنزِعُ","نَزَعَ","nzE","نزع","nazaʿa","verb","nza","10","3:26:9","And he drew out","auto"
"nza-nzaa@","نَزَّاعَةًۭ","نَزَّاعَة","nzE","نزع","nazzāʿa","noun","nzaa@","1","70:16:1","A remover","auto"
"nza-nzat","بِسْمِ","نَّٰزِعَٰت","nzE","نزع","nāziʿāt","noun","nzat","1","79:1:1","By those who extract","auto"
"nza-tnza","وَتَنَٰزَعْتُمْ","تَنَٰزَعُ","nzE","نزع","tanāzaʿu","verb","tnza","7","3:152:11","and you fell into dispute","auto"
"nza-ynza","يُنَٰزِعُنَّكَ","يُنَٰزِعُ","nzE","نزع","yunāziʿu","verb","ynza","1","22:67:8","So let them not dispute with you","auto"
"nzf-ynzf","يُنزَفُونَ","يُنزَفُ","nzf","نزف","yunzafu","verb","ynzf","2","37:47:7","will be intoxicated","auto"
"nzgh-nzgh","يَنزَغَنَّكَ","نَّزَغَ","nzg","نزغ","nazaġa","verb","nzgh","6","7:200:2","an evil suggestion comes to you","auto"
"nzl-a2nzl","أُنزِلَ","أَنزَلَ","nzl","نزل","ʾanzala","verb","a2nzl","183","2:4:4","was revealed","auto"
"nzl-mnaazl","مَنَازِلَ","مَنَازِل","nzl","نزل","manāzil","noun","mnaazl","2","10:5:9","phases","auto"
"nzl-mnzl","مُنزَلِينَ","مُنزَل","nzl","نزل","munzal","noun","mnzl","4","3:124:13","[the ones] sent down","auto"
"nzl-mnzlyn","ٱلْمُنزِلِينَ","مُنزِلِين","nzl","نزل","munzilīn","noun","mnzlyn","5","12:59:17","(of) the hosts","auto"
"nzl-nzl","نَزَّلْنَا","نَزَّلَ","nzl","نزل","nazzala","verb","nzl","76","2:23:6","sends down","auto"
"nzl-nzl@","نَزْلَةً","نَزْلَة","nzl","نزل","nazla","noun","nzl@","1","53:13:3","(in) descent","auto"
"nzl-tnzlt","نَتَنَزَّلُ","تَنَزَّلَتْ","nzl","نزل","tanazzalat","verb","tnzlt","7","19:64:2","we descend","auto"
"nzl-tnzyl","تَنزِيلًۭا","تَنزِيل","nzl","نزل","tanzīl","noun","tnzyl","15","17:106:9","(The) revelation","auto"
"qDD-ynqD","يَنقَضَّ","يَنقَضَّ","qDD","قضض","yanqaḍḍa","verb","ynqD","1","18:77:17","collapse","auto"
"qDb-qDb","وَقَضْبًۭا","قَضْب","qDb","قضب","qaḍb","noun","qDb","1","80:28:2","and green fodder","auto"
"qDy-mqDy","مَّقْضِيًّۭا","مَّقْضِيّ","qDy","قضي","maqḍīy","adjective","mqDy","2","19:21:15","decreed.'","auto"
"qDy-qDy","قَضَىٰٓ","قَضَىٰٔ","qDy","قضي","qaḍāā","verb","qDy","59","2:117:5","He decrees","auto"
"qDy-qaaD","قَاضٍ","قَاض","qDy","قضي","qāḍ","noun","qaaD","1","20:72:14","(are) decreeing","auto"
"qDy-qaaDy@","ٱلْقَاضِيَةَ","قَاضِيَة","qDy","قضي","qāḍiya","noun","qaaDy@","1","69:27:3","the end","auto"
"qHm-aaqtHm","ٱقْتَحَمَ","ٱقْتَحَمَ","qHm","قحم","āqtaḥama","verb","aaqtHm","1","90:11:2","he has attempted","auto"
"qHm-mqtHm","مُّقْتَحِمٌۭ","مُّقْتَحِم","qHm","قحم","muqtaḥim","noun","mqtHm","1","38:59:3","bursting","auto"
"qSS-qS","قَصَصْنَٰهُمْ","قَصَّ","qSS","قصص","qaṣṣa","verb","qS","20","4:164:3","We relate","auto"
"qSS-qSS","ٱلْقَصَصُ","قَصَص","qSS","قصص","qaṣaṣ","noun","qSS","6","3:62:4","the story","auto"
"qSS-qSaaS","ٱلْقِصَاصُ","قِصَاص","qSS","قصص","qiṣāṣ","noun","qSaaS","4","2:178:6","(is) the legal retribution","auto"
"qSd-aaqSd","وَٱقْصِدْ","ٱقْصِدْ","qSd","قصد","āqṣid","verb","aaqSd","1","31:19:1","And be moderate","auto"
"qSd-mqtSd","مُّقْتَصِدٌۭ","مُّقْتَصِد","qSd","قصد","muqtaṣid","noun","mqtSd","2","31:32:15","(some are) moderate","auto"
"qSd-mqtSd@","مُّقْتَصِدَةٌۭ","مُّقْتَصِدَة","qSd","قصد","muqtaṣida","adjective","mqtSd@","1","5:66:19","moderate","auto"
"qSd-qSd","قَصْدُ","قَصْد","qSd","قصد","qaṣd","noun","qSd","1","16:9:3","(is) the direction","auto"
"qSd-qaaSd","قَاصِدًۭا","قَاصِد","qSd","قصد","qāṣid","noun","qaaSd","1","9:42:6","easy","auto"
"qSf-qaaSf","قَاصِفًۭا","قَاصِف","qSf","قصف","qāṣif","noun","qaaSf","1","17:69:10","a hurricane","auto"
"qSm-qSm","قَصَمْنَا","قَصَمْ","qSm","قصم","qaṣam","verb","qSm","1","21:11:2","We (have) shattered","auto"
"qSr-mqSryn","وَمُقَصِّرِينَ","مُقَصِّرِين","qSr","قصر","muqaṣṣirīn","noun","mqSryn","1","48:27:16","and shortened","auto"
"qSr-mqSwrt","مَّقْصُورَٰتٌۭ","مَّقْصُورَٰت","qSr","قصر","maqṣūrāt","noun","mqSwrt","1","55:72:2","restrained","auto"
"qSr-qSr","قُصُورًۭا","قَصْر","qSr","قصر","qaṣr","noun","qSr","4","7:74:14","palaces","auto"
"qSr-qSrt","قَٰصِرَٰتُ","قَٰصِرَٰت","qSr","قصر","qāṣirāt","noun","qSrt","3","37:48:2","(will be) companions of modest gaze","auto"
"qSr-tqSr","تَقْصُرُوا۟","تَقْصُرُ","qSr","قصر","taqṣuru","verb","tqSr","1","4:101:9","you shorten","auto"
"qSr-yqSr","يُقْصِرُونَ","يُقْصِرُ","qSr","قصر","yuqṣiru","verb","yqSr","1","7:202:7","they cease","auto"
"qSw-a2qSaa","ٱلْمَسْجِدِ","أَقْصَا","qSw","قصو","ʾaqṣā","adjective","a2qSaa","3","17:1:11","(the) farthest end","auto"
"qSw-qSwy","ٱلْقُصْوَىٰ","قُصْوَىٰ","qSw","قصو","quṣwāā","adjective","qSwy","1","8:42:7","the farther","auto"
"qSw-qSy","قَصِيًّۭا","قَصِيّ","qSw","قصو","qaṣīy","adjective","qSy","1","19:22:5","remote","auto"
"qTT-qT","قِطَّنَا","قِطّ","qTT","قطط","qiṭṭ","noun","qT","1","38:16:5","our share","auto"
"qTa-mqTwa","مَقْطُوعٌۭ","مَقْطُوع","qTE","قطع","maqṭūʿ","noun","mqTwa","1","15:66:8","would be cut off","auto"
"qTa-mqTwa@","مَقْطُوعَةٍۢ","مَقْطُوعَة","qTE","قطع","maqṭūʿa","noun","mqTwa@","1","56:33:2","limited","auto"
"qTa-qTa","وَيَقْطَعُونَ","قُطِعَ","qTE","قطع","quṭiʿa","verb","qTa","28","2:27:8","I will surely cut off","auto"
"qTa-qaaTa@","قَاطِعَةً","قَاطِعَة","qTE","قطع","qāṭiʿa","noun","qaaTa@","1","27:32:9","the one to decide","auto"
"qTa-tqTa","وَتَقَطَّعَتْ","تَّقَطَّعَ","qTE","قطع","taqaṭṭaʿa","verb","tqTa","5","2:166:10","But they cut off","auto"
"qTf-qTwf","قُطُوفُهَا","قُطُوف","qTf","قطف","quṭūf","noun","qTwf","2","69:23:1","Its clusters of fruits","auto"
"qTmr-qTmyr","قِطْمِيرٍ","قِطْمِير","qTmr","قطمر","qiṭmīr","noun","qTmyr","1","35:13:28","(as much as) the membrane of a date-seed","auto"
"qTr-a2qTaar","أَقْطَارِهَا","أَقْطَار","qTr","قطر","ʾaqṭār","noun","a2qTaar","2","33:14:5","all its sides","auto"
"qTr-qTr","قِطْرًۭا","قِطْر","qTr","قطر","qiṭr","noun","qTr","2","18:96:19","molten copper","auto"
"qTr-qTraan","قَطِرَانٍۢ","قَطِرَان","qTr","قطر","qaṭirān","noun","qTraan","1","14:50:3","tar","auto"
"qad-mqad","مَقَٰعِدَ","مَقْعَد","qEd","قعد","maqʿad","noun","mqad","4","3:121:7","(to take) positions","auto"
"qad-qaad","ٱلْقَٰعِدُونَ","قَاعِد","qEd","قعد","qāʿid","noun","qaad","7","4:95:3","the ones who sit","auto"
"qad-qad","وَقَعَدُوا۟","قَعَدَ","qEd","قعد","qaʿada","verb","qad","12","3:168:4","sit","auto"
"qad-qawd","وَقُعُودًۭا","قُعُود","qEd","قعد","quʿūd","noun","qawd","4","3:191:5","and sitting","auto"
"qad-qayd","قَعِيدٌۭ","قَعِيد","qEd","قعد","qaʿīd","noun","qayd","1","50:17:8","seated","auto"
"qad-qwaad","ٱلْقَوَاعِدَ","قَوَاعِد","qEd","قعد","qawāʿid","noun","qwaad","3","2:127:4","the foundations","auto"
"qar-mnqar","مُّنقَعِرٍۢ","مُّنقَعِر","qEr","قعر","munqaʿir","noun","mnqar","1","54:20:6","uprooted","auto"
"qbD-mqbwD@","مَّقْبُوضَةٌۭ","مَّقْبُوضَة","qbD","قبض","maqbūḍa","adjective","mqbwD@","1","2:283:9","in hand","auto"
"qbD-qbD","يَقْبِضُ","قَبَضْ","qbD","قبض","qabaḍ","verb","qbD","6","2:245:13","withholds","auto"
"qbD-qbD@","قَبْضَةًۭ","قَبْضَة","qbD","قبض","qabḍa","noun","qbD@","2","20:96:8","a handful","auto"
"qbH-mqbwHyn","ٱلْمَقْبُوحِينَ","مَقْبُوحِين","qbH","قبح","maqbūḥīn","noun","mqbwHyn","1","28:42:10","the despised","auto"
"qbl-a2qbl","وَأَقْبَلُوا۟","أَقْبَلَ","qbl","قبل","ʾaqbala","verb","a2qbl","9","12:71:2","And will approach","auto"
"qbl-mstqbl","مُّسْتَقْبِلَ","مُّسْتَقْبِل","qbl","قبل","mustaqbil","noun","mstqbl","1","46:24:4","approaching","auto"
"qbl-mtqblyn","مُّتَقَٰبِلِينَ","مُّتَقَٰبِلِين","qbl","قبل","mutaqābilīn","noun","mtqblyn","4","15:47:10","facing each other","auto"
"qbl-qaabl","وَقَابِلِ","قَابِل","qbl","قبل","qābil","noun","qaabl","1","40:3:3","and (the) Acceptor","auto"
"qbl-qbaay2l","وَقَبَآئِلَ","قَبَأئِل","qbl","قبل","qabāʾil","noun","qbaay2l","1","49:13:10","and tribes","auto"
"qbl-qbl","قَبْلِكَ","قَبْل","qbl","قبل","qabl","noun","qbl","247","2:4:9","before","auto"
"qbl-qbl@","قِبْلَتِهِمُ","قِبْلَة","qbl","قبل","qibla","noun","qbl@","7","2:142:8","their direction of prayer","auto"
"qbl-qbwl","بِقَبُولٍ","قَبُول","qbl","قبل","qabūl","noun","qbwl","1","3:37:3","with acceptance","auto"
"qbl-qbyl","وَقَبِيلُهُۥ","قَبِيل","qbl","قبل","qabīl","noun","qbyl","2","7:27:19","and his tribe","auto"
"qbl-tqbl","تَقَبَّلْ","تَقَبَّلَ","qbl","قبل","taqabbala","verb","tqbl","10","2:127:9","will be accepted","auto"
"qbl-yqbl","يُقْبَلُ","يَقْبَلُ","qbl","قبل","yaqbalu","verb","yqbl","9","2:48:10","will be accepted","auto"
"qbr-a2qbr","فَأَقْبَرَهُۥ","أَقْبَرَ","qbr","قبر","ʾaqbara","verb","a2qbr","1","80:21:3","and provides a grave for him","auto"
"qbr-mqaabr","ٱلْمَقَابِرَ","مَقَابِر","qbr","قبر","maqābir","noun","mqaabr","1","102:2:3","the graves","auto"
"qbr-qbr","قَبْرِهِۦٓ","قَبْر","qbr","قبر","qabr","noun","qbr","6","9:84:11","the graves","auto"
"qbs-nqtbs","نَقْتَبِسْ","نَقْتَبِسْ","qbs","قبس","naqtabis","verb","nqtbs","1","57:13:8","we may acquire","auto"
"qbs-qbs","بِقَبَسٍ","قَبَس","qbs","قبس","qabas","noun","qbs","2","20:10:13","a burning brand","auto"
"qdH-qdH","قَدْحًۭا","قَدْح","qdH","قدح","qadḥ","noun","qdH","1","100:2:2","striking","auto"
"qdd-qd","وَقَدَّتْ","قُدَّ","qdd","قدد","qudda","verb","qd","4","12:25:3","(is) torn","auto"
"qdd-qdd","قِدَدًۭا","قِدَد","qdd","قدد","qidad","adjective","qdd","1","72:11:9","different","auto"
"qdhf-qdhf","ٱقْذِفِيهِ","قَذَفَ","q*f","قذف","qaḏafa","verb","qdhf","9","20:39:2","cast him","auto"
"qdm-a2qdmwn","ٱلْأَقْدَمُونَ","أَقْدَمُون","qdm","قدم","ʾaqdamūn","noun","a2qdmwn","1","26:76:3","and your forefathers","auto"
"qdm-mstqdmyn","ٱلْمُسْتَقْدِمِينَ","مُسْتَقْدِمِين","qdm","قدم","mustaqdimīn","noun","mstqdmyn","1","15:24:3","the preceding ones","auto"
"qdm-qdm","قَدَّمَتْ","قَدَّمَ","qdm","قدم","qaddama","verb","qdm","37","2:95:5","have sent forth","auto"
"qdm-qdym","ٱلْقَدِيمِ","قَدِيم","qdm","قدم","qadīm","adjective","qdym","3","12:95:6","old","auto"
"qdm-tqdm","تَقَدَّمَ","تَقَدَّمَ","qdm","قدم","taqaddama","verb","tqdm","2","48:2:5","preceded","auto"
"qdm-ystqdm","يَسْتَقْدِمُونَ","يَسْتَقْدِمُ","qdm","قدم","yastaqdimu","verb","ystqdm","4","7:34:11","seek to advance (it)","auto"
"qdr-mqdaar","بِمِقْدَارٍ","مِقْدَار","qdr","قدر","miqdār","noun","mqdaar","3","13:8:15","(is) in due proportion","auto"
"qdr-mqdwr","مَّقْدُورًا","مَّقْدُور","qdr","قدر","maqdūr","noun","mqdwr","1","33:38:22","destined","auto"
"qdr-mqtdr","مُّقْتَدِرًا","مُّقْتَدِر","qdr","قدر","muqtadir","noun","mqtdr","4","18:45:23","(is) All Able","auto"
"qdr-qaadr","قَادِرٌ","قَادِر","qdr","قدر","qādir","noun","qaadr","14","6:37:11","(is) Able","auto"
"qdr-qdr","قَدَرُهُۥ","قَدَر","qdr","قدر","qadar","noun","qdr","59","2:236:17","and restricts","auto"
"qdr-qdwr","وَقُدُورٍۢ","قُدُور","qdr","قدر","qudūr","noun","qdwr","1","34:13:10","and cooking-pots","auto"
"qdr-qdyr","قَدِيرٌۭ","قَدِير","qdr","قدر","qadīr","noun","qdyr","45","2:20:25","All-Powerful","auto"
"qdr-tqdyr","تَقْدِيرُ","تَقْدِير","qdr","قدر","taqdīr","noun","tqdyr","5","6:96:10","(is the) Decree","auto"
"qds-mqds","ٱلْمُقَدَّسِ","مُقَدَّس","qds","قدس","muqaddas","adjective","mqds","2","20:12:8","the sacred","auto"
"qds-mqds@","ٱلْمُقَدَّسَةَ","مُقَدَّسَة","qds","قدس","muqaddasa","adjective","mqds@","1","5:21:4","the Holy","auto"
"qds-nqds","وَنُقَدِّسُ","نُقَدِّسُ","qds","قدس","nuqaddisu","verb","nqds","1","2:30:21","and we sanctify","auto"
"qds-qds","ٱلْقُدُسِ","قُدُس","qds","قدس","qudus","noun","qds","4","2:87:16","the Holy Spirit","auto"
"qds-qdws","ٱلْقُدُّوسُ","قُدُّوس","qds","قدس","quddūs","adjective","qdws","2","59:23:9","the Holy One","auto"
"qdw-aaqtdh","ٱقْتَدِهْ","ٱقْتَدِهْ","qdw","قدو","āqtadih","verb","aaqtdh","1","6:90:6","you follow","auto"
"qdw-mqtdwn","مُّقْتَدُونَ","مُّقْتَدُون","qdw","قدو","muqtadūn","noun","mqtdwn","1","43:23:21","(are) following","auto"
"qfl-a2qfaal","أَقْفَالُهَآ","أَقْفَال","qfl","قفل","ʾaqfāl","noun","a2qfaal","1","47:24:7","(are) locks","auto"
"qfw-qfy","وَقَفَّيْنَا","قَفَّيْ","qfw","قفو","qaffay","verb","qfy","4","2:87:5","and We followed up","auto"
"qfw-tqf","تَقْفُ","تَقْفُ","qfw","قفو","taqfu","verb","tqf","1","17:36:2","pursue","auto"
"qhr-qaahr","ٱلْقَاهِرُ","قَاهِر","qhr","قهر","qāhir","noun","qaahr","3","6:18:2","(is) the Subjugator","auto"
"qhr-qhaar","ٱلْقَهَّارُ","قَهَّار","qhr","قهر","qahhār","adjective","qhaar","6","12:39:9","the Irresistible","auto"
"qhr-tqhr","تَقْهَرْ","تَقْهَرْ","qhr","قهر","taqhar","verb","tqhr","1","93:9:4","oppress","auto"
"qla-a2qla","أَقْلِعِى","أَقْلِعِ","qlE","قلع","ʾaqliʿi","verb","a2qla","1","11:44:6","Withhold","auto"
"qlb-aanqlb","يَنقَلِبُ","ٱنقَلَبَ","qlb","قلب","ānqalaba","verb","aanqlb","17","2:143:25","turns back","auto"
"qlb-mnqlb","مُنقَلَبًۭا","مُنقَلَب","qlb","قلب","munqalab","noun","mnqlb","2","18:36:12","(as) a return","auto"
"qlb-mnqlbwn","مُنقَلِبُونَ","مُنقَلِبُون","qlb","قلب","munqalibūn","noun","mnqlbwn","3","7:125:5","(will) return","auto"
"qlb-mtqlb","مُتَقَلَّبَكُمْ","مُتَقَلَّب","qlb","قلب","mutaqallab","noun","mtqlb","1","47:19:13","your movement","auto"
"qlb-qlb","قُلُوبِهِمْ","قَلْب","qlb","قلب","qalb","noun","qlb","138","2:7:4","their hearts","auto"
"qlb-tqlb","تَقَلُّبَ","تَقَلُّب","qlb","قلب","taqallub","noun","tqlb","6","2:144:3","(the) turning","auto"
"qlb-ttqlb","تَتَقَلَّبُ","تَتَقَلَّبُ","qlb","قلب","tataqallabu","verb","ttqlb","1","24:37:16","will turn about","auto"
"qld-mqaalyd","مَقَالِيدُ","مَقَالِيد","qld","قلد","maqālīd","noun","mqaalyd","2","39:63:2","(are the) keys","auto"
"qld-qly2d","ٱلْقَلَٰٓئِدَ","قَلَٰٔئِد","qld","قلد","qalāʾid","noun","qly2d","2","5:2:14","the garlanded","auto"
"qll-a2ql","أَقَلَّ","أَقَلّ","qll","قلل","ʾaqall","noun","a2ql","2","18:39:16","lesser","auto"
"qll-a2qlt","أَقَلَّتْ","أَقَلَّتْ","qll","قلل","ʾaqallat","verb","a2qlt","1","7:57:11","they have carried","auto"
"qll-ql","قَلَّ","قَلَّ","qll","قلل","qalla","verb","ql","1","4:7:14","(is) little","auto"
"qll-qlyl","قَلِيلًۭا","قَلِيل","qll","قلل","qalīl","adjective","qlyl","70","2:41:16","a little","auto"
"qll-qlyl@","قَلِيلَةٍ","قَلِيلَة","qll","قلل","qalīla","adjective","qlyl@","1","2:249:52","small","auto"
"qll-yqll","وَيُقَلِّلُكُمْ","يُقَلِّلُ","qll","قلل","yuqallilu","verb","yqll","1","8:44:8","and He made you (appear) as few","auto"
"qlm-qlm","أَقْلَٰمَهُمْ","قَلَم","qlm","قلم","qalam","noun","qlm","4","3:44:12","their pens","auto"
"qly-qaalyn","ٱلْقَالِينَ","قَالِين","qly","قلي","qālīn","noun","qaalyn","1","26:168:5","those who detest","auto"
"qly-qly","قَلَىٰ","قَلَىٰ","qly","قلي","qalāā","verb","qly","1","93:3:5","He is displeased","auto"
"qmH-mqmHwn","مُّقْمَحُونَ","مُّقْمَحُون","qmH","قمح","muqmaḥūn","noun","mqmHwn","1","36:8:10","(are with) heads raised up","auto"
"qmS-qmyS","قَمِيصِهِۦ","قَمِيص","qmS","قمص","qamīṣ","noun","qmyS","6","12:18:3","his shirt","auto"
"qmTr-qmTryr","قَمْطَرِيرًۭا","قَمْطَرِير","qmTr","قمطر","qamṭarīr","adjective","qmTryr","1","76:10:7","and distressful","auto"
"qma-mqma","مَّقَٰمِعُ","مَّقَٰمِع","qmE","قمع","maqāmiʿ","noun","mqma","1","22:21:2","(are) hooked rods","auto"
"qml-qml","وَٱلْقُمَّلَ","قُمَّل","qml","قمل","qummal","noun","qml","1","7:133:5","and the lice","auto"
"qmr-qmr","ٱلْقَمَرَ","قَمَر","qmr","قمر","qamar","noun","qmr","27","6:77:3","and the moon","auto"
"qnT-qnT","يَقْنَطُ","قَنَطُ","qnT","قنط","qanaṭu","verb","qnT","4","15:56:3","despair","auto"
"qnT-qnTyn","ٱلْقَٰنِطِينَ","قَٰنِطِين","qnT","قنط","qāniṭīn","noun","qnTyn","1","15:55:7","the despairing","auto"
"qnT-qnwT","قَنُوطٌۭ","قَنُوط","qnT","قنط","qanūṭ","noun","qnwT","1","41:49:11","(and) despairs","auto"
"qnTr-mqnTr@","ٱلْمُقَنطَرَةِ","مُقَنطَرَة","qnTr","قنطر","muqanṭara","adjective","mqnTr@","1","3:14:9","[the] stored up","auto"
"qnTr-qnTaar","وَٱلْقَنَٰطِيرِ","قِنطَار","qnTr","قنطر","qinṭār","noun","qnTaar","3","3:14:8","and [the] heaps","auto"
"qna-mqnay","مُقْنِعِى","مُقْنِعِى","qnE","قنع","muqniʿiā","noun","mqnay","1","14:43:2","raised up","auto"
"qna-qaana","ٱلْقَانِعَ","قَانِع","qnE","قنع","qāniʿ","noun","qaana","1","22:36:21","the needy who do not ask","auto"
"qnt-qaant","قَٰنِتُونَ","قَانِت","qnt","قنت","qānit","noun","qaant","8","2:116:14","(are) humbly obedient","auto"
"qnt-qntt","قَٰنِتَٰتٌ","قَٰنِتَٰت","qnt","قنت","qānitāt","noun","qntt","3","4:34:16","(are) obedient","auto"
"qnt-yqnt","ٱقْنُتِى","يَقْنُتْ","qnt","قنت","yaqnut","verb","yqnt","2","3:43:2","Be obedient","auto"
"qnw-qnwaan","قِنْوَانٌۭ","قِنْوَان","qnw","قنو","qinwān","noun","qnwaan","1","6:99:23","clusters of dates","auto"
"qny-a2qny","وَأَقْنَىٰ","أَقْنَىٰ","qny","قني","ʾaqnāā","noun","a2qny","1","53:48:4","and suffices","auto"
"qrD-a2qrD","يُقْرِضُ","أَقْرَضُ","qrD","قرض","ʾaqraḍu","verb","a2qrD","6","2:245:4","will lend","auto"
"qrD-qrD","قَرْضًا","قَرْض","qrD","قرض","qarḍ","noun","qrD","6","2:245:6","a loan","auto"
"qrD-tqrD","تَّقْرِضُهُمْ","تَّقْرِضُ","qrD","قرض","taqriḍu","verb","tqrD","1","18:17:12","passing away from them","auto"
"qrH-qrH","قَرْحٌۭ","قَرْح","qrH","قرح","qarḥ","noun","qrH","3","3:140:3","a wound","auto"
"qrTs-qrTaas","قِرْطَاسٍۢ","قِرْطَاس","qrTs","قرطس","qirṭās","noun","qrTaas","2","6:7:6","a parchment","auto"
"qra-qaara@","قَارِعَةٌ","قَارِعَة","qrE","قرع","qāriʿa","noun","qaara@","5","13:31:37","(is) the Striking Calamity","auto"
"qraa-nqry2","سَنُقْرِئُكَ","نُقْرِئُ","qrA","قرا","nuqriʾu","verb","nqry2","1","87:6:1","We will make you recite","auto"
"qraa-qr2aan","ٱلْقُرْءَانُ","قُرْءَان","qrA","قرا","qurʾān","proper-noun","qr2aan","70","2:185:6","the Quran","auto"
"qraa-qra2","قُرِئَ","قَرَأَ","qrA","قرا","qaraʾa","verb","qra2","16","7:204:2","Read","auto"
"qraa-qrw2","قُرُوٓءٍۢ","قُرُؤء","qrA","قرا","qurūʾ","noun","qrw2","1","2:228:5","monthly periods","auto"
"qrb-a2qrb","وَٱلْأَقْرَبِينَ","أَقْرَب","qrb","قرب","ʾaqrab","noun","a2qrb","19","2:180:12","(is) nearer","auto"
"qrb-aaqtrb","ٱقْتَرَبَ","ٱقْتَرَبَ","qrb","قرب","āqtaraba","verb","aaqtrb","5","7:185:17","come near","auto"
"qrb-mqrb@","مَقْرَبَةٍ","مَقْرَبَة","qrb","قرب","maqraba","noun","mqrb@","1","90:15:3","near relationship","auto"
"qrb-mqrbwn","ٱلْمُقَرَّبِينَ","مُقَرَّبُون","qrb","قرب","muqarrabūn","noun","mqrbwn","8","3:45:20","those brought near","auto"
"qrb-qrb","قَرَّبَا","قَرَّبَ","qrb","قرب","qarraba","verb","qrb","5","5:27:8","both offered","auto"
"qrb-qrb@","قُرْبَةٌۭ","قُرْبَة","qrb","قرب","qurba","noun","qrb@","1","9:99:18","(is) a means of nearness","auto"
"qrb-qrbaan","بِقُرْبَانٍۢ","قُرْبَان","qrb","قرب","qurbān","noun","qrbaan","3","3:183:12","a sacrifice","auto"
"qrb-qrbt","قُرُبَٰتٍ","قُرُبَٰت","qrb","قرب","qurubāt","noun","qrbt","1","9:99:11","(as) means of nearness","auto"
"qrb-qrby","ٱلْقُرْبَىٰ","قُرْبَىٰ","qrb","قرب","qurbāā","noun","qrby","16","2:83:13","the relatives","auto"
"qrb-qryb","قَرِيبٌ","قَرِيب","qrb","قرب","qarīb","noun","qryb","26","2:186:6","near","auto"
"qrb-yqrb","تَقْرَبَا","يَقْرَبُ","qrb","قرب","yaqrabu","verb","yqrb","11","2:35:13","go near","auto"
"qrd-qrd@","قِرَدَةً","قِرَدَة","qrd","قرد","qirada","noun","qrd@","3","2:65:11","apes","auto"
"qrf-aaqtrf","وَلِيَقْتَرِفُوا۟","ٱقْتَرَفْ","qrf","قرف","āqtaraf","verb","aaqtrf","4","6:113:9","and so that they may commit","auto"
"qrf-mqtrfwn","مُّقْتَرِفُونَ","مُّقْتَرِفُون","qrf","قرف","muqtarifūn","noun","mqtrfwn","1","6:113:12","(are) committing","auto"
"qrn-mqrnyn","مُّقَرَّنِينَ","مُّقَرَّنِين","qrn","قرن","muqarranīn","noun","mqrnyn","4","14:49:4","bound together","auto"
"qrn-mqtrnyn","مُقْتَرِنِينَ","مُقْتَرِنِين","qrn","قرن","muqtarinīn","noun","mqtrnyn","1","43:53:11","accompanying (him)","auto"
"qrn-qrn","قَرْنٍۢ","قَرْن","qrn","قرن","qarn","noun","qrn","23","6:6:8","the generations","auto"
"qrn-qryn","قَرِينًۭا","قَرِين","qrn","قرن","qarīn","noun","qryn","8","4:38:16","a companion","auto"
"qrr-a2qrr","أَقْرَرْتُمْ","أَقْرَرْ","qrr","قرر","ʾaqrar","verb","a2qrr","4","2:84:13","you ratified","auto"
"qrr-aastqr","ٱسْتَقَرَّ","ٱسْتَقَرَّ","qrr","قرر","āstaqarra","verb","aastqr","1","7:143:20","it remains","auto"
"qrr-mstqr","مُسْتَقَرٌّۭ","مُسْتَقَرّ","qrr","قرر","mustaqarr","noun","mstqr","13","2:36:16","(is) a dwelling place","auto"
"qrr-qr@","قُرَّةَ","قُرَّة","qrr","قرر","qurra","noun","qr@","3","25:74:9","comfort","auto"
"qrr-qraar","قَرَارٍۢ","قَرَار","qrr","قرر","qarār","noun","qraar","9","14:26:13","stability","auto"
"qrr-qwaaryraa","قَوَارِيرَ","قَوَارِيرَا","qrr","قرر","qawārīrā","noun","qwaaryraa","3","27:44:17","glass","auto"
"qrr-tqr","وَقَرِّى","تَقَرَّ","qrr","قرر","taqarra","verb","tqr","5","19:26:3","may be cooled","auto"
"qry-qry@","ٱلْقَرْيَةَ","قَرْيَة","qry","قري","qarya","noun","qry@","57","2:58:5","town","auto"
"qsT-a2qsT","أَقْسَطُ","أَقْسَط","qsT","قسط","ʾaqsaṭ","noun","a2qsT","2","2:282:88","(is) more just","auto"
"qsT-mqsTyn","ٱلْمُقْسِطِينَ","مُقْسِطِين","qsT","قسط","muqsiṭīn","noun","mqsTyn","3","5:42:26","those who act justly","auto"
"qsT-qsT","بِٱلْقِسْطِ","قِسْط","qsT","قسط","qisṭ","noun","qsT","15","3:18:12","in justice","auto"
"qsT-qsTwn","ٱلْقَٰسِطُونَ","قَٰسِطُون","qsT","قسط","qāsiṭūn","noun","qsTwn","2","72:14:5","(are) unjust","auto"
"qsT-tqsT","تُقْسِطُوا۟","تُقْسِطُ","qsT","قسط","tuqsiṭu","verb","tqsT","3","4:3:4","you will be able to do justice","auto"
"qsTs-qsTaas","بِٱلْقِسْطَاسِ","قِسْطَاس","qsTs","قسطس","qisṭās","noun","qsTaas","2","17:35:6","with the balance","auto"
"qshar-tqshar","تَقْشَعِرُّ","تَقْشَعِرُّ","q$Er","قشعر","taqšaʿirru","verb","tqshar","1","39:23:8","Shiver","auto"
"qsm-a2qsm","أَقْسَمُوا۟","أَقْسَمُ","qsm","قسم","ʾaqsamu","verb","a2qsm","20","5:53:6","I swear","auto"
"qsm-mqsmt","فَٱلْمُقَسِّمَٰتِ","مُقَسِّمَٰت","qsm","قسم","muqassimāt","noun","mqsmt","1","51:4:1","And those distributing","auto"
"qsm-mqswm","مَّقْسُومٌ","مَّقْسُوم","qsm","قسم","maqsūm","noun","mqswm","1","15:44:8","assigned","auto"
"qsm-mqtsmyn","ٱلْمُقْتَسِمِينَ","مُقْتَسِمِين","qsm","قسم","muqtasimīn","noun","mqtsmyn","1","15:90:4","those who divided","auto"
"qsm-qaasm","وَقَاسَمَهُمَآ","قَاسَمَ","qsm","قسم","qāsama","verb","qaasm","1","7:21:1","And he swore (to) both of them","auto"
"qsm-qsm","يَقْسِمُونَ","قَسَمْ","qsm","قسم","qasam","verb","qsm","4","43:32:2","distribute","auto"
"qsm-qsm@","ٱلْقِسْمَةَ","قِسْمَة","qsm","قسم","qisma","noun","qsm@","3","4:8:3","(at) the (time of) division","auto"
"qsm-tqaasm","تَقَاسَمُوا۟","تَقَاسَمُ","qsm","قسم","taqāsamu","verb","tqaasm","1","27:49:2","Swear to each other","auto"
"qsm-tstqsm","تَسْتَقْسِمُوا۟","تَسْتَقْسِمُ","qsm","قسم","tastaqsimu","verb","tstqsm","1","5:3:27","you seek division","auto"
"qsr-qswr@","قَسْوَرَةٍۭ","قَسْوَرَة","qsr","قسر","qaswara","noun","qswr@","1","74:51:3","a lion","auto"
"qss-qsysyn","قِسِّيسِينَ","قِسِّيسِين","qss","قسس","qissīsīn","noun","qsysyn","1","5:82:22","(are) priests","auto"
"qsw-qst","قَسَتْ","قَسَتْ","qsw","قسو","qasat","verb","qst","3","2:74:2","hardened","auto"
"qsw-qsw@","قَسْوَةًۭ","قَسْوَة","qsw","قسو","qaswa","noun","qsw@","1","2:74:11","(in) hardness","auto"
"qsw-qsy@","قَٰسِيَةًۭ","قَٰسِيَة","qsw","قسو","qāsiya","noun","qsy@","3","5:13:7","hard","auto"
"qthaa-qthaay2","وَقِثَّآئِهَا","قِثَّأئ","qvA","قثا","qiṯṯāʾ","noun","qthaay2","1","2:61:19","[and] its cucumbers","auto"
"qtl-aaqttl","ٱقْتَتَلَ","ٱقْتَتَلَ","qtl","قتل","āqtatala","verb","aaqttl","4","2:253:26","(would have) fought each other","auto"
"qtl-qtaal","ٱلْقِتَالُ","قِتَال","qtl","قتل","qitāl","noun","qtaal","13","2:216:3","[the] fighting","auto"
"qtl-qtl","فَٱقْتُلُوٓا۟","قَتَلَ","qtl","قتل","qatala","verb","qtl","151","2:54:14","kill","auto"
"qtl-qtly","ٱلْقَتْلَى","قَتْلَى","qtl","قتل","qatlā","noun","qtly","1","2:178:8","(the matter of) the murdered","auto"
"qtl-tqtyl","تَقْتِيلًۭا","تَقْتِيل","qtl","قتل","taqtīl","noun","tqtyl","1","33:61:6","and massacred completely","auto"
"qtr-mqtr","ٱلْمُقْتِرِ","مُقْتِر","qtr","قتر","muqtir","noun","mqtr","1","2:236:19","the poor","auto"
"qtr-qtr","قَتَرٌۭ","قَتَر","qtr","قتر","qatar","noun","qtr","1","10:26:8","dust","auto"
"qtr-qtr@","قَتَرَةٌ","قَتَرَة","qtr","قتر","qatara","noun","qtr@","1","80:41:2","darkness","auto"
"qtr-qtwr","قَتُورًۭا","قَتُور","qtr","قتر","qatūr","adjective","qtwr","1","17:100:14","stingy","auto"
"qtr-yqtr","يَقْتُرُوا۟","يَقْتُرُ","qtr","قتر","yaqturu","verb","yqtr","1","25:67:7","and are not stingy","auto"
"qwa-qaa","قَاعًۭا","قَاع","qwE","قوع","qāʿ","noun","qaa","1","20:106:2","a level","auto"
"qwa-qya@","بِقِيعَةٍۢ","قِيعَة","qwE","قوع","qīʿa","noun","qya@","1","24:39:5","in a lowland","auto"
"qwb-qaab","قَابَ","قَاب","qwb","قوب","qāb","noun","qaab","1","53:9:2","(at) a distance","auto"
"qwl-a2qaawyl","ٱلْأَقَاوِيلِ","أَقَاوِيل","qwl","قول","ʾaqāwīl","noun","a2qaawyl","1","69:44:5","sayings","auto"
"qwl-qaal","يَقُولُ","قَالَ","qwl","قول","qāla","verb","qaal","1618","2:8:4","Say","auto"
"qwl-qaay2l","قَآئِلٌۭ","قَأئِل","qwl","قول","qāʾil","noun","qaay2l","5","12:10:2","a speaker","auto"
"qwl-qwl","قَوْلًا","قَوْل","qwl","قول","qawl","noun","qwl","92","2:59:4","the word","auto"
"qwl-qyl","قِيلًۭا","قِيل","qwl","قول","qīl","noun","qyl","4","4:122:21","(in) statement","auto"
"qwl-tqwl","تَقَوَّلَهُۥ","تَقَوَّلَ","qwl","قول","taqawwala","verb","tqwl","2","52:33:3","He has made it up","auto"
"qwm-a2qaam","وَيُقِيمُونَ","أَقَامَ","qwm","قوم","ʾaqāma","verb","a2qaam","54","2:3:4","and establish","auto"
"qwm-a2qwm","وَأَقْوَمُ","أَقْوَم","qwm","قوم","ʾaqwam","noun","a2qwm","4","2:282:91","and more suitable","auto"
"qwm-aastqm","ٱسْتَقَٰمُوا۟","ٱسْتَقَٰمُ","qwm","قوم","āstaqāmu","verb","aastqm","10","9:7:16","they are upright","auto"
"qwm-i2qaam","وَإِقَامَ","إِقَام","qwm","قوم","ʾiqām","noun","i2qaam","2","21:73:9","and establishment","auto"
"qwm-i2qaamt","إِقَامَتِكُمْ","إِقَامَت","qwm","قوم","ʾiqāmat","noun","i2qaamt","1","16:80:17","(of) your encampment","auto"
"qwm-mqaam","مَّقَامِ","مَقَام","qwm","قوم","maqām","noun","mqaam","17","2:125:9","(the) standing place","auto"
"qwm-mqaam@","ٱلْمُقَامَةِ","مُقَامَة","qwm","قوم","muqāma","noun","mqaam@","1","35:35:4","(of) Eternity","auto"
"qwm-mqym","وَٱلْمُقِيمِينَ","مُّقِيم","qwm","قوم","muqīm","noun","mqym","10","4:162:15","lasting","auto"
"qwm-mstqym","ٱلْمُسْتَقِيمَ","مُّسْتَقِيم","qwm","قوم","mustaqīm","adjective","mstqym","37","1:6:3","straight","auto"
"qwm-qaam","قَامُوا۟","قَامَ","qwm","قوم","qāma","verb","qaam","33","2:20:13","stand","auto"
"qwm-qaay2m","قَآئِمًۢا","قَأئِم","qwm","قوم","qāʾim","noun","qaay2m","17","3:18:11","standing","auto"
"qwm-qaay2m@","قَآئِمَةٌۭ","قَأئِمَة","qwm","قوم","qāʾima","adjective","qaay2m@","5","3:113:7","standing","auto"
"qwm-qwaam","قَوَامًۭا","قَوَام","qwm","قوم","qawām","noun","qwaam","1","25:67:11","moderate","auto"
"qwm-qwm","لِقَوْمِهِۦ","قَوْم","qwm","قوم","qawm","noun","qwm","383","2:54:4","the people","auto"
"qwm-qwmyn","قَوَّٰمُونَ","قَوَّٰمِين","qwm","قوم","qawwāmīn","noun","qwmyn","3","4:34:2","(are) protectors","auto"
"qwm-qym","قِيَمًۭا","قِيَم","qwm","قوم","qiyam","adjective","qym","6","6:161:9","right","auto"
"qwm-qym@","ٱلْقِيَٰمَةِ","قِيَٰمَة","qwm","قوم","qiyāma","noun","qym@","72","2:85:40","(of) the Resurrection","auto"
"qwm-qywm","ٱلْقَيُّومُ","قَيُّوم","qwm","قوم","qayyūm","adjective","qywm","3","2:255:7","the Sustainer of all that exists","auto"
"qwm-tqwym","تَقْوِيمٍۢ","تَقْوِيم","qwm","قوم","taqwīm","noun","tqwym","1","95:4:6","mould","auto"
"qws-qwsyn","قَوْسَيْنِ","قَوْسَيْن","qws","قوس","qawsayn","noun","qwsyn","1","53:9:3","(of) two bow-(lengths)","auto"
"qwt-a2qwt","أَقْوَٰتَهَا","أَقْوَٰت","qwt","قوت","ʾaqwāt","noun","a2qwt","1","41:10:10","its sustenance","auto"
"qwt-mqyt","مُّقِيتًۭا","مُّقِيت","qwt","قوت","muqīt","noun","mqyt","1","4:85:22","a Keeper","auto"
"qwy-mqwyn","لِّلْمُقْوِينَ","مُقْوِين","qwy","قوي","muqwīn","noun","mqwyn","1","56:73:5","for the wayfarers in the desert","auto"
"qwy-qw@","بِقُوَّةٍۢ","قُوَّة","qwy","قوي","qūwa","noun","qw@","30","2:63:10","(in) strength","auto"
"qwy-qwy","قَوِىٌّۭ","قَوِىّ","qwy","قوي","qawiāā","noun","qwy","11","8:52:15","(is) All-Strong","auto"
"qyD-qyD","وَقَيَّضْنَا","قَيَّضْ","qyD","قيض","qayyaḍ","verb","qyD","2","41:25:1","And We have destined","auto"
"qyl-mqyl","مَقِيلًۭا","مَقِيل","qyl","قيل","maqīl","noun","mqyl","1","25:24:7","resting-place","auto"
"qyl-qaay2lwn","قَآئِلُونَ","قَأئِلُون","qyl","قيل","qāʾilūn","noun","qaay2lwn","1","7:4:10","were sleeping at noon","auto"
"rDa-a2rDat","أَرْضَعْنَكُمْ","أَرْضَعَتْ","rDE","رضع","ʾarḍaʿat","verb","a2rDat","5","4:23:14","nursed you","auto"
"rDa-mrDa@","مُرْضِعَةٍ","مُرْضِعَة","rDE","رضع","murḍiʿa","noun","mrDa@","1","22:2:5","nursing mother","auto"
"rDa-mraaDa","ٱلْمَرَاضِعَ","مَرَاضِع","rDE","رضع","marāḍiʿ","noun","mraaDa","1","28:12:3","the wet nurses","auto"
"rDa-rDaa@","ٱلرَّضَاعَةَ","رَّضَاعَة","rDE","رضع","raḍāʿa","noun","rDaa@","2","2:233:10","the suckling","auto"
"rDa-tstrDa","تَسْتَرْضِعُوٓا۟","تَسْتَرْضِعُ","rDE","رضع","tastarḍiʿu","verb","tstrDa","1","2:233:47","ask another women to suckle","auto"
"rDa-yrDa","يُرْضِعْنَ","يُرْضِعْ","rDE","رضع","yurḍiʿ","verb","yrDa","1","2:233:2","shall suckle","auto"
"rDw-aartDy","ٱرْتَضَىٰ","ٱرْتَضَىٰ","rDw","رضو","ārtaḍāā","verb","aartDy","3","21:28:11","He has approved","auto"
"rDw-mrDaat","مَرْضَاتِ","مَرْضَات","rDw","رضو","marḍāt","noun","mrDaat","5","2:207:7","pleasure","auto"
"rDw-mrDy","مَرْضِيًّۭا","مَرْضِيّ","rDw","رضو","marḍīy","noun","mrDy","1","19:55:9","pleasing","auto"
"rDw-mrDy@","مَّرْضِيَّةًۭ","مَّرْضِيَّة","rDw","رضو","marḍīya","noun","mrDy@","1","89:28:5","and pleasing","auto"
"rDw-rDwn","وَرِضْوَٰنٌۭ","رِضْوَٰن","rDw","رضو","riḍwān","noun","rDwn","13","3:15:19","(the) pleasure","auto"
"rDw-rDy","تَرْضَىٰ","رَّضِىَ","rDw","رضو","raḍiāa","verb","rDy","39","2:120:2","and they are pleased","auto"
"rDw-raaDy@","رَّاضِيَةٍۢ","رَاضِيَة","rDw","رضو","rāḍiya","adjective","raaDy@","4","69:21:4","pleasant","auto"
"rDw-trD","تَرَٰضَوْا۟","تَرَٰضَ","rDw","رضو","tarāḍa","verb","trD","2","2:232:12","they agree","auto"
"rDw-traaD","تَرَاضٍۢ","تَرَاض","rDw","رضو","tarāḍ","noun","traaD","2","2:233:38","mutual consent","auto"
"rDw-yrD","يُرْضُونَكُم","يُرْضُ","rDw","رضو","yurḍu","verb","yrD","3","9:8:11","They satisfy you","auto"
"rHb-mrHb","مَرْحَبًۢا","مَرْحَب","rHb","رحب","marḥab","noun","mrHb","2","38:59:6","welcome","auto"
"rHb-rHbt","رَحُبَتْ","رَحُبَتْ","rHb","رحب","raḥubat","verb","rHbt","2","9:25:20","(in spite) of its vastness","auto"
"rHl-rHl","رِحَالِهِمْ","رَحْل","rHl","رحل","raḥl","noun","rHl","3","12:62:6","their saddlebags","auto"
"rHl-rHl@","رِحْلَةَ","رِحْلَة","rHl","رحل","riḥla","noun","rHl@","1","106:2:2","(with the) journey","auto"
"rHm-a2rHaam","أَرْحَامِهِنَّ","أَرْحَام","rHm","رحم","ʾarḥām","noun","a2rHaam","12","2:228:15","the wombs","auto"
"rHm-a2rHm","أَرْحَمُ","أَرْحَم","rHm","رحم","ʾarḥam","noun","a2rHm","4","7:151:10","(are) the Most Merciful","auto"
"rHm-mrHm@","بِٱلْمَرْحَمَةِ","مَرْحَمَة","rHm","رحم","marḥama","noun","mrHm@","1","90:17:9","to compassion","auto"
"rHm-rHm","وَٱرْحَمْنَآ","رَّحِمَ","rHm","رحم","raḥima","verb","rHm","29","2:286:43","receive mercy","auto"
"rHm-rHm@","وَرَحْمَتُهُۥ","رَحْمَة","rHm","رحم","raḥma","noun","rHm@","114","2:64:10","and mercy","auto"
"rHm-rHmn","ٱلرَّحْمَٰنِ","رَّحْمَٰن","rHm","رحم","raḥmān","adjective","rHmn","57","1:1:3","the Most Gracious","auto"
"rHm-rHmyn","ٱلرَّٰحِمِينَ","رَّٰحِمِين","rHm","رحم","rāḥimīn","noun","rHmyn","6","7:151:11","(of) those who show mercy","auto"
"rHm-rHym","ٱلرَّحِيمِ","رَّحِيم","rHm","رحم","raḥīm","adjective","rHym","116","1:1:4","Most Merciful","auto"
"rHq-rHyq","رَّحِيقٍۢ","رَّحِيق","rHq","رحق","raḥīq","noun","rHyq","1","83:25:3","a pure wine","auto"
"rSS-mrSwS","مَّرْصُوصٌۭ","مَّرْصُوص","rSS","رصص","marṣūṣ","adjective","mrSwS","1","61:4:11","joined firmly","auto"
"rSd-i2rSaad","وَإِرْصَادًۭا","إِرْصَاد","rSd","رصد","ʾirṣād","noun","i2rSaad","1","9:107:9","and (as) a station","auto"
"rSd-mrSaad","مِرْصَادًۭا","مِرْصَاد","rSd","رصد","mirṣād","noun","mrSaad","2","78:21:4","lying in wait","auto"
"rSd-mrSd","مَرْصَدٍۢ","مَرْصَد","rSd","رصد","marṣad","noun","mrSd","1","9:5:14","place of ambush","auto"
"rSd-rSd","رَّصَدًۭا","رَصَد","rSd","رصد","raṣad","adjective","rSd","2","72:9:13","waiting","auto"
"rTb-rTb","رَطْبٍۢ","رَطْب","rTb","رطب","raṭb","noun","rTb","2","6:59:25","moist","auto"
"raaf-r2wf","لَرَءُوفٌۭ","رَءُوف","rAf","راف","raʾūf","noun","r2wf","11","2:143:44","(is) Most Kind","auto"
"raaf-ra2f@","رَأْفَةٌۭ","رَأْفَة","rAf","راف","raʾfa","noun","ra2f@","2","24:2:12","pity for them","auto"
"raas-ra2s","رُءُوسَكُمْ","رَأْس","rAs","راس","raʾs","noun","ra2s","18","2:196:13","their heads","auto"
"raay-a2ry","وَيُرِيكُمْ","أَرَيْ","rAy","راي","ʾaray","verb","a2ry","40","2:73:8","We show you","auto"
"raay-r2aa","نَرَى","رَءَا","rAy","راي","raʾā","verb","r2aa","271","2:55:8","you see","auto"
"raay-r2y","وَرِءْيًۭا","رِءْي","rAy","راي","riʾy","noun","r2y","1","19:74:9","and appearance","auto"
"raay-r2yaa","رُءْيَاكَ","رُّءْيَا","rAy","راي","ruʾyā","noun","r2yaa","7","12:5:5","the vision","auto"
"raay-ra2y","رَأْىَ","رَأْى","rAy","راي","raʾā","noun","ra2y","2","3:13:17","with the sight","auto"
"raay-ry2aa2","رِئَآءَ","رِئَأء","rAy","راي","riʾāʾ","noun","ry2aa2","3","2:264:12","(to) be seen","auto"
"raay-traa2t","تَرَآءَتِ","تَرَأءَتِ","rAy","راي","tarāʾati","verb","traa2t","2","8:48:17","came in sight","auto"
"raay-yraa2","يُرَآءُونَ","يُرَأءُ","rAy","راي","yurāʾu","verb","yraa2","2","4:142:13","showing off","auto"
"rab-rab","ٱلرُّعْبَ","رُعْب","rEb","رعب","ruʿb","noun","rab","5","3:151:6","[the] terror","auto"
"rad-rad","وَرَعْدٌۭ","رَعْد","rEd","رعد","raʿd","noun","rad","2","2:19:7","and thunder","auto"
"ray-mray","وَمَرْعَىٰهَا","مَرْعَىٰ","rEy","رعي","marʿāā","noun","mray","2","79:31:4","and its pasture","auto"
"ray-ra","رَٰعِنَا","رَٰعِ","rEy","رعي","rāʿi","verb","ra","4","2:104:6","Raina","auto"
"ray-raa2","ٱلرِّعَآءُ","رِّعَأء","rEy","رعي","riʿāʾ","noun","raa2","1","28:23:24","the shepherds","auto"
"ray-raayt","رِعَايَتِهَا","رِعَايَت","rEy","رعي","riʿāyat","noun","raayt","1","57:27:31","observance","auto"
"ray-rawn","رَٰعُونَ","رَٰعُون","rEy","رعي","rāʿūn","noun","rawn","2","23:8:5","(are) observers","auto"
"rbH-rbHt","رَبِحَت","رَبِحَت","rbH","ربح","rabiḥat","verb","rbHt","1","2:16:7","profited","auto"
"rbS-mtrbS","مُّتَرَبِّصُونَ","مُّتَرَبِّص","rbS","ربص","mutarabbiṣ","noun","mtrbS","3","9:52:22","(are) waiting","auto"
"rbS-trbS","تَرَبُّصُ","تَرَبُّص","rbS","ربص","tarabbuṣ","noun","trbS","14","2:226:5","(is a) waiting (of)","auto"
"rbT-raabT","وَرَابِطُوا۟","رَابِطُ","rbT","ربط","rābiṭu","verb","raabT","1","3:200:6","and [be] constant","auto"
"rbT-rbT","وَلِيَرْبِطَ","رَّبَطْ","rbT","ربط","rabaṭ","verb","rbT","3","8:11:17","And to strengthen","auto"
"rbT-rbaaT","رِّبَاطِ","رِّبَاط","rbT","ربط","ribāṭ","noun","rbaaT","1","8:60:8","tethered","auto"
"rba-a2rba","أَرْبَعِينَ","أَرْبَع","rbE","ربع","ʾarbaʿ","noun","a2rba","7","2:51:4","forty","auto"
"rba-a2rba@","أَرْبَعَةِ","أَرْبَعَة","rbE","ربع","ʾarbaʿa","noun","a2rba@","9","2:226:6","four","auto"
"rba-raaba","رَّابِعُهُمْ","رَابِع","rbE","ربع","rābiʿ","noun","raaba","2","18:22:3","the forth of them","auto"
"rba-rba","وَرُبَٰعَ","رُبَٰع","rbE","ربع","rubāʿ","noun","rba","4","4:3:15","or four","auto"
"rbb-rb","رَبِّ","رَبّ","rbb","ربب","rabb","noun","rb","975","1:2:3","your Lord","auto"
"rbb-rbnyn","رَبَّٰنِيِّـۧنَ","رَبَّٰنِيِّن","rbb","ربب","rabbānīyin","noun","rbnyn","3","3:79:21","worshippers of the Lord","auto"
"rbb-rby2b","وَرَبَٰٓئِبُكُمُ","رَبَٰٔئِب","rbb","ربب","rabāʾib","noun","rby2b","1","4:23:20","and your step daughters","auto"
"rbb-rbywn","رِبِّيُّونَ","رِبِّيُّون","rbb","ربب","ribbīyūn","noun","rbywn","1","3:146:6","(were) religious scholars","auto"
"rbw-a2rby","وَيُرْبِى","أَرْبَىٰ","rbw","ربو","ʾarbāā","verb","a2rby","2","2:276:4","and (gives) increase","auto"
"rbw-raaby","رَّابِيًۭا","رَّابِي","rbw","ربو","rābī","noun","raaby","1","13:17:11","rising","auto"
"rbw-raaby@","رَّابِيَةً","رَّابِيَة","rbw","ربو","rābiya","adjective","raaby@","1","69:10:6","exceeding","auto"
"rbw-rb","رِّبًۭا","رِّب","rbw","ربو","rib","noun","rb","1","30:39:4","usury","auto"
"rbw-rbt","وَرَبَتْ","رَبَتْ","rbw","ربو","rabat","verb","rbt","4","22:5:64","and it swells","auto"
"rbw-rbw@","بِرَبْوَةٍ","رَبْوَة","rbw","ربو","rabwa","noun","rbw@","2","2:265:13","on a height","auto"
"rbw-rbwaa","ٱلرِّبَوٰا۟","رِّبَوٰا","rbw","ربو","ribawāā","noun","rbwaa","7","2:275:3","[the] usury","auto"
"rbw-rby","رَبَّيَانِى","رَبَّيَ","rbw","ربو","rabbaya","verb","rby","2","17:24:11","they brought me up","auto"
"rdaa-rd2","رِدْءًۭا","رِدْء","rdA","ردا","ridʾ","noun","rd2","1","28:34:9","(as) a helper","auto"
"rdd-aartd","يَرْتَدِدْ","ٱرْتَدَّ","rdd","ردد","ārtadda","verb","aartd","8","2:217:39","turns away","auto"
"rdd-mrd","مَرَدَّ","مَرَدّ","rdd","ردد","maradd","noun","mrd","6","13:11:28","turning away","auto"
"rdd-mrdwd","مَرْدُودٍۢ","مَرْدُود","rdd","ردد","mardūd","noun","mrdwd","2","11:76:14","(be) repelled","auto"
"rdd-raad","رَآدَّ","رَأدّ","rdd","ردد","rādd","noun","raad","3","10:107:14","repeller","auto"
"rdd-raady","بِرَآدِّى","رَأدِّى","rdd","ردد","rāddiā","noun","raady","1","16:71:11","would hand over","auto"
"rdd-rd","يُرَدُّونَ","رَدَّ","rdd","ردد","radda","verb","rd","38","2:85:41","they will turn you back","auto"
"rdd-ytrdd","يَتَرَدَّدُونَ","يَتَرَدَّدُ","rdd","ردد","yataraddadu","verb","ytrdd","1","9:45:14","they waver","auto"
"rdf-mrdfyn","مُرْدِفِينَ","مُرْدِفِين","rdf","ردف","murdifīn","noun","mrdfyn","1","8:9:11","one after another","auto"
"rdf-raadf@","ٱلرَّادِفَةُ","رَّادِفَة","rdf","ردف","rādifa","noun","raadf@","1","79:7:2","the subsequent","auto"
"rdf-rdf","رَدِفَ","رَدِفَ","rdf","ردف","radifa","verb","rdf","1","27:72:5","close behind","auto"
"rdhl-a2rdhl","أَرَاذِلُنَا","أَرْذَل","r*l","رذل","ʾarḏal","noun","a2rdhl","4","11:27:18","(are) the lowest of us","auto"
"rdm-rdm","رَدْمًا","رَدْم","rdm","ردم","radm","noun","rdm","1","18:95:12","a barrier","auto"
"rdy-a2rdy","لِيُرْدُوهُمْ","أَرْدَىٰ","rdy","ردي","ʾardāā","verb","a2rdy","3","6:137:9","so that they may ruin them","auto"
"rdy-mtrdy@","وَٱلْمُتَرَدِّيَةُ","مُتَرَدِّيَة","rdy","ردي","mutaraddiya","noun","mtrdy@","1","5:3:14","and that which has a fatal fall","auto"
"rdy-trdy","فَتَرْدَىٰ","تَرْدَىٰ","rdy","ردي","tardāā","verb","trdy","2","20:16:10","lest you perish","auto"
"rfa-mrfwa","ٱلْمَرْفُوعِ","مَرْفُوع","rfE","رفع","marfūʿ","noun","mrfwa","1","52:5:2","raised high","auto"
"rfa-mrfwa@","مَّرْفُوعَةٍ","مَّرْفُوعَة","rfE","رفع","marfūʿa","noun","mrfwa@","3","56:34:2","raised","auto"
"rfa-raafa","وَرَافِعُكَ","رَافِع","rfE","رفع","rāfiʿ","noun","raafa","1","3:55:7","and raise you","auto"
"rfa-raafa@","رَّافِعَةٌ","رَّافِعَة","rfE","رفع","rāfiʿa","noun","raafa@","1","56:3:2","raising up","auto"
"rfa-rfa","وَرَفَعْنَا","رَفَعَ","rfE","رفع","rafaʿa","verb","rfa","22","2:63:4","and We raised","auto"
"rfa-rfya","رَفِيعُ","رَفِيع","rfE","رفع","rafīʿ","adjective","rfya","1","40:15:1","Possessor of the Highest Ranks","auto"
"rfd-mrfwd","ٱلْمَرْفُودُ","مَرْفُود","rfd","رفد","marfūd","noun","mrfwd","1","11:99:9","which (will) be given","auto"
"rfd-rfd","ٱلرِّفْدُ","رِّفْد","rfd","رفد","rifd","noun","rfd","1","11:99:8","(is) the gift","auto"
"rfq-mraafq","ٱلْمَرَافِقِ","مَرَافِق","rfq","رفق","marāfiq","noun","mraafq","1","5:6:12","the elbows","auto"
"rfq-mrfq","مِّرْفَقًۭا","مِّرْفَق","rfq","رفق","mirfaq","noun","mrfq","1","18:16:19","(in) ease","auto"
"rfq-mrtfq","مُرْتَفَقًا","مُرْتَفَق","rfq","رفق","murtafaq","noun","mrtfq","2","18:29:28","(is) the resting place","auto"
"rfq-rfyq","رَفِيقًۭا","رَفِيق","rfq","رفق","rafīq","noun","rfyq","1","4:69:18","companion(s)","auto"
"rfrf-rfrf","رَفْرَفٍ","رَفْرَف","rfrf","رفرف","rafraf","noun","rfrf","1","55:76:3","cushions","auto"
"rft-rft","وَرُفَٰتًا","رُفَٰت","rft","رفت","rufāt","noun","rft","2","17:49:5","and crumbled particles","auto"
"rfth-rfth","ٱلرَّفَثُ","رَفَث","rfv","رفث","rafaṯ","noun","rfth","2","2:187:5","(is) the approach","auto"
"rghb-raaghb","رَٰغِبُونَ","رَاغِب","rgb","رغب","rāġib","noun","raaghb","3","9:59:19","turn our hopes","auto"
"rghb-rghb","رَغَبًۭا","رَغَب","rgb","رغب","raġab","noun","rghb","1","21:90:15","(in) hope","auto"
"rghb-yrghb","يَرْغَبُ","يَرْغَبُ","rgb","رغب","yarġabu","verb","yrghb","4","2:130:2","will turn away","auto"
"rghd-rghd","رَغَدًا","رَغَد","rgd","رغد","raġad","adjective","rghd","3","2:35:9","freely","auto"
"rghm-mrghm","مُرَٰغَمًۭا","مُرَٰغَم","rgm","رغم","murāġam","noun","mrghm","1","4:100:9","place(s) of refuge","auto"
"rhT-rhT","رَهْطُكَ","رَهْط","rhT","رهط","rahṭ","noun","rhT","3","11:91:13","for your family","auto"
"rhb-aastrhb","وَٱسْتَرْهَبُوهُمْ","ٱسْتَرْهَبُ","rhb","رهب","āstarhabu","verb","aastrhb","1","7:116:8","and terrified them","auto"
"rhb-rhb","وَرَهَبًۭا","رَهَب","rhb","رهب","rahab","noun","rhb","2","21:90:16","and fear","auto"
"rhb-rhb@","رَهْبَةًۭ","رَهْبَة","rhb","رهب","rahba","noun","rhb@","1","59:13:3","(in) fear","auto"
"rhb-rhbaany@","وَرَهْبَانِيَّةً","رَهْبَانِيَّة","rhb","رهب","rahbānīya","noun","rhbaany@","1","57:27:19","But monasticism","auto"
"rhb-rhbn","وَرُهْبَانًۭا","رُهْبَٰن","rhb","رهب","ruhbān","noun","rhbn","3","5:82:23","and monks","auto"
"rhb-trhb","تُرْهِبُونَ","تُرْهِبُ","rhb","رهب","turhibu","verb","trhb","1","8:60:10","(to) terrify","auto"
"rhb-yrhb","فَٱرْهَبُونِ","يَرْهَبُ","rhb","رهب","yarhabu","verb","yrhb","3","2:40:13","fear [Me]","auto"
"rhn-rhn","فَرِهَٰنٌۭ","رِهَٰن","rhn","رهن","rihān","noun","rhn","1","2:283:8","then pledge","auto"
"rhn-rhyn","رَهِينٌۭ","رَهِين","rhn","رهن","rahīn","noun","rhyn","1","52:21:19","(is) pledged","auto"
"rhn-rhyn@","رَهِينَةٌ","رَهِينَة","rhn","رهن","rahīna","noun","rhyn@","1","74:38:5","(is) pledged","auto"
"rhq-rhq","رَهَقًۭا","رَهَق","rhq","رهق","rahaq","noun","rhq","2","72:6:11","(in) burden","auto"
"rhq-yrhq","يَرْهَقُ","يَرْهَقُ","rhq","رهق","yarhaqu","verb","yrhq","8","10:26:6","will cover them","auto"
"rhw-rhw","رَهْوًا","رَهْو","rhw","رهو","rahw","noun","rhw","1","44:24:3","at rest","auto"
"rja-mrja","مَرْجِعُكُمْ","مَرْجِع","rjE","رجع","marǧiʿ","noun","mrja","16","3:55:24","(is) your return","auto"
"rja-rja","يَرْجِعُونَ","رَجَعَ","rjE","رجع","raǧaʿa","verb","rja","82","2:18:6","return","auto"
"rja-rjawn","رَٰجِعُونَ","رَٰجِعُون","rjE","رجع","rāǧiʿūn","noun","rjawn","4","2:46:8","will return","auto"
"rja-rjay","ٱلرُّجْعَىٰٓ","رُّجْعَىٰٔ","rjE","رجع","ruǧʿāā","noun","rjay","1","96:8:4","(is) the return","auto"
"rja-ytraaja","يَتَرَاجَعَآ","يَتَرَاجَعَ","rjE","رجع","yatarāǧaʿa","verb","ytraaja","1","2:230:18","they return to each other","auto"
"rjf-mrjfwn","وَٱلْمُرْجِفُونَ","مُرْجِفُون","rjf","رجف","murǧifūn","noun","mrjfwn","1","33:60:9","and those who spread rumors","auto"
"rjf-raajf@","ٱلرَّاجِفَةُ","رَّاجِفَة","rjf","رجف","rāǧifa","noun","raajf@","1","79:6:3","the quaking one","auto"
"rjf-rjf@","ٱلرَّجْفَةُ","رَّجْفَة","rjf","رجف","raǧfa","noun","rjf@","4","7:78:2","the earthquake","auto"
"rjf-trjf","تَرْجُفُ","تَرْجُفُ","rjf","رجف","tarǧufu","verb","trjf","2","73:14:2","will quake","auto"
"rjj-rj","رَجًّۭا","رَجّ","rjj","رجج","raǧǧ","noun","rj","1","56:4:4","(with) a shaking","auto"
"rjj-rjt","رُجَّتِ","رُجَّتِ","rjj","رجج","ruǧǧati","verb","rjt","1","56:4:2","will be shaken","auto"
"rjl-rjaal","وَلِلرِّجَالِ","رِجَال","rjl","رجل","riǧāl","noun","rjaal","28","2:228:35","men","auto"
"rjl-rjl","رَجُلَيْنِ","رَجُل","rjl","رجل","raǧul","noun","rjl","45","2:282:59","a man","auto"
"rjm-mrjwmyn","ٱلْمَرْجُومِينَ","مَرْجُومِين","rjm","رجم","marǧūmīn","noun","mrjwmyn","1","26:116:8","those who are stoned","auto"
"rjm-rjm","لَرَجَمْنَٰكَ","رَجَمْ","rjm","رجم","raǧam","verb","rjm","6","11:91:14","surely we would have stoned you","auto"
"rjm-rjwm","رُجُومًۭا","رُجُوم","rjm","رجم","ruǧūm","noun","rjwm","1","67:5:7","(as) missiles","auto"
"rjm-rjym","ٱلرَّجِيمِ","رَجِيم","rjm","رجم","raǧīm","adjective","rjym","6","3:36:24","accursed","auto"
"rjs-rjs","رِجْسٌۭ","رِجْس","rjs","رجس","riǧs","noun","rjs","10","5:90:9","(are an) abomination","auto"
"rjw-a2rjaay2","أَرْجَآئِهَا","أَرْجَأئ","rjw","رجو","ʾarǧāʾ","noun","a2rjaay2","1","69:17:3","its edges","auto"
"rjw-mrjw","مَرْجُوًّۭا","مَرْجُوّ","rjw","رجو","marǧūw","noun","mrjw","1","11:62:6","the one in whom hope was placed","auto"
"rjw-mrjwn","مُرْجَوْنَ","مُرْجَوْن","rjw","رجو","murǧawn","noun","mrjwn","1","9:106:2","deferred","auto"
"rjw-trjy","أَرْجِهْ","تُرْجِى","rjw","رجو","turǧiā","verb","trjy","3","7:111:2","Postpone him","auto"
"rjw-yrjwaa","يَرْجُونَ","يَرْجُواۤ","rjw","رجو","yarǧuwā","verb","yrjwaa","22","2:218:11","hope","auto"
"rjz-rjz","رِجْزًۭا","رِجْز","rjz","رجز","riǧz","noun","rjz","10","2:59:13","the punishment","auto"
"rkD-yrkD","يَرْكُضُونَ","يَرْكُضُ","rkD","ركض","yarkuḍu","verb","yrkD","3","21:12:7","were fleeing","auto"
"rka-raaka","ٱلرَّٰكِعِينَ","رَاكِع","rkE","ركع","rākiʿ","noun","raaka","8","2:43:7","those who bow down","auto"
"rka-yrka","وَٱرْكَعُوا۟","يَرْكَعُ","rkE","ركع","yarkaʿu","verb","yrka","5","2:43:5","and bow down","auto"
"rkb-mtraakb","مُّتَرَاكِبًۭا","مُّتَرَاكِب","rkb","ركب","mutarākib","adjective","mtraakb","1","6:99:18","thick clustered","auto"
"rkb-rkaab","رِكَابٍۢ","رِكَاب","rkb","ركب","rikāb","noun","rkaab","1","59:6:13","camels","auto"
"rkb-rkb","وَٱلرَّكْبُ","رَّكْب","rkb","ركب","rakb","noun","rkb","11","8:42:8","Embark","auto"
"rkb-rkbaan","رُكْبَانًۭا","رُكْبَان","rkb","ركب","rukbān","noun","rkbaan","1","2:239:5","riding","auto"
"rkb-rkwb","رَكُوبُهُمْ","رَكُوب","rkb","ركب","rakūb","noun","rkwb","1","36:72:4","they ride them","auto"
"rkd-rwaakd","رَوَاكِدَ","رَوَاكِد","rkd","ركد","rawākid","noun","rwaakd","1","42:33:6","motionless","auto"
"rkhw-rkhaa2","رُخَآءً","رُخَأء","rxw","رخو","ruḫāʾ","noun","rkhaa2","1","38:36:6","gently","auto"
"rkm-mrkwm","مَّرْكُومٌۭ","مَّرْكُوم","rkm","ركم","markūm","noun","mrkwm","1","52:44:9","heaped up","auto"
"rkm-rkaam","رُكَامًۭا","رُكَام","rkm","ركم","rukām","noun","rkaam","1","24:43:12","(into) a mass","auto"
"rkm-yrkm","فَيَرْكُمَهُۥ","يَرْكُمَ","rkm","ركم","yarkuma","verb","yrkm","1","8:37:11","and heap them","auto"
"rkn-rkn","رُكْنٍۢ","رُكْن","rkn","ركن","rukn","noun","rkn","2","11:80:10","a support","auto"
"rkn-trkn","تَرْكَنُوٓا۟","تَرْكَنُ","rkn","ركن","tarkanu","verb","trkn","2","11:113:2","incline","auto"
"rks-a2rks","أَرْكَسَهُم","أَرْكَسَ","rks","ركس","ʾarkasa","verb","a2rks","2","4:88:7","cast them back","auto"
"rkz-rkz","رِكْزًۢا","رِكْز","rkz","ركز","rikz","noun","rkz","1","19:98:14","a sound","auto"
"rmH-rmaaH","وَرِمَاحُكُمْ","رِمَاح","rmH","رمح","rimāḥ","noun","rmaaH","1","5:94:11","and your spears","auto"
"rmd-rmaad","كَرَمَادٍ","رَمَاد","rmd","رمد","ramād","noun","rmaad","1","14:18:6","(are) like ashes","auto"
"rmm-rmym","رَمِيمٌۭ","رَمِيم","rmm","رمم","ramīm","noun","rmym","2","36:78:11","(are) decomposed","auto"
"rmn-rmaan","وَٱلرُّمَّانَ","رُّمَّان","rmn","رمن","rummān","noun","rmaan","3","6:99:29","and the pomegranates","auto"
"rmy-rmy","يَرْمِ","رَمَىٰ","rmy","رمي","ramāā","verb","rmy","9","4:112:7","accuse","auto"
"rmz-rmz","رَمْزًۭا","رَمْز","rmz","رمز","ramz","noun","rmz","1","3:41:14","(with) gestures","auto"
"rqb-aartqb","وَٱرْتَقِبُوٓا۟","ٱرْتَقِبْ","rqb","رقب","ārtaqib","verb","aartqb","4","11:93:16","And watch","auto"
"rqb-mrtqbwn","مُّرْتَقِبُونَ","مُّرْتَقِبُون","rqb","رقب","murtaqibūn","noun","mrtqbwn","1","44:59:3","(too are) watching","auto"
"rqb-rqb@","ٱلرِّقَابِ","رَقَبَة","rqb","رقب","raqaba","noun","rqb@","9","2:177:31","(of) a slave","auto"
"rqb-rqyb","إِنَّ","رَقِيب","rqb","رقب","raqīb","noun","rqyb","5","4:1:28","Ever-Watchful","auto"
"rqb-yrqb","يَرْقُبُوا۟","يَرْقُبُ","rqb","رقب","yarqubu","verb","yrqb","3","9:8:6","they do not regard (the ties)","auto"
"rqb-ytrqb","يَتَرَقَّبُ","يَتَرَقَّبُ","rqb","رقب","yataraqqabu","verb","ytrqb","2","28:18:5","(and) was vigilant","auto"
"rqd-mrqd","مَّرْقَدِنَا","مَّرْقَد","rqd","رقد","marqad","noun","mrqd","1","36:52:6","our sleeping place","auto"
"rqd-rqwd","رُقُودٌۭ","رُقُود","rqd","رقد","ruqūd","noun","rqwd","1","18:18:4","(were) asleep","auto"
"rqm-mrqwm","مَّرْقُومٌۭ","مَّرْقُوم","rqm","رقم","marqūm","adjective","mrqwm","2","83:9:2","written","auto"
"rqm-rqym","وَٱلرَّقِيمِ","رَّقِيم","rqm","رقم","raqīm","noun","rqym","1","18:9:6","and the inscription","auto"
"rqq-rq","رَقٍّۢ","رَقّ","rqq","رقق","raqq","noun","rq","1","52:3:2","parchment","auto"
"rqy-raaq","رَاقٍۢ","رَاق","rqy","رقي","rāq","noun","raaq","1","75:27:3","(will) cure","auto"
"rqy-rqy","لِرُقِيِّكَ","رُقِيّ","rqy","رقي","ruqīy","noun","rqy","1","17:93:13","in your ascension","auto"
"rqy-trqy","تَرْقَىٰ","تَرْقَىٰ","rqy","رقي","tarqāā","verb","trqy","1","17:93:8","you ascend","auto"
"rqy-yrtq","فَلْيَرْتَقُوا۟","يَرْتَقُ","rqy","رقي","yartaqu","verb","yrtq","1","38:10:8","Then let them ascend","auto"
"rshd-mrshd","مُّرْشِدًۭا","مُّرْشِد","r$d","رشد","muršid","adjective","mrshd","1","18:17:34","a guide","auto"
"rshd-rshaad","ٱلرَّشَادِ","رَّشَاد","r$d","رشد","rašād","noun","rshaad","2","40:29:26","the right","auto"
"rshd-rshd","ٱلرُّشْدُ","رُشْد","r$d","رشد","rušd","noun","rshd","11","2:256:7","the right (path)","auto"
"rshd-rshdwn","ٱلرَّٰشِدُونَ","رَّٰشِدُون","r$d","رشد","rāšidūn","noun","rshdwn","1","49:7:28","the guided ones","auto"
"rshd-rshyd","رَّشِيدٌۭ","رَّشِيد","r$d","رشد","rašīd","adjective","rshyd","3","11:78:26","right-minded","auto"
"rshd-yrshd","يَرْشُدُونَ","يَرْشُدُ","r$d","رشد","yaršudu","verb","yrshd","1","2:186:17","(be) led aright","auto"
"rskh-rskhwn","وَٱلرَّٰسِخُونَ","رَّٰسِخُون","rsx","رسخ","rāsiḫūn","noun","rskhwn","2","3:7:32","And those firm","auto"
"rsl-a2rsl","أَرْسَلْنَٰكَ","أَرْسَلَ","rsl","رسل","ʾarsala","verb","a2rsl","130","2:119:2","We sent","auto"
"rsl-mrsl","ٱلْمُرْسَلِينَ","مُّرْسَل","rsl","رسل","mursal","noun","mrsl","39","2:252:9","the Messengers","auto"
"rsl-mrsl@","مُرْسِلَةٌ","مُرْسِلَة","rsl","رسل","mursila","noun","mrsl@","1","27:35:2","going to send","auto"
"rsl-mrslt","بِسْمِ","مُرْسَلَٰت","rsl","رسل","mursalāt","noun","mrslt","1","77:1:1","By the ones sent forth","auto"
"rsl-rsaal@","رِسَالَتَهُۥ","رِسَالَة","rsl","رسل","risāla","noun","rsaal@","4","5:67:14","His Message","auto"
"rsl-rslt","رِسَٰلَٰتِ","رِسَٰلَٰت","rsl","رسل","risālāt","noun","rslt","6","7:62:2","(the) Messages","auto"
"rsl-rswl","بِٱلرُّسُلِ","رَسُول","rsl","رسل","rasūl","noun","rswl","332","2:87:8","and His Messenger","auto"
"rss-rs","ٱلرَّسِّ","رَّسّ","rss","رسس","rass","noun","rs","2","25:38:4","(of) Ar-rass","auto"
"rsw-a2rsy","أَرْسَىٰهَا","أَرْسَىٰ","rsw","رسو","ʾarsāā","verb","a2rsy","1","79:32:2","He made them firm","auto"
"rsw-mrsy","مُرْسَىٰهَا","مُرْسَىٰ","rsw","رسو","mursāā","noun","mrsy","3","7:187:5","its appointed time","auto"
"rsw-rwsy","رَوَٰسِىَ","رَوَٰسِى","rsw","رسو","rawāsiā","noun","rwsy","10","13:3:7","firm mountains","auto"
"rta-yrta","يَرْتَعْ","يَرْتَعْ","rtE","رتع","yartaʿ","verb","yrta","1","12:12:4","(to) enjoy","auto"
"rtl-rtl","وَرَتَّلْنَٰهُ","رَتَّلْ","rtl","رتل","rattal","verb","rtl","2","25:32:14","and We have recited it","auto"
"rtl-trtyl","تَرْتِيلًۭا","تَرْتِيل","rtl","رتل","tartīl","noun","trtyl","2","25:32:15","(with distinct) recitation","auto"
"rtq-rtq","رَتْقًۭا","رَتْق","rtq","رتق","ratq","noun","rtq","1","21:30:9","a joined entity","auto"
"rwD-rwD@","رَوْضَةٍۢ","رَوْضَة","rwD","روض","rawḍa","noun","rwD@","1","30:15:8","a Garden","auto"
"rwD-rwDaat","رَوْضَاتِ","رَوْضَات","rwD","روض","rawḍāt","noun","rwDaat","1","42:22:14","flowering meadows","auto"
"rwH-rwH","بِرُوحِ","رُوح","rwH","روح","rūḥ","noun","rwH","24","2:87:15","Our Spirit","auto"
"rwH-rwaaH","وَرَوَاحُهَا","رَوَاح","rwH","روح","rawāḥ","noun","rwaaH","1","34:12:5","and its afternoon course","auto"
"rwH-ryH","ٱلرِّيَٰحِ","رِيح","rwH","روح","rīḥ","noun","ryH","29","2:164:35","the winds","auto"
"rwH-ryHaan","وَٱلرَّيْحَانُ","رَّيْحَان","rwH","روح","rayḥān","noun","ryHaan","2","55:12:4","and scented plants","auto"
"rwH-tryH","تُرِيحُونَ","تُرِيحُ","rwH","روح","turīḥu","verb","tryH","1","16:6:5","you bring them in","auto"
"rwa-rwa","ٱلرَّوْعُ","رَّوْع","rwE","روع","rawʿ","noun","rwa","1","11:74:5","the fright","auto"
"rwd-a2raad","أَرَادَ","أَرَادَ","rwd","رود","ʾarāda","verb","a2raad","139","2:26:25","He intends","auto"
"rwd-rwd","وَرَٰوَدَتْهُ","رَٰوَدُ","rwd","رود","rāwadu","verb","rwd","8","12:23:1","And sought to seduce him","auto"
"rwd-rwyd","رُوَيْدًۢا","رُوَيْد","rwd","رود","ruwayd","noun","rwyd","1","86:17:4","little","auto"
"rwgh-raagh","فَرَاغَ","رَاغَ","rwg","روغ","rāġa","verb","raagh","3","37:91:1","Then he turned","auto"
"rya-rya","رِيعٍ","رِيع","ryE","ريع","rīʿ","noun","rya","1","26:128:3","elevation","auto"
"ryb-aartaab","تَرْتَابُوٓا۟","ٱرْتَابَ","ryb","ريب","ārtāba","verb","aartaab","9","2:282:95","you doubt","auto"
"ryb-mrtaab","مُّرْتَابٌ","مُّرْتَاب","ryb","ريب","murtāb","adjective","mrtaab","1","40:34:30","a doubter","auto"
"ryb-mryb","مُرِيبٍۢ","مُرِيب","ryb","ريب","murīb","noun","mryb","7","11:62:21","suspicious","auto"
"ryb-ryb","رَيْبَ","رَيْب","ryb","ريب","rayb","noun","ryb","18","2:2:4","doubt","auto"
"ryb-ryb@","رِيبَةًۭ","رِيبَة","ryb","ريب","rība","noun","ryb@","1","9:110:6","a (cause of) doubt","auto"
"ryn-raan","رَانَ","رَانَ","ryn","رين","rāna","verb","raan","1","83:14:3","(the) stain has covered","auto"
"rysh-rysh","وَرِيشًۭا","رِيش","ry$","ريش","rīš","noun","rysh","1","7:26:9","and (as) an adornment","auto"
"rzq-rzaaq","ٱلرَّزَّاقُ","رَّزَّاق","rzq","رزق","razzāq","noun","rzaaq","1","51:58:4","(is) the All-Provider","auto"
"rzq-rzq","رَزَقْنَٰهُمْ","رَزَقَ","rzq","رزق","razaqa","verb","rzq","116","2:3:7","the provision","auto"
"rzq-rzqyn","ٱلرَّٰزِقِينَ","رَّٰزِقِين","rzq","رزق","rāziqīn","noun","rzqyn","6","5:114:22","(of) the Providers","auto"
"sHb-sHaab","وَٱلسَّحَابِ","سَحَاب","sHb","سحب","saḥāb","noun","sHaab","9","2:164:36","clouds","auto"
"sHb-ysHb","يُسْحَبُونَ","يُسْحَبُ","sHb","سحب","yusḥabu","verb","ysHb","2","40:71:6","they will be dragged","auto"
"sHl-saaHl","بِٱلسَّاحِلِ","سَّاحِل","sHl","سحل","sāḥil","noun","saaHl","1","20:39:10","on the bank","auto"
"sHq-sHq","فَسُحْقًۭا","سُحْق","sHq","سحق","suḥq","noun","sHq","1","67:11:3","so away with","auto"
"sHq-sHyq","سَحِيقٍۢ","سَحِيق","sHq","سحق","saḥīq","adjective","sHyq","1","22:31:21","far off","auto"
"sHr-msHryn","ٱلْمُسَحَّرِينَ","مُسَحَّرِين","sHr","سحر","musaḥḥarīn","noun","msHryn","2","26:153:5","those bewitched","auto"
"sHr-msHwr","مَّسْحُورُونَ","مَّسْحُور","sHr","سحر","masḥūr","noun","msHwr","4","15:15:8","bewitched","auto"
"sHr-sHaar","سَحَّارٍ","سَحَّار","sHr","سحر","saḥḥār","noun","sHaar","1","26:37:3","magician","auto"
"sHr-sHr","ٱلسِّحْرَ","سِحْر","sHr","سحر","siḥr","noun","sHr","56","2:102:16","the magicians","auto"
"sHt-sHt","لِلسُّحْتِ","سُّحْت","sHt","سحت","suḥt","noun","sHt","3","5:42:4","of the forbidden","auto"
"sHt-ysHt","فَيُسْحِتَكُم","يُسْحِتَ","sHt","سحت","yusḥita","verb","ysHt","1","20:61:10","lest He will destroy you","auto"
"sTH-sTHt","سُطِحَتْ","سُطِحَتْ","sTH","سطح","suṭiḥat","verb","sTHt","1","88:20:4","it is spread out","auto"
"sTr-a2sTyr","أَسَٰطِيرُ","أَسَٰطِير","sTr","سطر","ʾasāṭīr","noun","a2sTyr","9","6:25:31","(the) tales","auto"
"sTr-mSyTr","ٱلْمُصَۣيْطِرُونَ","مُصَيْطِر","sTr","سطر","muṣayṭir","noun","mSyTr","2","52:37:7","the controllers","auto"
"sTr-msTwr","مَسْطُورًۭا","مَسْطُور","sTr","سطر","masṭūr","noun","msTwr","3","17:58:18","written","auto"
"sTr-mstTr","مُّسْتَطَرٌ","مُّسْتَطَر","sTr","سطر","mustaṭar","noun","mstTr","1","54:53:4","(is) written down","auto"
"sTr-ysTr","ٱلرَّحِيمِ","يَسْطُرُ","sTr","سطر","yasṭuru","verb","ysTr","1","68:1:4","they write","auto"
"sTw-ysT","يَسْطُونَ","يَسْطُ","sTw","سطو","yasṭu","verb","ysT","1","22:72:13","attack","auto"
"saal-mswl","مَسْـُٔولًۭا","مَسْـُٕول","sAl","سال","masūl","noun","mswl","5","17:34:17","questioned","auto"
"saal-sa2l","سَأَلْتُمْ","سَأَلَ","sAl","سال","saʾala","verb","sa2l","106","2:61:36","you ask them","auto"
"saal-saay2l","وَٱلسَّآئِلِينَ","سَأئِل","sAl","سال","sāʾil","noun","saay2l","7","2:177:29","for those who ask","auto"
"saal-sw2aal","بِسُؤَالِ","سُؤَال","sAl","سال","suʾāl","noun","sw2aal","1","38:24:4","by demanding","auto"
"saal-sw2l","سُؤْلَكَ","سُؤْل","sAl","سال","suʾl","noun","sw2l","1","20:36:4","your request","auto"
"saal-ytsaa2l","وَنِسَآءًۭ","يَتَسَأءَلُ","sAl","سال","yatasāʾalu","verb","ytsaa2l","9","4:1:21","questioning one another","auto"
"saam-ysm","تَسْـَٔمُوٓا۟","يَسْـَٕمُ","sAm","سام","yasamu","verb","ysm","3","2:282:79","(be) weary","auto"
"sad-sad","سُعِدُوا۟","سُعِدُ","sEd","سعد","suʿidu","verb","sad","1","11:108:3","were glad","auto"
"sad-sayd","وَسَعِيدٌۭ","سَعِيد","sEd","سعد","saʿīd","noun","sayd","1","11:105:10","and (the) glad","auto"
"sar-sar","وَسُعُرٍ","سُعُر","sEr","سعر","suʿur","noun","sar","2","54:24:10","and madness","auto"
"sar-sart","سُعِّرَتْ","سُعِّرَتْ","sEr","سعر","suʿʿirat","verb","sart","1","81:12:3","is set ablaze","auto"
"sar-sayr","سَعِيرًۭا","سَعِير","sEr","سعر","saʿīr","noun","sayr","16","4:10:13","(of) the Blaze","auto"
"say-say","وَسَعَىٰ","سَعَىٰ","sEy","سعي","saʿāā","verb","say","30","2:114:11","running","auto"
"sbH-msbHwn","ٱلْمُسَبِّحِينَ","مُسَبِّحُون","sbH","سبح","musabbiḥūn","noun","msbHwn","2","37:143:5","those who glorify","auto"
"sbH-sbH","نُسَبِّحُ","سَبَّحَ","sbH","سبح","sabbaḥa","verb","sbH","44","2:30:19","and glorify","auto"
"sbH-sbHn","سُبْحَٰنَكَ","سُبْحَٰن","sbH","سبح","subḥān","noun","sbHn","41","2:32:2","Glory be to Him","auto"
"sbH-sbHt","وَٱلسَّٰبِحَٰتِ","سَّٰبِحَٰت","sbH","سبح","sābiḥāt","noun","sbHt","1","79:3:1","And those who glide","auto"
"sbH-tsbyH","تَسْبِيحَهُمْ","تَسْبِيح","sbH","سبح","tasbīḥ","noun","tsbyH","2","17:44:17","their glorification","auto"
"sbH-ysbH","يَسْبَحُونَ","يَسْبَحُ","sbH","سبح","yasbaḥu","verb","ysbH","2","21:33:11","floating","auto"
"sbT-a2sbaaT","وَٱلْأَسْبَاطِ","أَسْبَاط","sbT","سبط","ʾasbāṭ","noun","a2sbaaT","5","2:136:14","and the descendants","auto"
"sba-sba","سَبْعَ","سَبْع","sbE","سبع","sabʿ","noun","sba","24","2:29:14","seven","auto"
"sba-sba@","وَسَبْعَةٍ","سَبْعَة","sbE","سبع","sabʿa","noun","sba@","4","2:196:53","and seven (days)","auto"
"sbb-sbb","ٱلْأَسْبَابُ","سَبَب","sbb","سبب","sabab","noun","sbb","9","2:166:12","a course","auto"
"sbb-ysb","تَسُبُّوا۟","يَسُبُّ","sbb","سبب","yasubbu","verb","ysb","2","6:108:2","insult","auto"
"sbgh-a2sbgh","وَأَسْبَغَ","أَسْبَغَ","sbg","سبغ","ʾasbaġa","verb","a2sbgh","1","31:20:13","and amply bestowed","auto"
"sbgh-sbght","سَٰبِغَٰتٍۢ","سَٰبِغَٰت","sbg","سبغ","sābiġāt","noun","sbght","1","34:11:3","full coats of mail","auto"
"sbl-sbyl","ٱلسَّبِيلِ","سَبِيل","sbl","سبل","sabīl","noun","sbyl","176","2:108:18","(the) way","auto"
"sbq-aastbq","فَٱسْتَبِقُوا۟","ٱسْتَبَقَ","sbq","سبق","āstabaqa","verb","aastbq","5","2:148:5","so race","auto"
"sbq-msbwqyn","بِمَسْبُوقِينَ","مَسْبُوقِين","sbq","سبق","masbūqīn","noun","msbwqyn","2","56:60:7","(are) outrun","auto"
"sbq-saabq","وَٱلسَّٰبِقُونَ","سَابِق","sbq","سبق","sābiq","noun","saabq","8","9:100:1","And the forerunners","auto"
"sbq-sbq","سَبَقَكُم","سَبَقَ","sbq","سبق","sabaqa","verb","sbq","21","7:80:8","(that) preceded","auto"
"sbq-sbqt","فَٱلسَّٰبِقَٰتِ","سَّٰبِقَٰت","sbq","سبق","sābiqāt","noun","sbqt","1","79:4:1","And those who race each other","auto"
"sbt-sbaat","سُبَاتًۭا","سُبَات","sbt","سبت","subāt","noun","sbaat","2","25:47:8","a rest","auto"
"sbt-sbt","ٱلسَّبْتِ","سَّبْت","sbt","سبت","sabt","noun","sbt","6","2:65:7","the (matter of) Sabbath","auto"
"sbt-ysbt","يَسْبِتُونَ","يَسْبِتُ","sbt","سبت","yasbitu","verb","ysbt","1","7:163:20","they had Sabbath","auto"
"sdd-sd","ٱلسَّدَّيْنِ","سَدّ","sdd","سدد","sadd","noun","sd","4","18:93:5","a barrier","auto"
"sdd-sdyd","سَدِيدًا","سَدِيد","sdd","سدد","sadīd","adjective","sdyd","2","4:9:15","appropriate","auto"
"sdr-sdr","سِدْرٍۢ","سِدْر","sdr","سدر","sidr","noun","sdr","2","34:16:15","lote trees","auto"
"sdr-sdr@","سِدْرَةِ","سِدْرَة","sdr","سدر","sidra","noun","sdr@","2","53:14:2","(the) Lote Tree","auto"
"sds-saads","سَادِسُهُمْ","سَادِس","sds","سدس","sādis","noun","saads","2","18:22:7","the sixth of them","auto"
"sds-sds","ٱلسُّدُسُ","سُّدُس","sds","سدس","sudus","noun","sds","3","4:11:27","(is) the sixth","auto"
"sdy-sdy","سُدًى","سُدًى","sdy","سدي","sudanā","noun","sdy","1","75:36:5","neglected","auto"
"sfH-msfHt","مُسَٰفِحَٰتٍۢ","مُسَٰفِحَٰت","sfH","سفح","musāfiḥāt","noun","msfHt","1","4:25:31","those who commit immorality","auto"
"sfH-msfHyn","مُسَٰفِحِينَ","مُسَٰفِحِين","sfH","سفح","musāfiḥīn","noun","msfHyn","2","4:24:21","(to be) lustful","auto"
"sfH-msfwH","مَّسْفُوحًا","مَّسْفُوح","sfH","سفح","masfūḥ","adjective","msfwH","1","6:145:18","poured forth","auto"
"sfa-nsfa","لَنَسْفَعًۢا","نَسْفَعًۦ","sfE","سفع","nasfaʿan","verb","nsfa","1","96:15:5","surely We will drag him","auto"
"sfh-sfaah@","سَفَاهَةٍۢ","سَفَاهَة","sfh","سفه","safāha","noun","sfaah@","2","7:66:10","foolishness","auto"
"sfh-sfh","سَفِهَ","سَفِهَ","sfh","سفه","safiha","verb","sfh","2","2:130:8","fooled","auto"
"sfh-sfyh","ٱلسُّفَهَآءُ","سَفِيه","sfh","سفه","safīh","noun","sfyh","7","2:13:12","the foolish","auto"
"sfk-ysfk","وَيَسْفِكُ","يَسْفِكُ","sfk","سفك","yasfiku","verb","ysfk","2","2:30:16","and will shed","auto"
"sfl-a2sfl","ٱلْأَسْفَلِ","أَسْفَل","sfl","سفل","ʾasfal","adjective","a2sfl","6","4:145:5","the lowest","auto"
"sfl-saafl","سَافِلَهَا","سَافِل","sfl","سفل","sāfil","noun","saafl","3","11:82:6","its downside","auto"
"sfl-sfly","ٱلسُّفْلَىٰ","سُّفْلَىٰ","sfl","سفل","suflāā","noun","sfly","1","9:40:36","the lowest","auto"
"sfn-sfyn@","ٱلسَّفِينَةِ","سَفِينَة","sfn","سفن","safīna","noun","sfyn@","4","18:71:6","the ship","auto"
"sfr-a2sfaar","أَسْفَارِنَا","أَسْفَار","sfr","سفر","ʾasfār","noun","a2sfaar","2","34:19:5","our journeys","auto"
"sfr-a2sfr","أَسْفَرَ","أَسْفَرَ","sfr","سفر","ʾasfara","verb","a2sfr","1","74:34:3","it brightens","auto"
"sfr-msfr@","مُّسْفِرَةٌۭ","مُّسْفِرَة","sfr","سفر","musfira","noun","msfr@","1","80:38:3","(will be) bright","auto"
"sfr-sfr","سَفَرٍۢ","سَفَر","sfr","سفر","safar","noun","sfr","7","2:184:9","a journey","auto"
"sfr-sfr@","سَفَرَةٍۢ","سَفَرَة","sfr","سفر","safara","noun","sfr@","1","80:15:2","(of) scribes","auto"
"sghb-msghb@","مَسْغَبَةٍۢ","مَسْغَبَة","sgb","سغب","masġaba","noun","msghb@","1","90:14:6","severe hunger","auto"
"shHH-shH","ٱلشُّحَّ","شُحّ","$HH","شحح","šuḥḥ","noun","shH","5","4:128:20","(by) greed","auto"
"shHm-shHwm","شُحُومَهُمَآ","شُحُوم","$Hm","شحم","šuḥūm","noun","shHwm","1","6:146:13","their fat","auto"
"shHn-mshHwn","ٱلْمَشْحُونِ","مَشْحُون","$Hn","شحن","mašḥūn","noun","mshHwn","3","26:119:6","laden","auto"
"shTT-shTT","شَطَطًا","شَطَط","$TT","شطط","šaṭaṭ","noun","shTT","2","18:14:19","an enormity","auto"
"shTT-tshTT","تُشْطِطْ","تُشْطِطْ","$TT","شطط","tušṭiṭ","verb","tshTT","1","38:22:19","be unjust","auto"
"shTaa-shT","شَطْـَٔهُۥ","شَطْـٕ","$TA","شطا","šaṭ","noun","shT","1","48:29:34","its shoot","auto"
"shTaa-shTy2","شَٰطِئِ","شَٰطِئ","$TA","شطا","šāṭiʾ","noun","shTy2","1","28:30:5","(the) side","auto"
"shTn-shyTn","شَيَٰطِينِهِمْ","شَيْطَٰن","$Tn","شطن","šayṭān","noun","shyTn","88","2:14:10","the Shaitaan","auto"
"shTr-shTr","شَطْرَ","شَطْر","$Tr","شطر","šaṭr","location","shTr","5","2:144:12","(in) its direction","auto"
"shaam-mshm@","ٱلْمَشْـَٔمَةِ","مَشْـَٕمَة","$Am","شام","mašama","noun","mshm@","3","56:9:2","(of) the left","auto"
"shaan-sha2n","شَأْنٍۢ","شَأْن","$An","شان","šaʾn","noun","sha2n","4","10:61:4","any situation","auto"
"shab-shab","شُعَبٍۢ","شُعَب","$Eb","شعب","šuʿab","noun","shab","1","77:30:6","columns","auto"
"shab-shawb","شُعُوبًۭا","شُعُوب","$Eb","شعب","šuʿūb","noun","shawb","1","49:13:9","nations","auto"
"shal-aashtal","وَٱشْتَعَلَ","ٱشْتَعَلَ","$El","شعل","āštaʿala","verb","aashtal","1","19:4:7","and flared","auto"
"shar-mshar","ٱلْمَشْعَرِ","مَشْعَر","$Er","شعر","mašʿar","noun","mshar","1","2:198:16","the Monument","auto"
"shar-shaar","شَاعِرٌۭ","شَاعِر","$Er","شعر","šāʿir","noun","shaar","5","21:5:9","(is) a poet","auto"
"shar-shar","وَأَشْعَارِهَآ","شِّعْر","$Er","شعر","šiʿr","noun","shar","2","16:80:21","and their hair","auto"
"shar-shary","ٱلشِّعْرَىٰ","شِّعْرَىٰ","$Er","شعر","šiʿrāā","proper-noun","shary","1","53:49:4","(of) Sirius","auto"
"shar-shay2r","شَعَآئِرِ","شَعَٰٔئِر","$Er","شعر","šaʿāʾir","noun","shay2r","4","2:158:5","(the) Symbols","auto"
"shar-yshar","يَشْعُرُونَ","يَشْعُرُ","$Er","شعر","yašʿuru","verb","yshar","27","2:9:10","perceive","auto"
"shbh-mshtbh","مُشْتَبِهًۭا","مُشْتَبِه","$bh","شبه","muštabih","noun","mshtbh","1","6:99:30","resembling","auto"
"shbh-mtshbh","مُتَشَٰبِهًۭا","مُتَشَٰبِه","$bh","شبه","mutašābih","noun","mtshbh","6","2:25:27","similar","auto"
"shbh-shbh","شُبِّهَ","شُبِّهَ","$bh","شبه","šubbiha","verb","shbh","1","4:157:15","it was made to appear (so)","auto"
"shbh-tshbh","تَشَٰبَهَ","تَشَٰبَهَ","$bh","شبه","tašābaha","verb","tshbh","4","2:70:11","look alike","auto"
"shdd-a2shd","أَشَدُّ","أَشَدّ","$dd","شدد","ʾašadd","noun","a2shd","39","2:74:10","his maturity","auto"
"shdd-aashtdt","ٱشْتَدَّتْ","ٱشْتَدَّتْ","$dd","شدد","āštaddat","verb","aashtdt","1","14:18:7","blows furiously","auto"
"shdd-shdd","وَٱشْدُدْ","شَدَدْ","$dd","شدد","šadad","verb","shdd","6","10:88:21","and harden","auto"
"shdd-shdyd","شَدِيدُ","شَدِيد","$dd","شدد","šadīd","noun","shdyd","56","2:165:30","severe","auto"
"shfa-shfa","وَٱلشَّفْعِ","شَّفْع","$fE","شفع","šafʿ","noun","shfa","1","89:3:1","And the even","auto"
"shfa-shfa@","شَفَٰعَةٌۭ","شَفَٰعَة","$fE","شفع","šafāʿa","noun","shfa@","13","2:48:12","the intercession","auto"
"shfa-shfayn","شَٰفِعِينَ","شَٰفِعِين","$fE","شفع","šāfiʿīn","noun","shfayn","2","26:100:4","intercessors","auto"
"shfa-shfya","شَفِيعٌۭ","شَفِيع","$fE","شفع","šafīʿ","noun","shfya","10","6:51:15","any intercessor","auto"
"shfa-yshfa","يَشْفَعُ","يَشْفَعُ","$fE","شفع","yašfaʿu","verb","yshfa","5","2:255:23","intercedes","auto"
"shfh-shftyn","وَشَفَتَيْنِ","شَفَتَيْن","$fh","شفه","šafatayn","noun","shftyn","1","90:9:2","and two lips","auto"
"shfq-a2shfq","وَأَشْفَقْنَ","أَشْفَقْ","$fq","شفق","ʾašfaq","verb","a2shfq","2","33:72:11","and they feared","auto"
"shfq-mshfqwn","مُشْفِقِينَ","مُشْفِقُون","$fq","شفق","mušfiqūn","noun","mshfqwn","8","18:49:5","fearful","auto"
"shfq-shfq","بِٱلشَّفَقِ","شَّفَق","$fq","شفق","šafaq","noun","shfq","1","84:16:3","by the twilight glow","auto"
"shfw-shfaa","شَفَا","شَفَا","$fw","شفو","šafā","noun","shfaa","2","3:103:22","(the) brink","auto"
"shfy-shfaa2","وَشِفَآءٌۭ","شِفَأء","$fy","شفي","šifāʾ","noun","shfaa2","4","10:57:8","and a healing","auto"
"shfy-yshf","وَيَشْفِ","يَشْفِ","$fy","شفي","yašfi","verb","yshf","2","9:14:8","and will heal","auto"
"shghf-shghf","شَغَفَهَا","شَغَفَ","$gf","شغف","šaġafa","verb","shghf","1","12:30:12","he has impassioned her","auto"
"shghl-shghl","شُغُلٍۢ","شُغُل","$gl","شغل","šuġul","noun","shghl","1","36:55:6","will be occupied","auto"
"shghl-shghlt","شَغَلَتْنَآ","شَغَلَتْ","$gl","شغل","šaġalat","verb","shghlt","1","48:11:6","Kept us busy","auto"
"shhb-shhaab","شِهَابٌۭ","شِهَاب","$hb","شهب","šihāb","noun","shhaab","4","15:18:6","a burning flame","auto"
"shhb-shhb","وَشُهُبًۭا","شُهُب","$hb","شهب","šuhub","noun","shhb","1","72:8:8","and flaming fires","auto"
"shhd-a2shhd","وَيُشْهِدُ","أَشْهَدَ","$hd","شهد","ʾašhada","verb","a2shhd","7","2:204:9","And take witness","auto"
"shhd-aastshhd","وَٱسْتَشْهِدُوا۟","ٱسْتَشْهِدُ","$hd","شهد","āstašhidu","verb","aastshhd","2","2:282:52","And call for evidence","auto"
"shhd-mshhd","مَّشْهَدِ","مَّشْهَد","$hd","شهد","mašhad","noun","mshhd","1","19:37:9","(the) witnessing","auto"
"shhd-mshhwd","مَّشْهُودٌۭ","مَشْهُود","$hd","شهد","mašhūd","noun","mshhwd","3","11:103:16","witnessed","auto"
"shhd-shaahd","ٱلشَّٰهِدِينَ","شَاهِد","$hd","شهد","šāhid","noun","shaahd","21","3:53:9","the witnesses","auto"
"shhd-shhd","تَشْهَدُونَ","شَهِدَ","$hd","شهد","šahida","verb","shhd","44","2:84:15","bear witness","auto"
"shhd-shhd@","شَهَٰدَةً","شَهَٰدَة","$hd","شهد","šahāda","noun","shhd@","23","2:140:22","and the witnessed","auto"
"shhd-shhdt","شَهَٰدَٰتٍۭ","شَهَٰدَٰت","$hd","شهد","šahādāt","noun","shhdt","3","24:6:13","testimonies","auto"
"shhd-shhyd","شُهَدَآءَكُم","شَهِيد","$hd","شهد","šahīd","noun","shhyd","56","2:23:14","witnesses","auto"
"shhq-shhyq","وَشَهِيقٌ","شَهِيق","$hq","شهق","šahīq","noun","shhyq","2","11:106:9","and wailing","auto"
"shhr-shhr","شَهْرُ","شَهْر","$hr","شهر","šahr","noun","shhr","21","2:185:1","months","auto"
"shhw-aashtht","يَشْتَهُونَ","ٱشْتَهَتْ","$hw","شهو","āštahat","verb","aashtht","8","16:57:7","they desire","auto"
"shhw-shhw@","شَهْوَةًۭ","شَهْوَة","$hw","شهو","šahwa","noun","shhw@","2","7:81:4","lustfully","auto"
"shhw-shhwt","ٱلشَّهَوَٰتِ","شَّهَوَٰت","$hw","شهو","šahawāt","noun","shhwt","3","3:14:4","(of) the (things they) desire","auto"
"shjr-shjr","شَجَرَ","شَجَرَ","$jr","شجر","šaǧara","verb","shjr","8","4:65:8","and the trees","auto"
"shjr-shjr@","ٱلشَّجَرَةَ","شَجَرَة","$jr","شجر","šaǧara","noun","shjr@","19","2:35:15","[the] tree","auto"
"shkhS-shkhS@","شَٰخِصَةٌ","شَٰخِصَة","$xS","شخص","šāḫiṣa","noun","shkhS@","1","21:97:6","(are) staring","auto"
"shkhS-tshkhS","تَشْخَصُ","تَشْخَصُ","$xS","شخص","tašḫaṣu","verb","tshkhS","1","14:42:11","will stare","auto"
"shkk-shk","شَكٍّۢ","شَكّ","$kk","شكك","šakk","noun","shk","15","4:157:22","doubt","auto"
"shkl-shaaklt","شَاكِلَتِهِۦ","شَاكِلَت","$kl","شكل","šākilat","noun","shaaklt","1","17:84:5","his manner","auto"
"shkl-shkl","شَكْلِهِۦٓ","شَكْل","$kl","شكل","šakl","noun","shkl","1","38:58:3","its type","auto"
"shkr-mshkwr","مَّشْكُورًۭا","مَّشْكُور","$kr","شكر","maškūr","noun","mshkwr","2","17:19:12","(is) appreciated","auto"
"shkr-shaakr","شَاكِرٌ","شَاكِر","$kr","شكر","šākir","noun","shaakr","14","2:158:23","the grateful ones","auto"
"shkr-shkr","تَشْكُرُونَ","شَكَرَ","$kr","شكر","šakara","verb","shkr","47","2:52:8","(be) grateful","auto"
"shkr-shkwr","شَكُورٍۢ","شَكُور","$kr","شكر","šakūr","adjective","shkwr","12","14:5:21","grateful","auto"
"shks-mtshkswn","مُتَشَٰكِسُونَ","مُتَشَٰكِسُون","$ks","شكس","mutašākisūn","noun","mtshkswn","1","39:29:7","quarreling","auto"
"shkw-a2shkwaa","أَشْكُوا۟","أَشْكُواۤ","$kw","شكو","ʾaškuwā","verb","a2shkwaa","1","12:86:3","I complain","auto"
"shkw-mshkw@","كَمِشْكَوٰةٍۢ","مِشْكَوٰة","$kw","شكو","miškawā","noun","mshkw@","1","24:35:7","(is) like a niche","auto"
"shkw-tshtky","ٱلَّتِى","تَشْتَكِىٔ","$kw","شكو","taštakiā","verb","tshtky","1","58:1:9","and she directs her complaint","auto"
"shl-shwl","سُهُولِهَا","سُهُول","shl","سهل","suhūl","noun","shwl","1","7:74:13","its plains","auto"
"shm-saahm","فَسَاهَمَ","سَاهَمَ","shm","سهم","sāhama","verb","saahm","1","37:141:1","Then he drew lots","auto"
"shmkh-shmkht","شَٰمِخَٰتٍۢ","شَٰمِخَٰت","$mx","شمخ","šāmiḫāt","adjective","shmkht","1","77:27:4","lofty","auto"
"shml-aashtmlt","ٱشْتَمَلَتْ","ٱشْتَمَلَتْ","$ml","شمل","āštamalat","verb","aashtmlt","2","6:143:15","contains","auto"
"shml-shmaal","ٱلشِّمَالِ","شِّمَال","$ml","شمل","šimāl","noun","shmaal","8","18:17:14","the left","auto"
"shml-shmaay2l","شَمَآئِلِهِمْ","شَمَأئِل","$ml","شمل","šamāʾil","noun","shmaay2l","2","7:17:11","their left","auto"
"shms-shms","بِٱلشَّمْسِ","شَمْس","$ms","شمس","šams","noun","shms","33","2:258:29","the sun","auto"
"shmt-tshmt","تُشْمِتْ","تُشْمِتْ","$mt","شمت","tušmit","verb","tshmt","1","7:150:32","rejoice","auto"
"shmz-aashma2zt","ٱشْمَأَزَّتْ","ٱشْمَأَزَّتْ","$mz","شمز","āšmaʾazzat","verb","aashma2zt","1","39:45:5","shrink with aversion","auto"
"shnaa-shaany2","شَانِئَكَ","شَانِئ","$nA","شنا","šāniʾ","noun","shaany2","1","108:3:2","your enemy","auto"
"shnaa-shnaan","شَنَـَٔانُ","شَنَـَٕان","$nA","شنا","šanaān","noun","shnaan","2","5:2:29","(the) hatred","auto"
"shqq-a2shq","أَشَقُّ","أَشَقّ","$qq","شقق","ʾašaqq","adjective","a2shq","1","13:34:8","(is) harder","auto"
"shqq-aanshq","وَتَنشَقُّ","ٱنشَقَّ","$qq","شقق","ānšaqqa","verb","aanshq","5","19:90:5","and splits asunder","auto"
"shqq-shaaq","يُشَاقِقِ","شَأقُّ","$qq","شقق","šāqqu","verb","shaaq","7","4:115:2","opposes","auto"
"shqq-shq","بِشِقِّ","شِقّ","$qq","شقق","šiqq","noun","shq","2","16:7:9","with great trouble","auto"
"shqq-shq@","ٱلشُّقَّةُ","شُّقَّة","$qq","شقق","šuqqa","noun","shq@","1","9:42:11","the distance","auto"
"shqq-shqaaq","شِقَاقٍۢ","شِقَاق","$qq","شقق","šiqāq","noun","shqaaq","7","2:137:14","schism","auto"
"shqq-shqq","أَشُقَّ","شَقَقْ","$qq","شقق","šaqaq","verb","shqq","2","28:27:22","make it difficult","auto"
"shqq-yshqq","يَشَّقَّقُ","يَشَّقَّقُ","$qq","شقق","yaššaqqaqu","verb","yshqq","3","2:74:22","split","auto"
"shqw-a2shqy","ٱلْأَشْقَى","أَشْقَى","$qw","شقو","ʾašqā","noun","a2shqy","3","87:11:2","the wretched one","auto"
"shqw-shq","شَقُوا۟","شَقُ","$qw","شقو","šaqu","verb","shq","4","11:106:3","were wretched","auto"
"shqw-shqwt","شِقْوَتُنَا","شِقْوَت","$qw","شقو","šiqwat","noun","shqwt","1","23:106:5","our wretchedness","auto"
"shqw-shqy","شَقِىٌّۭ","شَقِيّ","$qw","شقو","šaqīy","noun","shqy","4","11:105:9","unblessed","auto"
"shr-saahr@","بِٱلسَّاهِرَةِ","سَّاهِرَة","shr","سهر","sāhira","noun","saahr@","1","79:14:3","(will be) awakened","auto"
"shrH-shrH","يَشْرَحْ","شَرَحَ","$rH","شرح","šaraḥa","verb","shrH","5","6:125:6","He expands","auto"
"shrT-a2shraaT","أَشْرَاطُهَا","أَشْرَاط","$rT","شرط","ʾašrāṭ","noun","a2shraaT","1","47:18:10","its indications","auto"
"shra-shra","شُرَّعًۭا","شُرَّع","$rE","شرع","šurraʿ","noun","shra","3","7:163:17","visibly","auto"
"shra-shra@","شِرْعَةًۭ","شِرْعَة","$rE","شرع","širʿa","noun","shra@","1","5:48:28","a law","auto"
"shra-shrya@","شَرِيعَةٍۢ","شَرِيعَة","$rE","شرع","šarīʿa","noun","shrya@","1","45:18:4","an ordained way","auto"
"shrb-a2shrb","وَأُشْرِبُوا۟","أُشْرِبُ","$rb","شرب","ʾušribu","verb","a2shrb","1","2:93:15","And they were made to drink","auto"
"shrb-mshrb","مَّشْرَبَهُمْ","مَّشْرَب","$rb","شرب","mašrab","noun","mshrb","3","2:60:18","their drinking place","auto"
"shrb-shraab","وَشَرَابِكَ","شَرَاب","$rb","شرب","šarāb","noun","shraab","11","2:259:40","(will be) a drink","auto"
"shrb-shrb","وَٱشْرَبُوا۟","شَرِبَ","$rb","شرب","šariba","verb","shrb","19","2:60:20","and drink","auto"
"shrb-shrbyn","لِّلشَّٰرِبِينَ","شَّٰرِبِين","$rb","شرب","šāribīn","noun","shrbyn","5","16:66:17","to the drinkers","auto"
"shrd-shrd","فَشَرِّدْ","شَرِّدْ","$rd","شرد","šarrid","verb","shrd","1","8:57:5","disperse","auto"
"shrdhm-shrdhm@","لَشِرْذِمَةٌۭ","شِرْذِمَة","$r*m","شرذم","širḏima","noun","shrdhm@","1","26:54:3","(are) certainly a band","auto"
"shrk-a2shrk","أَشْرَكُوا۟","أَشْرَكَ","$rk","شرك","ʾašraka","verb","a2shrk","71","2:96:8","they associate (with Him)","auto"
"shrk-mshrk","ٱلْمُشْرِكِينَ","مُشْرِك","$rk","شرك","mušrik","noun","mshrk","44","2:105:9","the polytheists","auto"
"shrk-mshrk@","مُّشْرِكَةٍۢ","مُشْرِكَة","$rk","شرك","mušrika","noun","mshrk@","2","2:221:10","a polytheistic woman","auto"
"shrk-mshrkt","ٱلْمُشْرِكَٰتِ","مُشْرِكَٰت","$rk","شرك","mušrikāt","noun","mshrkt","3","2:221:3","and the polytheist women","auto"
"shrk-mshtrkwn","مُشْتَرِكُونَ","مُشْتَرِكُون","$rk","شرك","muštarikūn","noun","mshtrkwn","2","37:33:5","(will be) sharers","auto"
"shrk-shaark","وَشَارِكْهُمْ","شَارِكْ","$rk","شرك","šārik","verb","shaark","1","17:64:10","and be a partner","auto"
"shrk-shrk","ٱلشِّرْكَ","شِرْك","$rk","شرك","širk","noun","shrk","5","31:13:12","associating partners","auto"
"shrk-shryk","شُرَكَآءُ","شَرِيك","$rk","شرك","šarīk","noun","shryk","40","4:12:71","partners","auto"
"shrq-a2shrqt","وَأَشْرَقَتِ","أَشْرَقَتِ","$rq","شرق","ʾašraqati","verb","a2shrqt","1","39:69:1","And (will) shine","auto"
"shrq-i2shraaq","وَٱلْإِشْرَاقِ","إِشْرَاق","$rq","شرق","ʾišrāq","noun","i2shraaq","1","38:18:7","and [the] sunrise","auto"
"shrq-mshrq","ٱلْمَشْرِقُ","مَشْرِق","$rq","شرق","mašriq","noun","mshrq","11","2:115:2","(is) the east","auto"
"shrq-mshrqyn","مُشْرِقِينَ","مُّشْرِقِين","$rq","شرق","mušriqīn","noun","mshrqyn","2","15:73:3","at sunrise","auto"
"shrq-shrqy","شَرْقِيًّۭا","شَرْقِيّ","$rq","شرق","šarqīy","adjective","shrqy","1","19:16:10","eastern","auto"
"shrq-shrqy@","شَرْقِيَّةٍۢ","شَرْقِيَّة","$rq","شرق","šarqīya","noun","shrqy@","1","24:35:23","(of the) east","auto"
"shrr-shr","شَرٌّۭ","شَرّ","$rr","شرر","šarr","noun","shr","30","2:216:19","the evil","auto"
"shrr-shrr","بِشَرَرٍۢ","شَرَر","$rr","شرر","šarar","noun","shrr","1","77:32:3","sparks","auto"
"shry-aashtry","ٱشْتَرَوُا۟","ٱشْتَرَىٰ","$ry","شري","āštarāā","verb","aashtry","21","2:16:3","exchange","auto"
"shry-shr","شَرَوْا۟","شَرَ","$ry","شري","šara","verb","shr","4","2:102:69","they sold","auto"
"shtt-a2shtaat","أَشْتَاتًۭا","أَشْتَات","$tt","شتت","ʾaštāt","noun","a2shtaat","2","24:61:57","separately","auto"
"shtt-shty","شَتَّىٰ","شَتَّىٰ","$tt","شتت","šattāā","adjective","shty","3","20:53:19","diverse","auto"
"shtw-shtaa2","ٱلشِّتَآءِ","شِّتَأء","$tw","شتو","šitāʾ","noun","shtaa2","1","106:2:3","(of) winter","auto"
"shw-saahwn","سَاهُونَ","سَاهُون","shw","سهو","sāhūn","noun","saahwn","2","51:11:5","(of) heedlessness","auto"
"shwZ-shwaaZ","شُوَاظٌۭ","شُوَاظ","$wZ","شوظ","šuwāẓ","noun","shwaaZ","1","55:35:3","a flame","auto"
"shwb-shwb","لَشَوْبًۭا","شَوْب","$wb","شوب","šawb","noun","shwb","1","37:67:5","(is) a mixture","auto"
"shwk-shwk@","ٱلشَّوْكَةِ","شَّوْكَة","$wk","شوك","šawka","noun","shwk@","1","8:7:12","(of) the armed","auto"
"shwr-a2shaart","فَأَشَارَتْ","أَشَارَتْ","$wr","شور","ʾašārat","verb","a2shaart","1","19:29:1","Then she pointed","auto"
"shwr-shaawr","وَشَاوِرْهُمْ","شَاوِرْ","$wr","شور","šāwir","verb","shaawr","1","3:159:19","and consult them","auto"
"shwr-shwry","شُورَىٰ","شُورَىٰ","$wr","شور","šūrāā","noun","shwry","1","42:38:7","(are conducted by) consultation","auto"
"shwr-tshaawr","وَتَشَاوُرٍۢ","تَشَاوُر","$wr","شور","tašāwur","noun","tshaawr","1","2:233:40","and consultation","auto"
"shwy-shwy","لِّلشَّوَىٰ","شَّوَىٰ","$wy","شوي","šawāā","noun","shwy","1","70:16:2","of the skin of the head","auto"
"shwy-yshwy","يَشْوِى","يَشْوِى","$wy","شوي","yašwiā","verb","yshwy","1","18:29:23","(which) scalds","auto"
"shya-shya@","شِيَعًۭا","شِيعَة","$yE","شيع","šīʿa","noun","shya@","11","6:65:17","(into) sects","auto"
"shya-tshya","تَشِيعَ","تَشِيعَ","$yE","شيع","tašīʿa","verb","tshya","1","24:19:5","(should) spread","auto"
"shyaa-shaa2","شَآءَ","شَأءَ","$yA","شيا","šāʾa","verb","shaa2","236","2:20:15","He wills","auto"
"shyaa-shy2","شَىْءٍۢ","شَىْء","$yA","شيا","šāʾ","noun","shy2","283","2:20:24","thing","auto"
"shyb-shyb","شَيْبًۭا","شَيْب","$yb","شيب","šayb","noun","shyb","2","19:4:9","(with) white","auto"
"shyb-shyb@","وَشَيْبَةًۭ","شَيْبَة","$yb","شيب","šayba","noun","shyb@","1","30:54:18","and gray hair","auto"
"shyd-mshyd","مَّشِيدٍ","مَّشِيد","$yd","شيد","mašīd","noun","mshyd","1","22:45:14","lofty","auto"
"shyd-mshyd@","مُّشَيَّدَةٍۢ","مُّشَيَّدَة","$yd","شيد","mušayyada","noun","mshyd@","1","4:78:9","lofty","auto"
"shykh-shykh","شَيْخًا","شَيْخ","$yx","شيخ","šayḫ","adjective","shykh","4","11:72:8","old","auto"
"sjd-msjd","مَسَٰجِدَ","مَسْجِد","sjd","سجد","masǧid","noun","msjd","28","2:114:5","Al-Masjid","auto"
"sjd-saajd","سُجَّدًۭا","سَاجِد","sjd","سجد","sāǧid","noun","saajd","23","2:58:13","prostrating","auto"
"sjd-sjd","ٱسْجُدُوا۟","سَجَدَ","sjd","سجد","saǧada","verb","sjd","35","2:34:4","Prostrate","auto"
"sjd-sjwd","ٱلسُّجُودِ","سُّجُود","sjd","سجد","suǧūd","adjective","sjwd","6","2:125:22","prostrate","auto"
"sjl-sjl","ٱلسِّجِلِّ","سِّجِلّ","sjl","سجل","siǧill","noun","sjl","1","21:104:5","(of) a scroll","auto"
"sjl-sjyl","سِجِّيلٍۢ","سِجِّيل","sjl","سجل","siǧǧīl","noun","sjyl","3","11:82:11","baked clay","auto"
"sjn-msjwnyn","ٱلْمَسْجُونِينَ","مَسْجُونِين","sjn","سجن","masǧūnīn","noun","msjwnyn","1","26:29:8","those imprisoned","auto"
"sjn-sjn","ٱلسِّجْنُ","سِّجْن","sjn","سجن","siǧn","noun","sjn","6","12:33:3","the prison","auto"
"sjn-sjyn","سِجِّينٍۢ","سِجِّين","sjn","سجن","siǧǧīn","noun","sjyn","2","83:7:6","Sijjin","auto"
"sjn-ysjn","يُسْجَنَ","يُسْجَنَ","sjn","سجن","yusǧana","verb","ysjn","3","12:25:20","he be imprisoned","auto"
"sjr-msjwr","ٱلْمَسْجُورِ","مَسْجُور","sjr","سجر","masǧūr","noun","msjwr","1","52:6:2","filled","auto"
"sjr-sjrt","سُجِّرَتْ","سُجِّرَتْ","sjr","سجر","suǧǧirat","verb","sjrt","1","81:6:3","are made to overflow","auto"
"sjr-ysjr","يُسْجَرُونَ","يُسْجَرُ","sjr","سجر","yusǧaru","verb","ysjr","1","40:72:6","they will be burned","auto"
"sjw-sjy","سَجَىٰ","سَجَىٰ","sjw","سجو","saǧāā","verb","sjy","1","93:2:3","it covers with darkness","auto"
"skb-mskwb","مَّسْكُوبٍۢ","مَّسْكُوب","skb","سكب","maskūb","noun","mskwb","1","56:31:2","poured forth","auto"
"skhT-a2skhT","أَسْخَطَ","أَسْخَطَ","sxT","سخط","ʾasḫaṭa","verb","a2skhT","1","47:28:5","angered","auto"
"skhT-skhT","بِسَخَطٍۢ","سَخَط","sxT","سخط","saḫaṭ","noun","skhT","3","3:162:7","on (himself) wrath","auto"
"skhr-mskhr","ٱلْمُسَخَّرِ","مُسَخَّر","sxr","سخر","musaḫḫar","adjective","mskhr","1","2:164:37","[the] controlled","auto"
"skhr-mskhrt","مُسَخَّرَٰتٍۭ","مُسَخَّرَٰت","sxr","سخر","musaḫḫarāt","noun","mskhrt","3","7:54:23","subjected","auto"
"skhr-skhr","وَيَسْخَرُونَ","سَخِرَ","sxr","سخر","saḫira","verb","skhr","33","2:212:6","and subjected","auto"
"skhr-skhry","سِخْرِيًّا","سِخْرِيّ","sxr","سخر","siḫrīy","noun","skhry","3","23:110:2","(in) mockery","auto"
"skhr-skhryn","ٱلسَّٰخِرِينَ","سَّٰخِرِين","sxr","سخر","sāḫirīn","noun","skhryn","1","39:56:14","the mockers","auto"
"skhr-ystskhr","يَسْتَسْخِرُونَ","يَسْتَسْخِرُ","sxr","سخر","yastasḫiru","verb","ystskhr","1","37:14:4","they mock","auto"
"skn-a2skn","وَلَنُسْكِنَنَّكُمُ","أَسْكَن","skn","سكن","ʾaskan","verb","a2skn","5","14:14:1","And surely We will make you dwell","auto"
"skn-mskn","وَمَسَٰكِنُ","مَسْكَن","skn","سكن","maskan","noun","mskn","12","9:24:14","their dwellings","auto"
"skn-mskn@","وَٱلْمَسْكَنَةُ","مَسْكَنَة","skn","سكن","maskana","noun","mskn@","2","2:61:40","and the misery","auto"
"skn-mskwn@","مَسْكُونَةٍۢ","مَسْكُونَة","skn","سكن","maskūna","noun","mskwn@","1","24:29:8","inhabited","auto"
"skn-mskyn","وَٱلْمَسَٰكِينِ","مِسْكِين","skn","سكن","miskīn","noun","mskyn","23","2:83:15","and the needy","auto"
"skn-saakn","سَاكِنًۭا","سَاكِن","skn","سكن","sākin","noun","saakn","1","25:45:11","stationary","auto"
"skn-skn","ٱسْكُنْ","سَكَنَ","skn","سكن","sakana","verb","skn","18","2:35:3","Dwell","auto"
"skn-skyn","سِكِّينًۭا","سِكِّين","skn","سكن","sikkīn","noun","skyn","1","12:31:13","a knife","auto"
"skn-skyn@","سَكِينَةٌۭ","سَكِينَة","skn","سكن","sakīna","noun","skyn@","6","2:248:11","His tranquility","auto"
"skr-skr","سَكَرًۭا","سَكَر","skr","سكر","sakar","noun","skr","1","16:67:7","intoxicant","auto"
"skr-skr@","سَكْرَتِهِمْ","سَكْرَة","skr","سكر","sakra","noun","skr@","2","15:72:4","their intoxication","auto"
"skr-skrt","سُكِّرَتْ","سُكِّرَتْ","skr","سكر","sukkirat","verb","skrt","1","15:15:3","have been dazzled","auto"
"skr-skry","سُكَٰرَىٰ","سُكَٰرَىٰ","skr","سكر","sukārāā","noun","skry","3","4:43:8","(are) intoxicated","auto"
"skt-skt","سَكَتَ","سَكَتَ","skt","سكت","sakata","verb","skt","1","7:154:2","was calmed","auto"
"slH-a2slHt","أَسْلِحَتَهُمْ","أَسْلِحَت","slH","سلح","ʾasliḥat","noun","a2slHt","4","4:102:12","your arms","auto"
"slT-slT","لَسَلَّطَهُمْ","سَلَّطَ","slT","سلط","sallaṭa","verb","slT","2","4:90:21","surely He (would have) given them power","auto"
"slT-slTn","سُلْطَٰنًۭا","سُلْطَٰن","slT","سلط","sulṭān","noun","slTn","37","3:151:14","an authority","auto"
"slb-yslb","يَسْلُبْهُمُ","يَسْلُبْ","slb","سلب","yaslub","verb","yslb","1","22:73:20","snatched away from them","auto"
"slf-a2slft","أَسْلَفَتْ","أَسْلَفَتْ","slf","سلف","ʾaslafat","verb","a2slft","2","10:30:6","it did previously","auto"
"slf-slf","سَلَفَ","سَلَفَ","slf","سلف","salafa","verb","slf","6","2:275:34","(has) passed","auto"
"slk-slk","نَسْلُكُهُۥ","سَلَكَ","slk","سلك","salaka","verb","slk","12","15:12:2","We let it enter","auto"
"slkh-aanslkh","فَٱنسَلَخَ","ٱنسَلَخَ","slx","سلخ","ānsalaḫa","verb","aanslkh","2","7:175:7","but he detached","auto"
"slkh-nslkh","نَسْلَخُ","نَسْلَخُ","slx","سلخ","naslaḫu","verb","nslkh","1","36:37:4","We withdraw","auto"
"sll-sll@","سُلَٰلَةٍۢ","سُلَٰلَة","sll","سلل","sulāla","noun","sll@","2","23:12:5","an essence","auto"
"sll-ytsll","يَتَسَلَّلُونَ","يَتَسَلَّلُ","sll","سلل","yatasallalu","verb","ytsll","1","24:63:13","slip away","auto"
"slm-a2slm","أَسْلَمَ","أَسْلَمَ","slm","سلم","ʾaslama","verb","a2slm","22","2:112:3","submits","auto"
"slm-i2slm","ٱلْإِسْلَٰمُ","إِسْلَٰم","slm","سلم","ʾislām","proper-noun","i2slm","8","3:19:5","[the] Islam","auto"
"slm-mslm","مُسْلِمَيْنِ","مُسْلِم","slm","سلم","muslim","noun","mslm","39","2:128:3","Muslims","auto"
"slm-mslm@","مُسَلَّمَةٌۭ","مُّسَلَّمَة","slm","سلم","musallama","adjective","mslm@","4","2:71:13","(is to be) paid","auto"
"slm-mslmt","وَٱلْمُسْلِمَٰتِ","مُسْلِمَٰت","slm","سلم","muslimāt","noun","mslmt","2","33:35:3","and the Muslim women","auto"
"slm-mstslmwn","مُسْتَسْلِمُونَ","مُسْتَسْلِمُون","slm","سلم","mustaslimūn","noun","mstslmwn","1","37:26:4","(will) surrender","auto"
"slm-slm","ٱلسِّلْمِ","سِّلْم","slm","سلم","silm","proper-noun","slm","58","2:208:6","Peace","auto"
"slm-slmwn","سَٰلِمُونَ","سَٰلِمُون","slm","سلم","sālimūn","noun","slmwn","1","68:43:11","(were) sound","auto"
"slm-slym","سَلِيمٍۢ","سَلِيم","slm","سلم","salīm","noun","slym","2","26:89:6","sound","auto"
"slm-tslym","تَسْلِيمًۭا","تَسْلِيم","slm","سلم","taslīm","noun","tslym","3","4:65:19","(in full) submission","auto"
"slq-slq","سَلَقُوكُم","سَلَقُ","slq","سلق","salaqu","verb","slq","1","33:19:19","they smite you","auto"
"slsl-slsl@","وَٱلسَّلَٰسِلُ","سِلْسِلَة","slsl","سلسل","silsila","noun","slsl@","3","40:71:5","and the chains","auto"
"slw-slwy","وَٱلسَّلْوَىٰ","سَّلْوَىٰ","slw","سلو","salwāā","noun","slwy","3","2:57:7","and the quails","auto"
"sma-a2sma","لَّأَسْمَعَهُمْ","أَسْمَعَ","smE","سمع","ʾasmaʿa","verb","a2sma","13","8:23:6","cause to hear","auto"
"sma-aastma","يَسْتَمِعُ","ٱسْتَمَعَ","smE","سمع","āstamaʿa","verb","aastma","16","6:25:3","listen","auto"
"sma-msma","مُسْمَعٍۢ","مُسْمَع","smE","سمع","musmaʿ","noun","msma","2","4:46:13","to be heard","auto"
"sma-mstma","مُّسْتَمِعُونَ","مُسْتَمِع","smE","سمع","mustamiʿ","noun","mstma","2","26:15:7","listening","auto"
"sma-sma","سَمْعِهِمْ","سَمْع","smE","سمع","samʿ","noun","sma","100","2:7:6","hear","auto"
"sma-smawn","سَمَّٰعُونَ","سَمَّٰعُون","smE","سمع","sammāʿūn","noun","smawn","4","5:41:20","They (are) listeners","auto"
"sma-smya","ٱلسَّمِيعُ","سَمِيع","smE","سمع","samīʿ","noun","smya","47","2:127:13","(is) All-Hearer","auto"
"sma-ysma","يَسَّمَّعُونَ","يَسَّمَّعُ","smE","سمع","yassammaʿu","verb","ysma","1","37:8:2","they may listen","auto"
"smd-smdwn","سَٰمِدُونَ","سَٰمِدُون","smd","سمد","sāmidūn","noun","smdwn","1","53:61:2","amuse (yourselves)","auto"
"smk-smk","سَمْكَهَا","سَمْك","smk","سمك","samk","noun","smk","1","79:28:2","its ceiling","auto"
"smm-sm","سَمِّ","سَمّ","smm","سمم","samm","noun","sm","1","7:40:19","(the) eye","auto"
"smm-smwm","ٱلسَّمُومِ","سَمُوم","smm","سمم","samūm","noun","smwm","3","15:27:7","scorching","auto"
"smn-smyn","سِمَانٍۢ","سَمِين","smn","سمن","samīn","adjective","smyn","3","12:43:7","fat","auto"
"smn-ysmn","يُسْمِنُ","يُسْمِنُ","smn","سمن","yusminu","verb","ysmn","1","88:7:2","it nourishes","auto"
"smr-saamry","ٱلسَّامِرِىُّ","سَّامِرِىّ","smr","سمر","sāmiriāā","proper-noun","saamry","3","20:85:9","the Samiri","auto"
"smr-smr","سَٰمِرًۭا","سَٰمِر","smr","سمر","sāmir","noun","smr","1","23:67:3","conversing by night","auto"
"smw-aasm","بِسْمِ","ٱسْم","smw","سمو","āsm","noun","aasm","39","1:1:1","(the) name","auto"
"smw-msmy","مُّسَمًّۭى","مُّسَمًّى","smw","سمو","musammanā","adjective","msmy","21","2:282:9","appointed","auto"
"smw-smaa2","ٱلسَّمَآءِ","سَمَأء","smw","سمو","samāʾ","noun","smaa2","310","2:19:4","the heavens","auto"
"smw-smy","سَمَّيْتُهَا","سَمَّىٰ","smw","سمو","sammāā","verb","smy","10","3:36:16","you have named them","auto"
"smw-tsmy@","تَسْمِيَةَ","تَسْمِيَة","smw","سمو","tasmiya","noun","tsmy@","1","53:27:8","name(s)","auto"
"snbl-snbl","سُنۢبُلِهِۦٓ","سُنبُل","snbl","سنبل","sunbul","noun","snbl","1","12:47:10","its ears","auto"
"snbl-snbl@","سَنَابِلَ","سُنبُلَة","snbl","سنبل","sunbula","noun","snbl@","2","2:261:12","ears","auto"
"snbl-snblt","سُنۢبُلَٰتٍ","سُنبُلَٰت","snbl","سنبل","sunbulāt","noun","snblt","2","12:43:12","ears (of corn)","auto"
"snd-msnd@","مُّسَنَّدَةٌۭ","مُّسَنَّدَة","snd","سند","musannada","adjective","msnd@","1","63:4:11","propped up","auto"
"snh-ytsnh","يَتَسَنَّهْ","يَتَسَنَّهْ","snh","سنه","yatasannah","verb","ytsnh","1","2:259:42","change with time","auto"
"snm-tsnym","تَسْنِيمٍ","تَسْنِيم","snm","سنم","tasnīm","noun","tsnym","1","83:27:3","Tasneem","auto"
"snn-msnwn","مَّسْنُونٍۢ","مَّسْنُون","snn","سنن","masnūn","noun","msnwn","3","15:26:8","altered","auto"
"snn-sn","وَٱلسِّنَّ","سِّنّ","snn","سنن","sinn","noun","sn","2","5:45:13","and the tooth","auto"
"snn-sn@","سُنَنٌۭ","سُنَّة","snn","سنن","sunna","noun","sn@","16","3:137:5","(the) way","auto"
"snw-sn@","سَنَةٍۢ","سَنَة","snw","سنو","sana","noun","sn@","7","2:96:14","year(s)","auto"
"snw-snaa","سَنَا","سَنَا","snw","سنو","sanā","noun","snaa","1","24:43:35","(the) flash","auto"
"snw-snyn","بِٱلسِّنِينَ","سِنِين","snw","سنو","sinīn","noun","snyn","12","7:130:5","years","auto"
"sqT-saaqT","سَاقِطًۭا","سَاقِط","sqT","سقط","sāqiṭ","noun","saaqT","1","52:44:6","falling","auto"
"sqT-sqT","تَسْقُطُ","سُقِطَ","sqT","سقط","suqiṭa","verb","sqT","3","6:59:14","falls","auto"
"sqT-tsqT","تُسْقِطَ","تُسْقِطَ","sqT","سقط","tusqiṭa","verb","tsqT","4","17:92:2","you cause to fall","auto"
"sqf-sqf","ٱلسَّقْفُ","سَقْف","sqf","سقف","saqf","noun","sqf","4","16:26:13","the roof","auto"
"sqm-sqym","سَقِيمٌۭ","سَقِيم","sqm","سقم","saqīm","noun","sqym","2","37:89:3","sick","auto"
"sqy-a2sqy","فَأَسْقَيْنَٰكُمُوهُ","أَسْقَيْ","sqy","سقي","ʾasqay","verb","a2sqy","8","15:22:8","and We gave it to you to drink","auto"
"sqy-aastsqy","ٱسْتَسْقَىٰ","ٱسْتَسْقَىٰ","sqy","سقي","āstasqāā","verb","aastsqy","2","2:60:2","asked (for) water","auto"
"sqy-sqaay@","سِقَايَةَ","سِقَايَة","sqy","سقي","siqāya","noun","sqaay@","2","9:19:2","the providing of water","auto"
"sqy-sqy","تَسْقِى","سَقَىٰ","sqy","سقي","saqāā","verb","sqy","13","2:71:11","water","auto"
"srH-srH","سَرِّحُوهُنَّ","سَرِّحُ","srH","سرح","sarriḥu","verb","srH","3","2:231:9","release them","auto"
"srH-sraaH","سَرَاحًۭا","سَرَاح","srH","سرح","sarāḥ","noun","sraaH","2","33:28:14","(with) a release","auto"
"srH-tsrH","تَسْرَحُونَ","تَسْرَحُ","srH","سرح","tasraḥu","verb","tsrH","1","16:6:7","you take them out","auto"
"srH-tsryH","تَسْرِيحٌۢ","تَسْرِيح","srH","سرح","tasrīḥ","noun","tsryH","1","2:229:6","to release (her)","auto"
"sra-a2sra","أَسْرَعُ","أَسْرَع","srE","سرع","ʾasraʿ","noun","a2sra","2","6:62:11","(is) swiftest","auto"
"sra-sraa","سِرَاعًۭا","سِرَاع","srE","سرع","sirāʿ","noun","sraa","2","50:44:5","hurrying","auto"
"sra-srya","سَرِيعُ","سَرِيع","srE","سرع","sarīʿ","noun","srya","10","2:202:7","(is) swift","auto"
"sra-ysra","وَيُسَٰرِعُونَ","يُسَٰرِعُ","srE","سرع","yusāriʿu","verb","ysra","9","3:114:10","hasten","auto"
"srb-saarb","وَسَارِبٌۢ","سَارِب","srb","سرب","sārib","noun","saarb","1","13:10:13","or goes freely","auto"
"srb-sraab","كَسَرَابٍۭ","سَرَاب","srb","سرب","sarāb","noun","sraab","2","24:39:4","(are) like a mirage","auto"
"srb-srb","سَرَبًۭا","سَرَب","srb","سرب","sarab","noun","srb","1","18:61:11","slipping away","auto"
"srbl-srbyl","سَرَابِيلُهُم","سَرَٰبِيل","srbl","سربل","sarābīl","noun","srbyl","3","14:50:1","Their garments","auto"
"srd-srd","ٱلسَّرْدِ","سَّرْد","srd","سرد","sard","noun","srd","1","34:11:6","the links (of armor)","auto"
"srdq-sraadq","سُرَادِقُهَا","سُرَادِق","srdq","سردق","surādiq","noun","sraadq","1","18:29:17","its walls","auto"
"srf-a2srf","تُسْرِفُوٓا۟","أَسْرَفَ","srf","سرف","ʾasrafa","verb","a2srf","6","6:141:27","(be) extravagant","auto"
"srf-i2sraaf","وَإِسْرَافَنَا","إِسْرَاف","srf","سرف","ʾisrāf","noun","i2sraaf","2","3:147:11","and our excesses","auto"
"srf-msrf","لَمُسْرِفُونَ","مُسْرِف","srf","سرف","musrif","noun","msrf","15","5:32:40","the transgressors","auto"
"srj-sraaj","سِرَٰجًۭا","سِرَاج","srj","سرج","sirāǧ","noun","sraaj","4","25:61:9","a lamp","auto"
"srmd-srmd","سَرْمَدًا","سَرْمَد","srmd","سرمد","sarmad","noun","srmd","2","28:71:8","continuous","auto"
"srq-aastrq","ٱسْتَرَقَ","ٱسْتَرَقَ","srq","سرق","āstaraqa","verb","aastrq","1","15:18:3","steals","auto"
"srq-saarq","وَٱلسَّارِقُ","سَّارِق","srq","سرق","sāriq","noun","saarq","3","5:38:1","And (for) the male thief","auto"
"srq-saarq@","وَٱلسَّارِقَةُ","سَّارِقَة","srq","سرق","sāriqa","noun","saarq@","1","5:38:2","and the female thief","auto"
"srq-srq","يَسْرِقْ","سَرَقَ","srq","سرق","saraqa","verb","srq","4","12:77:3","he steals","auto"
"srr-a2sr","يُسِرُّونَ","أَسَرَّ","srr","سرر","ʾasarra","verb","a2sr","18","2:77:7","they conceal","auto"
"srr-i2sraar","إِسْرَارَهُمْ","إِسْرَار","srr","سرر","ʾisrār","noun","i2sraar","2","47:26:15","their secrets","auto"
"srr-msrwr","مَسْرُورًۭا","مَسْرُور","srr","سرر","masrūr","noun","msrwr","2","84:9:4","happily","auto"
"srr-sr","سِرًّا","سِرّ","srr","سرر","sirr","noun","sr","11","2:235:21","secretly","auto"
"srr-sraa2","ٱلسَّرَّآءِ","سَّرَّأء","srr","سرر","sarrāʾ","noun","sraa2","2","3:134:4","[the] ease","auto"
"srr-sraay2r","ٱلسَّرَآئِرُ","سَّرَأئِر","srr","سرر","sarāʾir","noun","sraay2r","1","86:9:3","the secrets","auto"
"srr-srr","سُرُرٍۢ","سُرُر","srr","سرر","surur","noun","srr","6","15:47:9","thrones","auto"
"srr-srwr","وَسُرُورًۭا","سُرُور","srr","سرر","surūr","noun","srwr","1","76:11:8","and happiness","auto"
"srr-tsr","تَسُرُّ","تَسُرُّ","srr","سرر","tasurru","verb","tsr","1","2:69:17","pleasing","auto"
"sry-a2sry","فَأَسْرِ","أَسْرَىٰ","sry","سري","ʾasrāā","verb","a2sry","6","11:81:9","So travel","auto"
"sry-sry","سَرِيًّۭا","سَرِيّ","sry","سري","sarīy","noun","sry","1","19:24:10","a stream","auto"
"sry-ysr","يَسْرِ","يَسْرِ","sry","سري","yasri","verb","ysr","1","89:4:3","it passes","auto"
"str-mstwr","مَّسْتُورًۭا","مَّسْتُور","str","ستر","mastūr","noun","mstwr","1","17:45:12","hidden","auto"
"str-str","سِتْرًۭا","سِتْر","str","ستر","sitr","noun","str","1","18:90:15","any shelter","auto"
"str-tsttr","تَسْتَتِرُونَ","تَسْتَتِرُ","str","ستر","tastatiru","verb","tsttr","1","41:22:3","covering yourselves","auto"
"stt-st@","سِتَّةِ","سِتَّة","stt","ستت","sitta","noun","st@","7","7:54:9","six","auto"
"stt-styn","سِتِّينَ","سِتِّين","stt","ستت","sittīn","noun","styn","1","58:4:15","(of) sixty","auto"
"swH-saaHt","بِسَاحَتِهِمْ","سَاحَت","swH","سوح","sāḥat","noun","saaHt","1","37:177:3","in their territory","auto"
"swT-swT","سَوْطَ","سَوْط","swT","سوط","sawṭ","noun","swT","1","89:13:4","scourge","auto"
"swa-saa@","ٱلسَّاعَةُ","سَاعَة","swE","سوع","sāʿa","noun","saa@","48","6:31:10","the Hour","auto"
"swa-swaa","سُوَاعًۭا","سُوَاع","swE","سوع","suwāʿ","proper-noun","swaa","1","71:23:9","Suwa","auto"
"swaa-a2saa2","أَسَأْتُمْ","أَسَأءَ","swA","سوا","ʾasāʾa","verb","a2saa2","5","17:7:6","does evil","auto"
"swaa-a2swa2","أَسْوَأَ","أَسْوَأ","swA","سوا","ʾaswaʾ","noun","a2swa2","2","39:35:4","(the) worst","auto"
"swaa-msy2","ٱلْمُسِىٓءُ","مُسِىٔء","swA","سوا","musiāʾ","noun","msy2","1","40:58:10","the evildoer","auto"
"swaa-saa2","تَسُؤْهُمْ","سَأءَ","swA","سوا","sāʾa","verb","saa2","30","3:120:4","evil","auto"
"swaa-sw2","سُوٓءَ","سُؤء","swA","سوا","sūʾ","noun","sw2","59","2:49:7","evil","auto"
"swaa-sw2@","سَوْءَةَ","سَوْءَة","swA","سوا","sawʾa","noun","sw2@","2","5:31:10","(the) dead body","auto"
"swaa-sw2t","سَوْءَٰتِهِمَا","سَوْءَٰت","swA","سوا","sawʾāt","noun","sw2t","5","7:20:10","their shame","auto"
"swaa-swa2y","ٱلسُّوٓأَىٰٓ","سُّؤأَىٰٔ","swA","سوا","sūʾāā","noun","swa2y","1","30:10:6","the evil","auto"
"swaa-syaat","سَيِّـَٔاتِكُمْ","سَيِّـَٕات","swA","سوا","sayyiāt","noun","syaat","36","2:271:16","the evil deeds","auto"
"swaa-syy2","سَيِّئًا","سَيِّئ","swA","سوا","sayyiʾ","adjective","syy2","4","9:102:8","(of) the evil","auto"
"swaa-syy2@","سَيِّئَةًۭ","سَيِّئَة","swA","سوا","sayyiʾa","noun","syy2@","22","2:81:4","the evil","auto"
"swd-a2swd","ٱلْأَسْوَدِ","أَسْوَد","swd","سود","ʾaswad","adjective","a2swd","1","2:187:40","[the] black","auto"
"swd-aaswdt","وَتَسْوَدُّ","ٱسْوَدَّتْ","swd","سود","āswaddat","verb","aaswdt","2","3:106:4","and would become black","auto"
"swd-mswd","مُسْوَدًّۭا","مُسْوَدّ","swd","سود","muswadd","noun","mswd","2","16:58:7","dark","auto"
"swd-mswd@","مُّسْوَدَّةٌ","مُّسْوَدَّة","swd","سود","muswadda","adjective","mswd@","1","39:60:9","(will be) blackened","auto"
"swd-swd","سُودٌۭ","سُود","swd","سود","sūd","adjective","swd","1","35:27:22","and intensely black","auto"
"swd-syd","وَسَيِّدًۭا","سَيِّد","swd","سود","sayyid","noun","syd","3","3:39:16","and a noble","auto"
"swgh-saay2gh","سَآئِغًۭا","سَأئِغ","swg","سوغ","sāʾiġ","noun","saay2gh","2","16:66:16","palatable","auto"
"swgh-ysygh","يُسِيغُهُۥ","يُسِيغُ","swg","سوغ","yusīġu","verb","ysygh","1","14:17:4","(to) swallowing it","auto"
"swl-swl","سَوَّلَتْ","سَوَّلَ","swl","سول","sawwala","verb","swl","4","12:18:8","has enticed you","auto"
"swm-mswm@","ٱلْمُسَوَّمَةِ","مُّسَوَّمَة","swm","سوم","musawwama","adjective","mswm@","3","3:14:14","Marked","auto"
"swm-mswmyn","مُسَوِّمِينَ","مُسَوِّمِين","swm","سوم","musawwimīn","noun","mswmyn","1","3:125:15","[the ones] having marks","auto"
"swm-sym","بِسِيمَٰهُمْ","سِيمَٰ","swm","سوم","sīmā","noun","sym","6","2:273:18","by their marks","auto"
"swm-tsym","تُسِيمُونَ","تُسِيمُ","swm","سوم","tusīmu","verb","tsym","1","16:10:13","you pasture your cattle","auto"
"swm-yswm","يَسُومُونَكُمْ","يَسُومُ","swm","سوم","yasūmu","verb","yswm","4","2:49:6","(who were) afflicting you (with)","auto"
"swq-msaaq","ٱلْمَسَاقُ","مَسَاق","swq","سوق","masāq","noun","msaaq","1","75:30:4","(will be) the driving","auto"
"swq-saaq","سَاقَيْهَا","سَاق","swq","سوق","sāq","noun","saaq","4","27:44:11","her shins","auto"
"swq-saay2q","سَآئِقٌۭ","سَأئِق","swq","سوق","sāʾiq","noun","saay2q","1","50:21:5","a driver","auto"
"swq-swq","ٱلْأَسْوَاقِ","سُّوق","swq","سوق","sūq","noun","swq","4","25:7:9","the markets","auto"
"swq-syq","سُقْنَٰهُ","سِيقَ","swq","سوق","sīqa","verb","syq","7","7:57:14","And (will) be driven","auto"
"swr-a2saawr","أَسَاوِرَ","أَسَاوِر","swr","سور","ʾasāwir","noun","a2saawr","5","18:31:12","bracelets","auto"
"swr-swr","بِسُورٍۢ","سُور","swr","سور","sūr","noun","swr","1","57:13:18","a wall","auto"
"swr-swr@","بِسُورَةٍۢ","سُورَة","swr","سور","sūra","noun","swr@","10","2:23:10","a Surah","auto"
"swr-tswr","تَسَوَّرُوا۟","تَسَوَّرُ","swr","سور","tasawwaru","verb","tswr","1","38:21:6","they climbed over the wall","auto"
"swy-aastwy","ٱسْتَوَىٰٓ","ٱسْتَوَىٰٔ","swy","سوي","āstawāā","verb","aastwy","35","2:29:10","equal","auto"
"swy-saawy","سَاوَىٰ","سَاوَىٰ","swy","سوي","sāwāā","verb","saawy","1","18:96:6","he (had) leveled","auto"
"swy-swaa2","سَوَآءٌ","سَوَأء","swy","سوي","sawāʾ","noun","swaa2","27","2:6:4","equal","auto"
"swy-swy","فَسَوَّىٰهُنَّ","سَوَّىٰ","swy","سوي","sawwāā","verb","swy","19","2:29:13","even","auto"
"swy-tswy","تُسَوَّىٰ","تُسَوَّىٰ","swy","سوي","tusawwāā","verb","tswy","1","4:42:8","was leveled","auto"
"syH-sy2Ht","سَٰٓئِحَٰتٍۢ","سَٰٔئِحَٰت","syH","سيح","sāʾiḥāt","adjective","sy2Ht","1","66:5:15","who fast","auto"
"syH-sy2Hwn","ٱلسَّٰٓئِحُونَ","سَّٰٔئِحُون","syH","سيح","sāʾiḥūn","noun","sy2Hwn","1","9:112:4","those who go out","auto"
"syH-syH","فَسِيحُوا۟","سِيحُ","syH","سيح","sīḥu","verb","syH","1","9:2:1","So move about","auto"
"syb-saay2b@","سَآئِبَةٍۢ","سَأئِبَة","syb","سيب","sāʾiba","noun","saay2b@","1","5:103:7","a Saibah","auto"
"syl-a2sl","وَأَسَلْنَا","أَسَلْ","syl","سيل","ʾasal","verb","a2sl","1","34:12:7","and We caused to flow","auto"
"syl-saalt","فَسَالَتْ","سَالَتْ","syl","سيل","sālat","verb","saalt","1","13:17:5","and flows","auto"
"syl-syl","ٱلسَّيْلُ","سَيْل","syl","سيل","sayl","noun","syl","2","13:17:9","the torrent","auto"
"syr-saar","فَسِيرُوا۟","سَارَ","syr","سير","sāra","verb","saar","16","3:137:6","Travel","auto"
"syr-syaar@","وَلِلسَّيَّارَةِ","سَيَّارَة","syr","سير","sayyāra","noun","syaar@","3","5:96:8","and for the travelers","auto"
"syr-syr","ٱلسَّيْرَ","سَيْر","syr","سير","sayr","noun","syr","2","34:18:12","the journey","auto"
"syr-syrt","يُسَيِّرُكُمْ","سُيِّرَتْ","syr","سير","suyyirat","verb","syrt","6","10:22:3","enables you to travel","auto"
"tHt-tHt","تَحْتِهَا","تَحْت","tHt","تحت","taḥt","noun","tHt","51","2:25:11","underneath it","auto"
"tas-tas","فَتَعْسًۭا","تَعْس","tEs","تعس","taʿs","noun","tas","1","47:8:3","destruction (is)","auto"
"tba-a2tba","يُتْبِعُونَ","أَتْبَعَ","tbE","تبع","ʾatbaʿa","verb","a2tba","15","2:262:9","And they were followed","auto"
"tba-aatba","وَٱتَّبَعُوا۟","ٱتَّبَعَ","tbE","تبع","āttabaʿa","verb","aatba","136","2:102:1","follow","auto"
"tba-aatbaa","فَٱتِّبَاعٌۢ","ٱتِّبَاع","tbE","تبع","āttibāʿ","noun","aatbaa","2","2:178:21","then follows up","auto"
"tba-mtbawn","مُّتَّبَعُونَ","مُّتَّبَعُون","tbE","تبع","muttabaʿūn","noun","mtbawn","2","26:52:8","(will be) followed","auto"
"tba-mttaabayn","مُتَتَابِعَيْنِ","مُتَتَابِعَيْن","tbE","تبع","mutatābiʿayn","adjective","mttaabayn","2","4:92:53","consecutively","auto"
"tba-taaba","بِتَابِعٍۢ","تَابِع","tbE","تبع","tābiʿ","noun","taaba","3","2:145:13","a follower","auto"
"tba-tba","تَبِعَ","تَبِعَ","tbE","تبع","tabiʿa","verb","tba","11","2:38:10","follows","auto"
"tba-tbya","تَبِيعًۭا","تَبِيع","tbE","تبع","tabīʿ","noun","tbya","1","17:69:22","an avenger","auto"
"tbb-tb","بِسْمِ","تَبَّ","tbb","تبب","tabba","verb","tb","2","111:1:1","Perish","auto"
"tbb-tbaab","تَبَابٍۢ","تَبَاب","tbb","تبب","tabāb","noun","tbaab","1","40:37:23","ruin","auto"
"tbb-ttbyb","تَتْبِيبٍۢ","تَتْبِيب","tbb","تبب","tatbīb","noun","ttbyb","1","11:101:24","ruin","auto"
"tbr-mtbr","مُتَبَّرٌۭ","مُتَبَّر","tbr","تبر","mutabbar","noun","mtbr","1","7:139:3","destroyed","auto"
"tbr-tbaar","تَبَارًۢا","تَبَار","tbr","تبر","tabār","noun","tbaar","1","71:28:15","(in) destruction","auto"
"tbr-tbr","وَلِيُتَبِّرُوا۟","تَبَّرْ","tbr","تبر","tabbar","verb","tbr","2","17:7:20","and to destroy","auto"
"tbr-ttbyr","تَتْبِيرًا","تَتْبِير","tbr","تبر","tatbīr","noun","ttbyr","2","17:7:23","(with) destruction","auto"
"tfth-tfth","تَفَثَهُمْ","تَفَث","tfv","تفث","tafaṯ","noun","tfth","1","22:29:3","their prescribed duties","auto"
"thab-thabaan","ثُعْبَانٌۭ","ثُعْبَان","vEb","ثعب","ṯuʿbān","noun","thabaan","2","7:107:5","(was) a serpent","auto"
"thbT-thbT","فَثَبَّطَهُمْ","ثَبَّطَ","vbT","ثبط","ṯabbaṭa","verb","thbT","1","9:46:11","so He made them lag behind","auto"
"thbr-mthbwr","مَثْبُورًۭا","مَثْبُور","vbr","ثبر","maṯbūr","noun","mthbwr","1","17:102:15","(you are) destroyed","auto"
"thbr-thbwr","ثُبُورًۭا","ثُبُور","vbr","ثبر","ṯubūr","noun","thbwr","4","25:13:9","(for) destruction","auto"
"thbt-aathbt","فَٱثْبُتُوا۟","ٱثْبُتُ","vbt","ثبت","āṯbutu","verb","aathbt","1","8:45:7","then be firm","auto"
"thbt-thaabt","ثَابِتٌۭ","ثَابِت","vbt","ثبت","ṯābit","noun","thaabt","2","14:24:12","(is) firm","auto"
"thbt-thbt","وَثَبِّتْ","ثَبَّتْ","vbt","ثبت","ṯabbat","verb","thbt","10","2:250:10","and make firm","auto"
"thbt-thbwt","ثُبُوتِهَا","ثُبُوت","vbt","ثبت","ṯubūt","noun","thbwt","1","16:94:9","it is firmly planted","auto"
"thbt-tthbyt","وَتَثْبِيتًۭا","تَثْبِيت","vbt","ثبت","taṯbīt","noun","tthbyt","2","2:265:8","and certainty","auto"
"thbt-ythbt","لِيُثْبِتُوكَ","يُثْبِتُ","vbt","ثبت","yuṯbitu","verb","ythbt","2","8:30:6","that they restrain you","auto"
"thby-thbaat","ثُبَاتٍ","ثُبَات","vby","ثبي","ṯubāt","noun","thbaat","1","4:71:7","(in) groups","auto"
"thjj-thjaaj","ثَجَّاجًۭا","ثَجَّاج","vjj","ثجج","ṯaǧǧāǧ","adjective","thjaaj","1","78:14:5","pouring abundantly","auto"
"thkhn-a2thkhn","يُثْخِنَ","أَثْخَن","vxn","ثخن","ʾaṯḫan","verb","a2thkhn","2","8:67:9","he has battled strenuously","auto"
"thll-thl@","ثُلَّةٌۭ","ثُلَّة","vll","ثلل","ṯulla","noun","thl@","3","56:13:1","A company","auto"
"thlth-thaalth","ثَالِثُ","ثَالِث","vlv","ثلث","ṯāliṯ","noun","thaalth","2","5:73:7","(is the) third","auto"
"thlth-thaalth@","ٱلثَّالِثَةَ","ثَّالِثَة","vlv","ثلث","ṯāliṯa","noun","thaalth@","1","53:20:2","the third","auto"
"thlth-thlth","وَثُلَٰثَ","ثُلَٰث","vlv","ثلث","ṯulāṯ","noun","thlth","15","4:3:14","or three","auto"
"thlth-thlth@","ثَلَٰثَةِ","ثَلَٰثَة","vlv","ثلث","ṯalāṯa","noun","thlth@","13","2:196:49","(for) three","auto"
"thmn-thaamn","وَثَامِنُهُمْ","ثَامِن","vmn","ثمن","ṯāmin","noun","thaamn","1","18:22:13","and the eight of them","auto"
"thmn-thmn","ثَمَنًۭا","ثَمَن","vmn","ثمن","ṯaman","noun","thmn","12","2:41:15","(for) a price","auto"
"thmn-thmny","ثَمَٰنِىَ","ثَمَٰنِى","vmn","ثمن","ṯamāniā","noun","thmny","1","28:27:12","(for) eight","auto"
"thmn-thmny@","ثَمَٰنِيَةَ","ثَمَٰنِيَة","vmn","ثمن","ṯamāniya","noun","thmny@","3","6:143:1","eight","auto"
"thmn-thmnyn","ثَمَٰنِينَ","ثَمَٰنِين","vmn","ثمن","ṯamānīn","noun","thmnyn","1","24:4:10","(with) eighty","auto"
"thmr-a2thmr","أَثْمَرَ","أَثْمَرَ","vmr","ثمر","ʾaṯmara","verb","a2thmr","2","6:99:37","it bears fruit","auto"
"thmr-thmr","ثَمَرِهِۦٓ","ثَمَر","vmr","ثمر","ṯamar","noun","thmr","5","6:99:35","its fruit","auto"
"thmr-thmr@","ثَمَرَةٍۢ","ثَمَرَة","vmr","ثمر","ṯamara","noun","thmr@","1","2:25:17","fruit","auto"
"thmr-thmrt","ٱلثَّمَرَٰتِ","ثَمَرَٰت","vmr","ثمر","ṯamarāt","noun","thmrt","16","2:22:15","fruits","auto"
"thny-aathntyn","ٱثْنَتَا","ٱثْنَتَيْن","vny","ثني","āṯnatayn","noun","aathntyn","7","2:60:11","two","auto"
"thny-aathnyn","ٱثْنَىْ","ٱثْنَيْن","vny","ثني","āṯnayn","noun","aathnyn","13","5:12:9","two","auto"
"thny-mthaany","ٱلْمَثَانِى","مَّثَانِى","vny","ثني","maṯāniā","noun","mthaany","2","15:87:5","the oft-repeated","auto"
"thny-mthny","مَثْنَىٰ","مَثْنَىٰ","vny","ثني","maṯnāā","noun","mthny","3","4:3:13","two","auto"
"thny-thaany","ثَانِىَ","ثَانِى","vny","ثني","ṯāniā","noun","thaany","2","9:40:10","the second","auto"
"thny-ystthn","يَسْتَثْنُونَ","يَسْتَثْنُ","vny","ثني","yastaṯnu","verb","ystthn","1","68:18:2","making exception","auto"
"thny-ythn","يَثْنُونَ","يَثْنُ","vny","ثني","yaṯnu","verb","ythn","1","11:5:3","fold up","auto"
"thqb-thaaqb","ثَاقِبٌۭ","ثَاقِب","vqb","ثقب","ṯāqib","noun","thaaqb","2","37:10:7","piercing","auto"
"thqf-thqf","ثَقِفْتُمُوهُمْ","ثُقِفُ","vqf","ثقف","ṯuqifu","verb","thqf","6","2:191:3","you find them","auto"
"thql-a2thqlt","أَثْقَلَت","أَثْقَلَت","vql","ثقل","ʾaṯqalat","verb","a2thqlt","1","7:189:20","she grows heavy","auto"
"thql-aathaaql","ٱثَّاقَلْتُمْ","ٱثَّاقَلْ","vql","ثقل","āṯṯāqal","verb","aathaaql","1","9:38:13","you cling heavily","auto"
"thql-mthqaal","مِثْقَالَ","مِثْقَال","vql","ثقل","miṯqāl","noun","mthqaal","8","4:40:5","(the) weight","auto"
"thql-mthql@","مُثْقَلَةٌ","مُثْقَلَة","vql","ثقل","muṯqala","noun","mthql@","1","35:18:8","a heavily laden","auto"
"thql-mthqlwn","مُّثْقَلُونَ","مُّثْقَلُون","vql","ثقل","muṯqalūn","noun","mthqlwn","2","52:40:7","(are) overburdened","auto"
"thql-thqlaan","أَثْقَالَكُمْ","ثَّقَلَان","vql","ثقل","ṯaqalān","noun","thqlaan","6","16:7:2","their burdens","auto"
"thql-thqlt","ثَقُلَتْ","ثَقُلَتْ","vql","ثقل","ṯaqulat","verb","thqlt","4","7:8:5","(are) heavy","auto"
"thql-thqyl","ثِقَالًۭا","ثَقِيل","vql","ثقل","ṯaqīl","adjective","thqyl","5","7:57:13","heavy","auto"
"thrb-tthryb","تَثْرِيبَ","تَثْرِيب","vrb","ثرب","taṯrīb","noun","tthryb","1","12:92:3","blame","auto"
"thry-thry","ٱلثَّرَىٰ","ثَّرَىٰ","vry","ثري","ṯarāā","noun","thry","1","20:6:12","the soil","auto"
"thwb-a2thb","فَأَثَٰبَكُمْ","أَثَٰبَ","vwb","ثوب","ʾaṯāba","verb","a2thb","3","3:153:11","So (He) repaid you","auto"
"thwb-mthaab@","مَثَابَةًۭ","مَثَابَة","vwb","ثوب","maṯāba","noun","mthaab@","1","2:125:4","a place of return","auto"
"thwb-mthwb@","لَمَثُوبَةٌۭ","مَثُوبَة","vwb","ثوب","maṯūba","noun","mthwb@","2","2:103:5","surely (the) reward","auto"
"thwb-thwaab","ثَوَابَ","ثَوَاب","vwb","ثوب","ṯawāb","noun","thwaab","13","3:145:13","reward","auto"
"thwb-thwb","ثُوِّبَ","ثُوِّبَ","vwb","ثوب","ṯūwiba","verb","thwb","1","83:36:2","been rewarded","auto"
"thwb-thyaab","ثِيَابَهُمْ","ثِيَاب","vwb","ثوب","ṯiyāb","noun","thyaab","8","11:5:10","(with) their garments","auto"
"thwr-a2thaar","تُثِيرُ","أَثَارُ","vwr","ثور","ʾaṯāru","verb","a2thaar","5","2:71:8","to plough","auto"
"thwy-mthwy","مَثْوَى","مَثْوًى","vwy","ثوي","maṯwanā","noun","mthwy","13","3:151:18","an abode","auto"
"thwy-thaawy","ثَاوِيًۭا","ثَاوِي","vwy","ثوي","ṯāwī","noun","thaawy","1","28:45:9","a dweller","auto"
"thyb-thybt","ثَيِّبَٰتٍۢ","ثَيِّبَٰت","vyb","ثيب","ṯayyibāt","adjective","thybt","1","66:5:16","previously married","auto"
"tjr-tjr@","تِّجَٰرَتُهُمْ","تِجَٰرَة","tjr","تجر","tiǧāra","noun","tjr@","9","2:16:8","a transaction","auto"
"tll-tl","وَتَلَّهُۥ","تَلَّ","tll","تلل","talla","verb","tl","1","37:103:3","and he put him down","auto"
"tlw-tlaawt","تِلَاوَتِهِۦٓ","تِلَاوَت","tlw","تلو","tilāwat","noun","tlaawt","1","2:121:6","(of) its recitation","auto"
"tlw-tly","تَتْلُونَ","تَلَىٰ","tlw","تلو","talāā","verb","tly","61","2:44:7","are recited","auto"
"tlw-tlyt","فَٱلتَّٰلِيَٰتِ","تَّٰلِيَٰت","tlw","تلو","tāliyāt","noun","tlyt","1","37:3:1","And those who recite","auto"
"tmm-a2tm","فَأَتَمَّهُنَّ","أَتَمَّ","tmm","تمم","ʾatamma","verb","a2tm","16","2:124:6","complete","auto"
"tmm-mtm","مُتِمُّ","مُتِمّ","tmm","تمم","mutimm","noun","mtm","1","61:8:7","will perfect","auto"
"tmm-tm","وَتَمَّتْ","تَمَّ","tmm","تمم","tamma","verb","tm","4","6:115:1","And (has been) fulfilled","auto"
"tmm-tmaam","تَمَامًا","تَمَام","tmm","تمم","tamām","noun","tmaam","1","6:154:5","completing (Our Favor)","auto"
"tqn-a2tqn","أَتْقَنَ","أَتْقَنَ","tqn","تقن","ʾatqana","verb","a2tqn","1","27:88:12","perfected","auto"
"trb-a2traab","أَتْرَابٌ","أَتْرَاب","trb","ترب","ʾatrāb","noun","a2traab","3","38:52:4","well-matched","auto"
"trb-mtrb@","مَتْرَبَةٍۢ","مَتْرَبَة","trb","ترب","matraba","noun","mtrb@","1","90:16:4","misery","auto"
"trb-traab","تُرَابٌۭ","تُرَاب","trb","ترب","turāb","noun","traab","17","2:264:23","dust","auto"
"trb-traay2b","وَٱلتَّرَآئِبِ","تَّرَأئِب","trb","ترب","tarāʾib","noun","traay2b","1","86:7:5","and the ribs","auto"
"trf-a2trf","أُتْرِفُوا۟","أُتْرِفُ","trf","ترف","ʾutrifu","verb","a2trf","3","11:116:23","luxury they were given","auto"
"trf-mtrfyn","مُتْرَفِيهَا","مُتْرَفِين","trf","ترف","mutrafīn","noun","mtrfyn","5","17:16:7","its wealthy people","auto"
"trk-taark","تَارِكٌۢ","تَارِك","trk","ترك","tārik","noun","taark","3","11:12:2","(may) give up","auto"
"trk-trk","وَتَرَكَهُمْ","تَرَكَ","trk","ترك","taraka","verb","trk","40","2:17:13","(is) left","auto"
"trq-traaqy","ٱلتَّرَاقِىَ","تَّرَاقِى","trq","ترق","tarāqiā","noun","traaqy","1","75:26:4","the collar bones","auto"
"tsa-tsa","تِسْعَ","تِسْع","tsE","تسع","tisʿ","noun","tsa","5","17:101:4","nine","auto"
"tsa-tsa@","تِسْعَةُ","تِسْعَة","tsE","تسع","tisʿa","noun","tsa@","2","27:48:4","nine","auto"
"twb-mtaab","مَتَابِ","مَتَاب","twb","توب","matāb","noun","mtaab","2","13:30:28","(is) my return","auto"
"twb-taab","فَتَابَ","تَابَ","twb","توب","tāba","verb","taab","63","2:37:6","repent","auto"
"twb-twaab","ٱلتَّوَّابُ","تَوَّاب","twb","توب","tawwāb","noun","twaab","12","2:37:10","Oft-Forgiving","auto"
"twb-twb","ٱلتَّوْبِ","تَّوْب","twb","توب","tawb","noun","twb","1","40:3:4","(of) [the] repentance","auto"
"twb-twb@","تَوْبَتُهُمْ","تَوْبَة","twb","توب","tawba","noun","twb@","7","3:90:11","the repentance","auto"
"twb-ty2bt","تَٰٓئِبَٰتٍ","تَٰٔئِبَٰت","twb","توب","tāʾibāt","adjective","ty2bt","1","66:5:13","repentant","auto"
"twb-ty2bwn","ٱلتَّٰٓئِبُونَ","تَّٰٔئِبُون","twb","توب","tāʾibūn","noun","ty2bwn","1","9:112:1","Those who turn in repentance","auto"
"twr-taar@","تَارَةً","تَارَة","twr","تور","tāra","noun","taar@","2","17:69:6","another time","auto"
"tyh-ytyh","يَتِيهُونَ","يَتِيهُ","tyh","تيه","yatīhu","verb","ytyh","1","5:26:7","they will wander","auto"
"tyn-tyn","بِّسْمِ","تِّين","tyn","تين","tīn","noun","tyn","1","95:1:1","By the fig","auto"
"wDa-a2wDa","وَلَأَوْضَعُوا۟","أَوْضَعُ","wDE","وضع","ʾawḍaʿu","verb","a2wDa","1","9:47:8","and would have been active","auto"
"wDa-mwDwa@","مَّوْضُوعَةٌۭ","مَّوْضُوعَة","wDE","وضع","mawḍūʿa","adjective","mwDwa@","1","88:14:2","put in place","auto"
"wDa-mwaaDa","مَّوَاضِعِهِۦ","مَّوَاضِع","wDE","وضع","mawāḍiʿ","noun","mwaaDa","3","4:46:7","their places","auto"
"wDa-wDa","وَضَعَتْهَا","وَضَعَ","wDE","وضع","waḍaʿa","verb","wDa","21","3:36:2","gives birth","auto"
"wDn-mwDwn@","مَّوْضُونَةٍۢ","مَّوْضُونَة","wDn","وضن","mawḍūna","adjective","mwDwn@","1","56:15:3","decorated","auto"
"wHd-wHd","وَٰحِدٍۢ","وَٰحِد","wHd","وحد","wāḥid","adjective","wHd","36","2:61:8","One","auto"
"wHd-wHd@","وَٰحِدَةًۭ","وَٰحِدَة","wHd","وحد","wāḥida","adjective","wHd@","31","2:213:4","single","auto"
"wHd-wHyd","وَحِيدًۭا","وَحِيد","wHd","وحد","waḥīd","noun","wHyd","1","74:11:4","alone","auto"
"wHsh-wHwsh","ٱلْوُحُوشُ","وُحُوش","wH$","وحش","wuḥūš","noun","wHwsh","1","81:5:2","the wild beasts","auto"
"wHy-a2wHy","نُوحِيهِ","أَوْحَىٰٔ","wHy","وحي","ʾawḥāā","verb","a2wHy","72","3:44:5","We revealed","auto"
"wHy-wHy","وَوَحْيِنَا","وَحْى","wHy","وحي","waḥā","noun","wHy","6","11:37:4","and Our inspiration","auto"
"wSb-waaSb","وَاصِبًا","وَاصِب","wSb","وصب","wāṣib","noun","waaSb","2","16:52:8","constantly","auto"
"wSd-mw2Sd@","مُّؤْصَدَةٌۢ","مُّؤْصَدَة","wSd","وصد","muʾṣada","adjective","mw2Sd@","2","90:20:3","closed in","auto"
"wSd-wSyd","بِٱلْوَصِيدِ","وَصِيد","wSd","وصد","waṣīd","noun","wSyd","1","18:18:13","at the entrance","auto"
"wSf-wSf","وَصْفَهُمْ","وَصْف","wSf","وصف","waṣf","noun","wSf","1","6:139:19","(for) their attribution","auto"
"wSf-ySf","يَصِفُونَ","يَصِفُ","wSf","وصف","yaṣifu","verb","ySf","13","6:100:15","they attribute","auto"
"wSl-wSl","وَصَّلْنَا","وَصَّلْ","wSl","وصل","waṣṣal","verb","wSl","1","28:51:2","We have conveyed","auto"
"wSl-wSyl@","وَصِيلَةٍۢ","وَصِيلَة","wSl","وصل","waṣīla","noun","wSyl@","1","5:103:9","a Wasilah","auto"
"wSl-ySl","يُوصَلَ","يَصِلُ","wSl","وصل","yaṣilu","verb","ySl","10","2:27:14","be joined","auto"
"wSy-a2wS","يُوصِيكُمُ","أَوْصَٰ","wSy","وصي","ʾawṣā","verb","a2wS","5","4:11:1","Instructs you","auto"
"wSy-mwS","مُّوصٍۢ","مُّوص","wSy","وصي","mūṣ","noun","mwS","1","2:182:4","(the) testator","auto"
"wSy-twSy@","تَوْصِيَةًۭ","تَوْصِيَة","wSy","وصي","tawṣiya","noun","twSy@","1","36:50:3","(to) make a will","auto"
"wSy-twaaS","أَتَوَاصَوْا۟","تَوَاصَ","wSy","وصي","tawāṣa","verb","twaaS","5","51:53:1","and enjoin (each other)","auto"
"wSy-wSy","وَوَصَّىٰ","وَصَّىٰ","wSy","وصي","waṣṣāā","verb","wSy","11","2:132:1","(He) has enjoined on you","auto"
"wSy-wSy@","ٱلْوَصِيَّةُ","وَصِيَّة","wSy","وصي","waṣīya","noun","wSy@","8","2:180:10","any will","auto"
"wSy-ywSy","يُوصِينَ","يُوصِي","wSy","وصي","yūṣī","verb","ywSy","1","4:12:22","they have made","auto"
"wTaa-mwTy2","مَوْطِئًۭا","مَوْطِئ","wTA","وطا","mawṭiʾ","noun","mwTy2","1","9:120:33","any step","auto"
"wTaa-wT","وَطْـًۭٔا","وَطْـٕ","wTA","وطا","waṭ","noun","wT","1","73:6:6","and most potent","auto"
"wTaa-yT","يَطَـُٔونَ","يَطَـُٕ","wTA","وطا","yaṭau","verb","yT","3","9:120:32","they step","auto"
"wTaa-ywaaT","لِّيُوَاطِـُٔوا۟","يُوَاطِـُٕ","wTA","وطا","yuwāṭiu","verb","ywaaT","1","9:37:14","to adjust","auto"
"wTn-mwaaTn","مَوَاطِنَ","مَوَاطِن","wTn","وطن","mawāṭin","noun","mwaaTn","1","9:25:5","regions","auto"
"wTr-wTr","وَطَرًۭا","وَطَر","wTr","وطر","waṭar","noun","wTr","2","33:37:30","necessary (formalities)","auto"
"waZ-mwaZ@","وَمَوْعِظَةًۭ","مَّوْعِظَة","wEZ","وعظ","mawʿiẓa","noun","mwaZ@","9","2:66:8","and an admonition","auto"
"waZ-waZ","يَعِظُكُم","وَعَظْ","wEZ","وعظ","waʿaẓ","verb","waZ","15","2:231:36","He instructs you","auto"
"waZ-waZyn","ٱلْوَٰعِظِينَ","وَٰعِظِين","wEZ","وعظ","wāʿiẓīn","noun","waZyn","1","26:136:9","the advisors","auto"
"waad-mw2d@","ٱلْمَوْءُۥدَةُ","مَوْءُدَة","wAd","واد","mawʾuda","noun","mw2d@","1","81:8:2","the female infant buried alive","auto"
"waal-mwy2l","مَوْئِلًۭا","مَوْئِل","wAl","وال","mawʾil","noun","mwy2l","1","18:58:19","an escape","auto"
"wad-mwad","مَوْعِدُهُۥ","مَّوْعِد","wEd","وعد","mawʿid","noun","mwad","12","11:17:25","an appointment","auto"
"wad-mwad@","مَّوْعِدَةٍۢ","مَّوْعِدَة","wEd","وعد","mawʿida","noun","mwad@","1","9:114:8","(of) a promise","auto"
"wad-mwawd","ٱلْمَوْعُودِ","مَوْعُود","wEd","وعد","mawʿūd","adjective","mwawd","1","85:2:2","Promised","auto"
"wad-myaad","ٱلْمِيعَادَ","مِّيعَاد","wEd","وعد","mīʿād","noun","myaad","6","3:9:13","the Promise","auto"
"wad-twaad","تَوَاعَدتُّمْ","تَوَاعَد","wEd","وعد","tawāʿad","verb","twaad","1","8:42:12","you (had) made an appointment","auto"
"wad-twad","تُوعِدُونَ","تُوعِدُ","wEd","وعد","tūʿidu","verb","twad","1","7:86:5","threatening","auto"
"wad-wad","وَٰعَدْنَا","وَٰعَدْ","wEd","وعد","wāʿad","verb","wad","123","2:51:2","promised","auto"
"wad-wayd","وَعِيدِ","وَعِيد","wEd","وعد","waʿīd","noun","wayd","6","14:14:10","My Threat","auto"
"way-a2way","فَأَوْعَىٰٓ","أَوْعَىٰٔ","wEy","وعي","ʾawʿāā","verb","a2way","2","70:18:2","and hoarded","auto"
"way-tay","وَتَعِيَهَآ","تَعِيَ","wEy","وعي","taʿiya","verb","tay","1","69:12:4","and would be conscious of it","auto"
"way-waa2","بِأَوْعِيَتِهِمْ","وِعَأء","wEy","وعي","wiʿāʾ","noun","waa2","3","12:76:2","(the) bag","auto"
"way-way@","وَٰعِيَةٌۭ","وَٰعِيَة","wEy","وعي","wāʿiya","adjective","way@","1","69:12:6","conscious","auto"
"wbl-waabl","وَابِلٌۭ","وَابِل","wbl","وبل","wābil","noun","waabl","3","2:264:25","heavy rain","auto"
"wbl-wbaal","وَبَالَ","وَبَال","wbl","وبل","wabāl","noun","wbaal","4","5:95:36","(the bad) consequence","auto"
"wbl-wbyl","وَبِيلًۭا","وَبِيل","wbl","وبل","wabīl","adjective","wbyl","1","73:16:6","ruinous","auto"
"wbq-mwbq","مَّوْبِقًۭا","مَّوْبِق","wbq","وبق","mawbiq","noun","mwbq","1","18:52:13","a barrier","auto"
"wbq-ywbq","يُوبِقْهُنَّ","يُوبِقْ","wbq","وبق","yūbiq","verb","ywbq","1","42:34:2","He could destroy them","auto"
"wbr-a2wbaar","وَأَوْبَارِهَا","أَوْبَار","wbr","وبر","ʾawbār","noun","a2wbaar","1","16:80:20","and their fur","auto"
"wda-da","وَدَعْ","دَعْ","wdE","ودع","daʿ","verb","da","1","33:48:5","and disregard","auto"
"wda-mstwda","وَمُسْتَوْدَعٌۭ","مُسْتَوْدَع","wdE","ودع","mustawdaʿ","noun","mstwda","2","6:98:8","and a resting place","auto"
"wda-wda","وَدَّعَكَ","وَدَّعَ","wdE","ودع","waddaʿa","verb","wda","1","93:3:2","has forsaken you","auto"
"wdd-mwd@","مَوَدَّةٌۭ","مَّوَدَّة","wdd","ودد","mawadda","noun","mwd@","8","4:73:12","love","auto"
"wdd-wd","يَوَدُّ","وَدَّ","wdd","ودد","wadda","verb","wd","19","2:96:9","They wish","auto"
"wdd-wdwd","وَدُودٌۭ","وَدُود","wdd","ودد","wadūd","adjective","wdwd","2","11:90:9","Most Loving","auto"
"wdhr-ydhr","وَيَذَرُونَ","يَذَرَ","w*r","وذر","yaḏara","verb","ydhr","45","2:234:4","So leave them","auto"
"wdq-wdq","ٱلْوَدْقَ","وَدْق","wdq","ودق","wadq","noun","wdq","2","24:43:14","the rain","auto"
"wdy-a2wdy@","أَوْدِيَةٌۢ","أَوْدِيَة","wdy","ودي","ʾawdiya","noun","a2wdy@","2","13:17:6","the valleys","auto"
"wdy-dy@","وَدِيَةٌۭ","دِيَة","wdy","ودي","diya","noun","dy@","2","4:92:16","and blood money","auto"
"wdy-waad","بِوَادٍ","وَاد","wdy","ودي","wād","noun","waad","7","14:37:6","in the valley","auto"
"wdy-waady","وَادِيًا","وَادِي","wdy","ودي","wādī","noun","waady","1","9:121:9","a valley","auto"
"wfD-ywfD","يُوفِضُونَ","يُوفِضُ","wfD","وفض","yūfiḍu","verb","ywfD","1","70:43:9","hastening","auto"
"wfd-wfd","وَفْدًۭا","وَفْد","wfd","وفد","wafd","noun","wfd","1","19:85:6","(as) a delegation","auto"
"wfq-twfyq","وَتَوْفِيقًا","تَوْفِيق","wfq","وفق","tawfīq","noun","twfyq","2","4:62:16","and reconciliation","auto"
"wfq-wfaaq","وِفَاقًا","وِفَاق","wfq","وفق","wifāq","adjective","wfaaq","1","78:26:2","appropriate","auto"
"wfq-ywfq","يُوَفِّقِ","يُوَفِّقِ","wfq","وفق","yuwaffiqi","verb","ywfq","1","4:35:15","will cause reconciliation","auto"
"wfr-mwfwr","مَّوْفُورًۭا","مَّوْفُور","wfr","وفر","mawfūr","noun","mwfwr","1","17:63:10","ample","auto"
"wfy-a2wfy","وَأَوْفُوا۟","أَوْفَىٰ","wfy","وفي","ʾawfāā","verb","a2wfy","20","2:40:8","And give full","auto"
"wfy-mtwfy","مُتَوَفِّيكَ","مُتَوَفِّي","wfy","وفي","mutawaffī","noun","mtwfy","1","3:55:6","(will) take you","auto"
"wfy-mwfw","لَمُوَفُّوهُمْ","مُوَفُّو","wfy","وفي","muwaffū","noun","mwfw","1","11:109:17","will surely pay them in full","auto"
"wfy-mwfwn","وَٱلْمُوفُونَ","مُوفُون","wfy","وفي","mūfūn","noun","mwfwn","1","2:177:36","and those who fulfill","auto"
"wfy-twfy","يُتَوَفَّوْنَ","تَوَفَّىٰ","wfy","وفي","tawaffāā","verb","twfy","24","2:234:2","We cause you to die","auto"
"wfy-wfy","يُوَفَّ","وَفَّىٰٔ","wfy","وفي","waffāā","verb","wfy","18","2:272:24","will be repaid in full","auto"
"wfy-ystwf","يَسْتَوْفُونَ","يَسْتَوْفُ","wfy","وفي","yastawfu","verb","ystwf","1","83:2:6","they take in full","auto"
"whb-whaab","ٱلْوَهَّابُ","وَهَّاب","whb","وهب","wahhāb","noun","whaab","3","3:8:15","(are) the Bestower","auto"
"whb-whb","وَهَبْ","وَهَبَ","whb","وهب","wahaba","verb","whb","22","3:8:8","And We bestowed","auto"
"whj-whaaj","وَهَّاجًۭا","وَهَّاج","whj","وهج","wahhāǧ","adjective","whaaj","1","78:13:3","burning","auto"
"whn-a2whn","أَوْهَنَ","أَوْهَن","whn","وهن","ʾawhan","noun","a2whn","1","29:41:13","the weakest","auto"
"whn-mwhn","مُوهِنُ","مُوهِن","whn","وهن","mūhin","noun","mwhn","1","8:18:4","one who makes weak","auto"
"whn-whn","تَهِنُوا۟","وَهَنَ","whn","وهن","wahana","verb","whn","7","3:139:2","weaken","auto"
"why-waahy@","وَاهِيَةٌۭ","وَاهِيَة","why","وهي","wāhiya","noun","waahy@","1","69:16:5","frail","auto"
"wjb-wjbt","وَجَبَتْ","وَجَبَتْ","wjb","وجب","waǧabat","verb","wjbt","1","22:36:16","are down","auto"
"wjd-wjd","وَلَتَجِدَنَّهُمْ","وَجَدَ","wjd","وجد","waǧada","verb","wjd","107","2:96:1","you will find","auto"
"wjf-a2wjf","أَوْجَفْتُمْ","أَوْجَفْ","wjf","وجف","ʾawǧaf","verb","a2wjf","1","59:6:8","you made expedition","auto"
"wjf-waajf@","وَاجِفَةٌ","وَاجِفَة","wjf","وجف","wāǧifa","adjective","waajf@","1","79:8:3","will palpitate","auto"
"wjh-twjh","تَوَجَّهَ","تَوَجَّهَ","wjh","وجه","tawaǧǧaha","verb","twjh","1","28:22:2","he turned his face","auto"
"wjh-wjh","وَجْهَهُۥ","وَجْه","wjh","وجه","waǧh","noun","wjh","74","2:112:4","their faces","auto"
"wjh-wjh@","وِجْهَةٌ","وِجْهَة","wjh","وجه","wiǧha","noun","wjh@","1","2:148:2","(is) a direction","auto"
"wjh-wjyh","وَجِيهًۭا","وَجِيه","wjh","وجه","waǧīh","noun","wjyh","2","3:45:15","honored","auto"
"wjl-wjl@","وَجِلَةٌ","وَجِلَة","wjl","وجل","waǧila","adjective","wjl@","1","23:60:6","(are) fearful","auto"
"wjl-wjlt","وَجِلَتْ","وَجِلَتْ","wjl","وجل","waǧilat","verb","wjlt","3","8:2:7","feel fear","auto"
"wjl-wjlwn","وَجِلُونَ","وَجِلُون","wjl","وجل","waǧilūn","noun","wjlwn","1","15:52:9","afraid","auto"
"wjs-a2wjs","وَأَوْجَسَ","أَوْجَسَ","wjs","وجس","ʾawǧasa","verb","a2wjs","3","11:70:8","and felt apprehension","auto"
"wkaa-a2twkw2aa","أَتَوَكَّؤُا۟","أَتَوَكَّؤُاۤ","wkA","وكا","ʾatawakkaʾuā","verb","a2twkw2aa","1","20:18:4","I lean","auto"
"wkaa-mtk","مُتَّكَـًۭٔا","مُتَّكَـٕ","wkA","وكا","muttaka","noun","mtk","1","12:31:8","a banquet","auto"
"wkaa-mtkyn","مُّتَّكِـِٔينَ","مُتَّكِـِٕين","wkA","وكا","muttakiīn","noun","mtkyn","8","18:31:21","Reclining","auto"
"wkaa-ytk","يَتَّكِـُٔونَ","يَتَّكِـُٕ","wkA","وكا","yattakiu","verb","ytk","1","43:34:5","they recline","auto"
"wkd-twkyd","تَوْكِيدِهَا","تَوْكِيد","wkd","وكد","tawkīd","noun","twkyd","1","16:91:10","their confirmation","auto"
"wkl-mtwklwn","ٱلْمُتَوَكِّلِينَ","مُتَوَكِّلُون","wkl","وكل","mutawakkilūn","noun","mtwklwn","4","3:159:30","the ones who put trust (in Him)","auto"
"wkl-twkl","فَلْيَتَوَكَّلِ","تَوَكَّلْ","wkl","وكل","tawakkal","verb","twkl","40","3:122:11","let put (their) trust","auto"
"wkl-wkl","وَكَّلْنَا","وُكِّلَ","wkl","وكل","wukkila","verb","wkl","2","6:89:12","We have entrusted","auto"
"wkl-wkyl","ٱلْوَكِيلُ","وَكِيل","wkl","وكل","wakīl","noun","wkyl","24","3:173:17","a manager","auto"
"wkz-wkz","فَوَكَزَهُۥ","وَكَزَ","wkz","وكز","wakaza","verb","wkz","1","28:15:26","so Musa struck him with his fist","auto"
"wld-mwlwd","ٱلْمَوْلُودِ","مَوْلُود","wld","ولد","mawlūd","noun","mwlwd","3","2:233:12","the father","auto"
"wld-waald","وَبِٱلْوَٰلِدَيْنِ","وَالِد","wld","ولد","wālid","noun","waald","14","2:83:10","(by) the parents","auto"
"wld-wld","وَلَدًۭا","وَلَد","wld","ولد","walad","noun","wld","65","2:116:4","a son","auto"
"wld-wld@","وَٰلِدَةٌۢ","وَٰلِدَة","wld","ولد","wālida","noun","wld@","2","2:233:24","(the) mother","auto"
"wld-wldt","وَٱلْوَٰلِدَٰتُ","وَٰلِدَٰت","wld","ولد","wālidāt","noun","wldt","1","2:233:1","And the mothers","auto"
"wld-wldy","وَلِوَٰلِدَىَّ","وَٰلِدَي","wld","ولد","wāliday","noun","wldy","10","14:41:4","to his parents","auto"
"wld-wlyd","وَٱلْوِلْدَٰنِ","وَلِيد","wld","ولد","walīd","noun","wlyd","7","4:75:12","and the children","auto"
"wlj-wlyj@","وَلِيجَةًۭ","وَلِيجَة","wlj","ولج","walīǧa","noun","wlyj@","1","9:16:20","(as) intimates","auto"
"wlj-ylj","يَلِجَ","يَلِجَ","wlj","ولج","yaliǧa","verb","ylj","3","7:40:16","penetrates","auto"
"wlj-ywlj","تُولِجُ","يُولِجُ","wlj","ولج","yūliǧu","verb","ywlj","10","3:27:1","causes to enter","auto"
"wly-a2wly","أَوْلَى","أَوْلَىٰ","wly","ولي","ʾawlāā","noun","a2wly","11","3:68:2","and woe","auto"
"wly-a2wlyn","ٱلْأَوْلَيَٰنِ","أَوْلَيَٰن","wly","ولي","ʾawlayān","noun","a2wlyn","1","5:107:14","the former two","auto"
"wly-mwly","مُوَلِّيهَا","مُوَلِّي","wly","ولي","muwallī","noun","mwly","22","2:148:4","(is) your Protector","auto"
"wly-twly","تَوَلَّيْتُم","تَوَلَّىٰ","wly","ولي","tawallāā","verb","twly","78","2:64:2","they turn away","auto"
"wly-waal","وَالٍ","وَال","wly","ولي","wāl","noun","waal","1","13:11:35","protector","auto"
"wly-wly","وَلِىٍّۢ","وَلِىّ","wly","ولي","waliāā","noun","wly","116","2:107:15","protector","auto"
"wly-wlyt","وَلَٰيَتِهِم","وَلَٰيَت","wly","ولي","walāyat","noun","wlyt","2","8:72:25","their protection","auto"
"wly-yl","يَلُونَكُم","يَلُ","wly","ولي","yalu","verb","yl","1","9:123:6","(are) close to you","auto"
"wny-tny","تَنِيَا","تَنِيَ","wny","وني","taniya","verb","tny","1","20:42:6","slacken","auto"
"wqa-mwaaqaw","مُّوَاقِعُوهَا","مُّوَاقِعُو","wqE","وقع","muwāqiʿū","noun","mwaaqaw","1","18:53:6","are to fall in it","auto"
"wqa-mwqa","بِمَوَٰقِعِ","مَوَٰقِع","wqE","وقع","mawāqiʿ","noun","mwqa","1","56:75:3","by setting","auto"
"wqa-waaqa","وَاقِعٌۢ","وَاقِع","wqE","وقع","wāqiʿ","noun","waaqa","6","7:171:9","(would) fall","auto"
"wqa-waaqa@","ٱلرَّحْمَٰنِ","وَاقِعَة","wqE","وقع","wāqiʿa","noun","waaqa@","2","56:1:3","the Event","auto"
"wqa-wqa","وَقَعَ","وَقَعَ","wqE","وقع","waqaʿa","verb","wqa","12","4:100:24","then fall down","auto"
"wqa-wqat","لِوَقْعَتِهَا","وَقْعَت","wqE","وقع","waqʿat","noun","wqat","1","56:2:2","at its occurrence","auto"
"wqa-ywqa","يُوقِعَ","يُوقِعَ","wqE","وقع","yūqiʿa","verb","ywqa","1","5:91:5","cause","auto"
"wqb-wqb","وَقَبَ","وَقَبَ","wqb","وقب","waqaba","verb","wqb","1","113:3:5","it spreads","auto"
"wqd-a2wqd","أَوْقَدُوا۟","أَوْقَدُ","wqd","وقد","ʾawqadu","verb","a2wqd","5","5:64:35","they kindled","auto"
"wqd-aastwqd","ٱسْتَوْقَدَ","ٱسْتَوْقَدَ","wqd","وقد","āstawqada","verb","aastwqd","1","2:17:4","kindled","auto"
"wqd-mwqd@","ٱلْمُوقَدَةُ","مُوقَدَة","wqd","وقد","mūqada","adjective","mwqd@","1","104:6:3","kindled","auto"
"wqd-wqwd","وَقُودُهَا","وَقُود","wqd","وقد","waqūd","noun","wqwd","4","2:24:9","[its] fuel","auto"
"wqdh-mwqwdh@","وَٱلْمَوْقُوذَةُ","مَوْقُوذَة","wq*","وقذ","mawqūḏa","noun","mwqwdh@","1","5:3:13","and that which is hit fatally","auto"
"wqf-mwqwfwn","مَوْقُوفُونَ","مَوْقُوفُون","wqf","وقف","mawqūfūn","noun","mwqwfwn","1","34:31:16","will be made to stand","auto"
"wqf-wqf","وُقِفُوا۟","وُقِفُ","wqf","وقف","wuqifu","verb","wqf","3","6:27:4","they are made to stand","auto"
"wqr-twqr","وَتُوَقِّرُوهُ","تُوَقِّرُ","wqr","وقر","tuwaqqiru","verb","twqr","1","48:9:5","and respect him","auto"
"wqr-wqaar","وَقَارًۭا","وَقَار","wqr","وقر","waqār","noun","wqaar","1","71:13:6","grandeur","auto"
"wqr-wqr","وَقْرًۭا","وَقْر","wqr","وقر","waqr","noun","wqr","7","6:25:13","(is) deafness","auto"
"wqt-a2qtt","أُقِّتَتْ","أُقِّتَتْ","wqt","وقت","ʾuqqitat","verb","a2qtt","1","77:11:3","are gathered to their appointed time","auto"
"wqt-mwqwt","مَّوْقُوتًۭا","مَّوْقُوت","wqt","وقت","mawqūt","adjective","mwqwt","1","4:103:20","(at) fixed times","auto"
"wqt-myqt","مَوَٰقِيتُ","مِيقَٰت","wqt","وقت","mīqāt","noun","myqt","8","2:189:6","(are) indicators of periods","auto"
"wqt-wqt","لِوَقْتِهَآ","وَقْت","wqt","وقت","waqt","noun","wqt","3","7:187:13","(of) the time","auto"
"wqy-a2tqy","أَتْقَىٰكُمْ","أَتْقَى","wqy","وقي","ʾatqā","noun","a2tqy","2","49:13:16","(is the) most righteous of you","auto"
"wqy-aatqy","تَتَّقُونَ","ٱتَّقَىٰ","wqy","وقي","āttaqāā","verb","aatqy","166","2:21:11","And fear","auto"
"wqy-mtqyn","لِّلْمُتَّقِينَ","مُتَّقِين","wqy","وقي","muttaqīn","noun","mtqyn","49","2:2:7","the righteous","auto"
"wqy-tqwy","ٱلتَّقْوَىٰ","تَقْوَى","wqy","وقي","taqwā","noun","tqwy","17","2:197:26","(is) righteousness","auto"
"wqy-tqy","تُقَاتِهِۦ","تَقِيّ","wqy","وقي","taqīy","noun","tqy","4","3:102:7","righteous","auto"
"wqy-tqy@","تُقَىٰةًۭ","تُقَىٰة","wqy","وقي","tuqāā","noun","tqy@","1","3:28:21","(as) a precaution","auto"
"wqy-waaq","وَاقٍۢ","وَاق","wqy","وقي","wāq","noun","waaq","3","13:34:14","defender","auto"
"wqy-wqy","وَقِنَا","وَقَىٰ","wqy","وقي","waqāā","verb","wqy","16","2:201:12","and save us","auto"
"wrd-a2wrd","فَأَوْرَدَهُمُ","أَوْرَدَ","wrd","ورد","ʾawrada","verb","a2wrd","1","11:98:5","and lead them","auto"
"wrd-mwrwd","ٱلْمَوْرُودُ","مَوْرُود","wrd","ورد","mawrūd","noun","mwrwd","1","11:98:9","to which (they are) led","auto"
"wrd-waard","وَارِدَهُمْ","وَارِد","wrd","ورد","wārid","noun","waard","3","12:19:4","their water drawer","auto"
"wrd-wrd","ٱلْوِرْدُ","وِرْد","wrd","ورد","wird","noun","wrd","4","11:98:8","(is) the place","auto"
"wrd-wrd@","وَرْدَةًۭ","وَرْدَة","wrd","ورد","warda","noun","wrd@","1","55:37:5","rose-colored","auto"
"wrd-wryd","ٱلْوَرِيدِ","وَرِيد","wrd","ورد","warīd","noun","wryd","1","50:16:14","(his) jugular vein","auto"
"wrq-wrq","وَرَقِ","وَرَق","wrq","ورق","waraq","noun","wrq","3","7:22:13","(the) leaves","auto"
"wrq-wrq@","وَرَقَةٍ","وَرَقَة","wrq","ورق","waraqa","noun","wrq@","1","6:59:16","any leaf","auto"
"wrth-a2wrth","أُورِثْتُمُوهَا","أَوْرَثَ","wrv","ورث","ʾawraṯa","verb","a2wrth","12","7:43:33","you have been made to inherit it","auto"
"wrth-myrth","مِيرَٰثُ","مِيرَٰث","wrv","ورث","mīrāṯ","noun","myrth","2","3:180:24","(is the) heritage","auto"
"wrth-traath","ٱلتُّرَاثَ","تُّرَاث","wrv","ورث","turāṯ","noun","traath","1","89:19:2","the inheritance","auto"
"wrth-waarth","ٱلْوَارِثِ","وَارِث","wrv","ورث","wāriṯ","noun","waarth","7","2:233:31","(are) the inheritors","auto"
"wrth-wrth","وَوَرِثَهُۥٓ","وَرِثَ","wrv","ورث","wariṯa","verb","wrth","13","4:11:39","and inherit[ed] him","auto"
"wry-mwryt","فَٱلْمُورِيَٰتِ","مُورِيَٰت","wry","وري","mūriyāt","noun","mwryt","1","100:2:1","And the producers of sparks","auto"
"wry-twaart","يَتَوَٰرَىٰ","تَوَارَتْ","wry","وري","tawārat","verb","twaart","2","16:59:1","He hides himself","auto"
"wry-twr","تُورُونَ","تُورُ","wry","وري","tūru","verb","twr","1","56:71:4","you ignite","auto"
"wry-wraa2","وَرَآءَهُۥ","وَرَأء","wry","وري","warāʾ","location","wraa2","24","2:91:15","behind","auto"
"wry-wry","يُوَٰرِى","وُۢرِىَ","wry","وري","wuriāa","verb","wry","4","5:31:9","to hide","auto"
"wsT-a2wsT","أَوْسَطِ","أَوْسَط","wsT","وسط","ʾawsaṭ","noun","a2wsT","2","5:89:17","average","auto"
"wsT-wsT","وَسَطًۭا","وَسَط","wsT","وسط","wasaṭ","adjective","wsT","2","2:143:4","(of the) middle way","auto"
"wsT-wsTy","ٱلْوُسْطَىٰ","وُسْطَىٰ","wsT","وسط","wusṭāā","adjective","wsTy","1","2:238:5","[the] middle","auto"
"wsa-mwsa","ٱلْمُوسِعِ","مُوسِع","wsE","وسع","mūsiʿ","noun","mwsa","2","2:236:16","the wealthy","auto"
"wsa-sa@","سَعَةًۭ","سَعَة","wsE","وسع","saʿa","noun","sa@","6","2:247:23","abundance","auto"
"wsa-wsa","وَٰسِعٌ","وَٰسِع","wsE","وسع","wāsiʿ","noun","wsa","20","2:115:11","(is) All-Encompassing","auto"
"wsa-wsa@","وَٰسِعَةًۭ","وَٰسِعَة","wsE","وسع","wāsiʿa","noun","wsa@","4","4:97:20","(is) spacious","auto"
"wshy-shy@","شِيَةَ","شِيَة","w$y","وشي","šiya","noun","shy@","1","2:71:15","blemish","auto"
"wsl-wsyl@","ٱلْوَسِيلَةَ","وَسِيلَة","wsl","وسل","wasīla","noun","wsyl@","2","5:35:8","the means","auto"
"wsm-mtwsmyn","لِّلْمُتَوَسِّمِينَ","مُتَوَسِّمِين","wsm","وسم","mutawassimīn","noun","mtwsmyn","1","15:75:5","for those who discern","auto"
"wsm-nsm","سَنَسِمُهُۥ","نَسِمُ","wsm","وسم","nasimu","verb","nsm","1","68:16:1","We will brand him","auto"
"wsn-sn@","سِنَةٌۭ","سِنَة","wsn","وسن","sina","noun","sn@","1","2:255:10","slumber","auto"
"wsq-aatsq","ٱتَّسَقَ","ٱتَّسَقَ","wsq","وسق","āttasaqa","verb","aatsq","1","84:18:3","it becomes full","auto"
"wsq-wsq","وَسَقَ","وَسَقَ","wsq","وسق","wasaqa","verb","wsq","1","84:17:3","it envelops","auto"
"wsws-wswaas","ٱلْوَسْوَاسِ","وَسْوَاس","wsws","وسوس","waswās","noun","wswaas","1","114:4:3","(of) the whisperer","auto"
"wsws-wsws","فَوَسْوَسَ","وَسْوَسَ","wsws","وسوس","waswasa","verb","wsws","4","7:20:1","Then whispered","auto"
"wtd-a2wtaad","ٱلْأَوْتَادِ","أَوْتَاد","wtd","وتد","ʾawtād","noun","a2wtaad","3","38:12:8","(of) the stakes","auto"
"wthn-a2wthn","ٱلْأَوْثَٰنِ","أَوْثَٰن","wvn","وثن","ʾawṯān","noun","a2wthn","3","22:30:21","idols","auto"
"wthq-mwthq","مَوْثِقًۭا","مَّوْثِق","wvq","وثق","mawṯiq","noun","mwthq","3","12:66:7","a promise","auto"
"wthq-mythq","مِيثَٰقِهِۦ","مِّيثَٰق","wvq","وثق","mīṯāq","noun","mythq","25","2:27:7","your covenant","auto"
"wthq-waathq","وَاثَقَكُم","وَاثَقَ","wvq","وثق","wāṯaqa","verb","waathq","1","5:7:7","He bound you","auto"
"wthq-wthaaq","ٱلْوَثَاقَ","وَثَاق","wvq","وثق","waṯāq","noun","wthaaq","2","47:4:11","the bond","auto"
"wthq-wthqy","ٱلْوُثْقَىٰ","وُثْقَىٰ","wvq","وثق","wuṯqāā","adjective","wthqy","2","2:256:18","[the] firm","auto"
"wthq-ywthq","يُوثِقُ","يُوثِقُ","wvq","وثق","yūṯiqu","verb","ywthq","1","89:26:2","will bind","auto"
"wtn-wtyn","ٱلْوَتِينَ","وَتِين","wtn","وتن","watīn","noun","wtyn","1","69:46:4","the aorta","auto"
"wtr-ttraa","تَتْرَا","تَتْرَا","wtr","وتر","tatrā","noun","ttraa","1","23:44:4","(in) succession","auto"
"wtr-wtr","وَٱلْوَتْرِ","وَتْر","wtr","وتر","watr","noun","wtr","1","89:3:2","and the odd","auto"
"wtr-ytr","يَتِرَكُمْ","يَتِرَ","wtr","وتر","yatira","verb","ytr","1","47:35:11","will deprive you","auto"
"wza-a2wza","أَوْزِعْنِىٓ","أَوْزِعْ","wzE","وزع","ʾawziʿ","verb","a2wza","2","27:19:7","Grant me (the) power","auto"
"wza-ywza","يُوزَعُونَ","يُوزَعُ","wzE","وزع","yūzaʿu","verb","ywza","3","27:17:9","(were) set in rows","auto"
"wzn-mwzwn","مَّوْزُونٍۢ","مَّوْزُون","wzn","وزن","mawzūn","noun","mwzwn","1","15:19:11","well-balanced","auto"
"wzn-myzaan","وَٱلْمِيزَانَ","مِيزَان","wzn","وزن","mīzān","noun","myzaan","16","6:152:14","his scales","auto"
"wzn-wzn","وَٱلْوَزْنُ","وَزْن","wzn","وزن","wazn","noun","wzn","6","7:8:1","And the weighing","auto"
"wzr-waazr@","وَازِرَةٌۭ","وَازِرَة","wzr","وزر","wāzira","noun","waazr@","5","6:164:18","bearer of burdens","auto"
"wzr-wzr","أَوْزَارَهُمْ","وِزْر","wzr","وزر","wizr","noun","wzr","13","6:31:20","burden","auto"
"wzr-wzyr","وَزِيرًۭا","وَزِير","wzr","وزر","wazīr","noun","wzyr","2","20:29:3","a minister","auto"
"wzr-yzr","يَزِرُونَ","يَزِرُ","wzr","وزر","yaziru","verb","yzr","7","6:31:26","will bear","auto"
"yaas-aastys","ٱسْتَيْـَٔسُوا۟","ٱسْتَيْـَٕسَ","yAs","ياس","āstayasa","verb","aastys","2","12:80:2","they despaired","auto"
"yaas-yws","لَيَـُٔوسٌۭ","يَـُٕوس","yAs","ياس","yaūs","noun","yws","3","11:9:10","(is) despairing","auto"
"yaas-yy2s","يَئِسَ","يَئِسَ","yAs","ياس","yaʾisa","verb","yy2s","8","5:3:32","(have) despaired","auto"
"ybs-yaabs","يَابِسٍ","يَابِس","ybs","يبس","yābis","noun","yaabs","1","6:59:27","dry","auto"
"ybs-yaabst","يَابِسَٰتٍۢ","يَابِسَٰت","ybs","يبس","yābisāt","adjective","yaabst","2","12:43:15","dry","auto"
"ybs-ybs","يَبَسًۭا","يَبَس","ybs","يبس","yabas","adjective","ybs","1","20:77:13","dry","auto"
"ydy-yd","يَدَيْهَا","يَد","ydy","يدي","yad","noun","yd","120","2:66:5","their hands","auto"
"ymm-tymm","تَيَمَّمُوا۟","تَيَمَّمُ","ymm","يمم","tayammamu","verb","tymm","3","2:267:15","aim (at)","auto"
"ymm-ym","ٱلْيَمِّ","يَمّ","ymm","يمم","yamm","noun","ym","8","7:136:5","the sea","auto"
"ymn-a2ymn","ٱلْأَيْمَنِ","أَيْمَن","ymn","يمن","ʾayman","adjective","a2ymn","3","19:52:5","the right","auto"
"ymn-mymn@","ٱلْمَيْمَنَةِ","مَيْمَنَة","ymn","يمن","maymana","noun","mymn@","3","56:8:2","(of) the right","auto"
"ymn-ymyn","لِّأَيْمَٰنِكُمْ","يَمِين","ymn","يمن","yamīn","noun","ymyn","65","2:224:5","your right hands","auto"
"yna-yna","وَيَنْعِهِۦٓ","يَنْع","ynE","ينع","yanʿ","noun","yna","1","6:99:38","and its ripening","auto"
"yqZ-a2yqaaZ","أَيْقَاظًۭا","أَيْقَاظ","yqZ","يقظ","ʾayqāẓ","noun","a2yqaaZ","1","18:18:2","awake","auto"
"yqn-aastyqnt","وَٱسْتَيْقَنَتْهَآ","ٱسْتَيْقَنَتْ","yqn","يقن","āstayqanat","verb","aastyqnt","2","27:14:3","though were convinced with them (signs)","auto"
"yqn-mstyqnyn","بِمُسْتَيْقِنِينَ","مُسْتَيْقِنِين","yqn","يقن","mustayqinīn","noun","mstyqnyn","1","45:32:22","(are) convinced","auto"
"yqn-mwqnyn","ٱلْمُوقِنِينَ","مُّوقِنِين","yqn","يقن","mūqinīn","noun","mwqnyn","5","6:75:9","the ones who are certain","auto"
"yqn-yqyn","يَقِينًۢا","يَقِين","yqn","يقن","yaqīn","noun","yqyn","8","4:157:34","(of) certainty","auto"
"yqn-ywqn","يُوقِنُونَ","يُوقِنُ","yqn","يقن","yūqinu","verb","ywqn","12","2:4:12","(who) firmly believe","auto"
"ysr-aastysr","ٱسْتَيْسَرَ","ٱسْتَيْسَرَ","ysr","يسر","āstaysara","verb","aastysr","2","2:196:8","(can be) obtained with ease","auto"
"ysr-mysr","وَٱلْمَيْسِرِ","مَيْسِر","ysr","يسر","maysir","noun","mysr","3","2:219:4","and [the] games of chance","auto"
"ysr-mysr@","مَيْسَرَةٍۢ","مَيْسَرَة","ysr","يسر","maysara","noun","mysr@","1","2:280:7","ease","auto"
"ysr-myswr","مَّيْسُورًۭا","مَّيْسُور","ysr","يسر","maysūr","noun","myswr","1","17:28:12","gentle","auto"
"ysr-tysr","تَيَسَّرَ","تَيَسَّرَ","ysr","يسر","tayassara","verb","tysr","2","73:20:28","is easy","auto"
"ysr-ysr","ٱلْيُسْرَ","يُسْر","ysr","يسر","yusr","noun","ysr","18","2:185:31","We have made easy","auto"
"ysr-ysry","لِلْيُسْرَىٰ","يُسْرَىٰ","ysr","يسر","yusrāā","noun","ysry","2","87:8:2","to the ease","auto"
"ysr-ysyr","يَسِيرًا","يَسِير","ysr","يسر","yasīr","noun","ysyr","15","4:30:13","easy","auto"
"ytm-ytym","وَٱلْيَتَٰمَىٰ","يَتِيم","ytm","يتم","yatīm","noun","ytym","23","2:83:14","and the orphans","auto"
"ywm-ywm","يَوْمِ","يَوْم","ywm","يوم","yawm","noun","ywm","377","1:4:2","(on the) Day","auto"
"zHf-zHf","زَحْفًۭا","زَحْف","zHf","زحف","zaḥf","noun","zHf","1","8:15:8","advancing","auto"
"zHzH-mzHzH","بِمُزَحْزِحِهِۦ","مُزَحْزِح","zHzH","زحزح","muzaḥziḥ","noun","mzHzH","1","2:96:17","(will) remove him","auto"
"zHzH-zHzH","زُحْزِحَ","زُحْزِحَ","zHzH","زحزح","zuḥziḥa","verb","zHzH","1","3:185:11","is drawn away","auto"
"zam-zam","يَزْعُمُونَ","زَعَمَ","zEm","زعم","zaʿama","verb","zam","15","4:60:5","claim","auto"
"zam-zaym","زَعِيمٌۭ","زَعِيم","zEm","زعم","zaʿīm","noun","zaym","2","12:72:12","(is) responsible","auto"
"zbd-zbd","زَبَدًۭا","زَبَد","zbd","زبد","zabad","noun","zbd","3","13:17:10","a foam","auto"
"zbn-zbaany@","ٱلزَّبَانِيَةَ","زَّبَانِيَة","zbn","زبن","zabāniya","noun","zbaany@","1","96:18:2","the Angels of Hell","auto"
"zbr-zbr","وَٱلزُّبُرِ","زُبُر","zbr","زبر","zubur","noun","zbr","8","3:184:10","and the Scriptures","auto"
"zbr-zbwr","زَبُورًۭا","زَبُور","zbr","زبر","zabūr","proper-noun","zbwr","3","4:163:25","the Zaboor","auto"
"zff-yzf","يَزِفُّونَ","يَزِفُّ","zff","زفف","yaziffu","verb","yzf","1","37:94:3","hastening","auto"
"zfr-zfyr","زَفِيرٌۭ","زَفِير","zfr","زفر","zafīr","noun","zfyr","3","11:106:8","(is) sighing","auto"
"zhd-zhdyn","ٱلزَّٰهِدِينَ","زَّٰهِدِين","zhd","زهد","zāhidīn","noun","zhdyn","1","12:20:9","those keen to give up","auto"
"zhq-zaahq","زَاهِقٌۭ","زَاهِق","zhq","زهق","zāhiq","noun","zaahq","1","21:18:9","vanishing","auto"
"zhq-zhq","وَتَزْهَقَ","زَهَقَ","zhq","زهق","zahaqa","verb","zhq","3","9:55:14","and should depart","auto"
"zhq-zhwq","زَهُوقًۭا","زَهُوق","zhq","زهق","zahūq","noun","zhwq","1","17:81:9","(bound) to perish","auto"
"zhr-zhr@","زَهْرَةَ","زَهْرَة","zhr","زهر","zahra","noun","zhr@","1","20:131:10","(the) splendor","auto"
"zjj-zjaaj@","زُجَاجَةٍ","زُجَاجَة","zjj","زجج","zuǧāǧa","noun","zjaaj@","2","24:35:12","a glass","auto"
"zjr-aazdjr","وَٱزْدُجِرَ","ٱزْدُجِرَ","zjr","زجر","āzduǧira","verb","aazdjr","1","54:9:9","and he was repelled","auto"
"zjr-mzdjr","مُزْدَجَرٌ","مُزْدَجَر","zjr","زجر","muzdaǧar","noun","mzdjr","1","54:4:7","(is) deterrence","auto"
"zjr-zjr","زَجْرًۭا","زَجْر","zjr","زجر","zaǧr","noun","zjr","1","37:2:2","strongly","auto"
"zjr-zjr@","زَجْرَةٌۭ","زَجْرَة","zjr","زجر","zaǧra","noun","zjr@","2","37:19:3","(will be) a cry","auto"
"zjr-zjrt","فَٱلزَّٰجِرَٰتِ","زَّٰجِرَٰت","zjr","زجر","zāǧirāt","noun","zjrt","1","37:2:1","And those who drive","auto"
"zjw-mzjy@","مُّزْجَىٰةٍۢ","مُّزْجَىٰة","zjw","زجو","muzǧāā","noun","mzjy@","1","12:88:12","(of) little value","auto"
"zjw-yzjy","يُزْجِى","يُزْجِى","zjw","زجو","yuzǧiā","verb","yzjy","2","17:66:3","drives","auto"
"zkhrf-zkhrf","زُخْرُفَ","زُخْرُف","zxrf","زخرف","zuḫruf","noun","zkhrf","4","6:112:13","(with) decorative","auto"
"zkw-a2zky","أَزْكَىٰ","أَزْكَىٰ","zkw","زكو","ʾazkāā","noun","a2zky","4","2:232:26","(is) purer","auto"
"zkw-tzky","تَزَكَّىٰ","تَزَكَّىٰ","zkw","زكو","tazakkāā","verb","tzky","8","20:76:12","purifies himself","auto"
"zkw-zkw@","ٱلزَّكَوٰةَ","زَكَوٰة","zkw","زكو","zakawā","noun","zkw@","32","2:43:4","the zakah","auto"
"zkw-zky","وَيُزَكِّيهِمْ","زَكَّىٰ","zkw","زكو","zakkāā","verb","zky","14","2:129:12","and purifying them","auto"
"zkw-zky@","زَكِيَّةًۢ","زَكِيَّة","zkw","زكو","zakīya","noun","zky@","1","18:74:10","pure","auto"
"zlf-a2zlft","وَأَزْلَفْنَا","أُزْلِفَتْ","zlf","زلف","ʾuzlifat","verb","a2zlft","4","26:64:1","And We brought near","auto"
"zlf-zlf@","وَزُلَفًۭا","زُلْفَة","zlf","زلف","zulfa","noun","zlf@","2","11:114:5","and (at) the approach","auto"
"zlf-zlfy","زُلْفَىٰٓ","زُلْفَىٰٔ","zlf","زلف","zulfāā","noun","zlfy","4","34:37:8","surely is a near access","auto"
"zll-a2zl","فَأَزَلَّهُمَا","أَزَلَّ","zll","زلل","ʾazalla","verb","a2zl","1","2:36:1","Then made [both of] them slip","auto"
"zll-aastzl","ٱسْتَزَلَّهُمُ","ٱسْتَزَلَّ","zll","زلل","āstazalla","verb","aastzl","1","3:155:9","made them slip","auto"
"zll-zll","زَلَلْتُم","زَلَلْ","zll","زلل","zalal","verb","zll","2","2:209:2","you slip","auto"
"zlm-a2zlm","بِٱلْأَزْلَٰمِ","أَزْلَٰم","zlm","زلم","ʾazlām","noun","a2zlm","2","5:3:28","by divining arrows","auto"
"zlq-yzlq","لَيُزْلِقُونَكَ","يُزْلِقُ","zlq","زلق","yuzliqu","verb","yzlq","1","68:51:5","surely make you slip","auto"
"zlq-zlq","زَلَقًا","زَلَق","zlq","زلق","zalaq","noun","zlq","1","18:40:15","slippery","auto"
"zlzl-zlzaal","زِلْزَالًۭا","زِلْزَال","zlzl","زلزل","zilzāl","noun","zlzaal","2","33:11:5","(with a) shake","auto"
"zlzl-zlzl","وَزُلْزِلُوا۟","زُلْزِلُ","zlzl","زلزل","zulzilu","verb","zlzl","3","2:214:16","and they were shaken","auto"
"zlzl-zlzl@","ٱلنَّاسُ","زَلْزَلَة","zlzl","زلزل","zalzala","noun","zlzl@","1","22:1:6","(the) convulsion","auto"
"zmhr-zmhryr","زَمْهَرِيرًۭا","زَمْهَرِير","zmhr","زمهر","zamharīr","noun","zmhryr","1","76:13:10","freezing cold","auto"
"zml-mzml","ٱللَّهِ","مُزَّمِّل","zml","زمل","muzzammil","noun","mzml","1","73:1:2","who wraps himself","auto"
"zmr-zmr","زُمَرًا","زُمَر","zmr","زمر","zumar","noun","zmr","2","39:71:6","(in) groups","auto"
"znm-znym","زَنِيمٍ","زَنِيم","znm","زنم","zanīm","noun","znym","1","68:13:4","utterly useless","auto"
"zny-yzn","يَزْنُونَ","يَزْنُ","zny","زني","yaznu","verb","yzn","2","25:68:17","commit unlawful sexual intercourse","auto"
"zny-zaan","وَٱلزَّانِى","زَان","zny","زني","zān","noun","zaan","3","24:2:2","and the fornicator","auto"
"zny-zaany@","ٱلزَّانِيَةُ","زَانِيَة","zny","زني","zāniya","noun","zaany@","3","24:2:1","The fornicatress","auto"
"zny-zny","ٱلزِّنَىٰٓ","زِّنَىٰٔ","zny","زني","zināā","noun","zny","1","17:32:3","adultery","auto"
"zqm-zqwm","ٱلزَّقُّومِ","زَقُّوم","zqm","زقم","zaqqūm","proper-noun","zqwm","3","37:62:6","(of) Zaqqum","auto"
"zra-tzra","تَزْرَعُونَ","تَزْرَعُ","zrE","زرع","tazraʿu","verb","tzra","2","12:47:2","You will sow","auto"
"zra-zra","وَٱلزَّرْعَ","زَرْع","zrE","زرع","zarʿ","noun","zra","10","6:141:9","crops","auto"
"zra-zraa","ٱلزُّرَّاعَ","زُّرَّاع","zrE","زرع","zurrāʿ","noun","zraa","1","48:29:41","the sowers","auto"
"zra-zrawn","ٱلزَّٰرِعُونَ","زَّٰرِعُون","zrE","زرع","zāriʿūn","noun","zrawn","1","56:64:5","the Ones Who grow","auto"
"zrq-zrq","زُرْقًۭا","زُرْق","zrq","زرق","zurq","noun","zrq","1","20:102:8","blue-eyed","auto"
"zry-tzdry","تَزْدَرِىٓ","تَزْدَرِىٔ","zry","زري","tazdariā","verb","tzdry","1","11:31:17","look down upon","auto"
"zwd-tzwd","وَتَزَوَّدُوا۟","تَزَوَّدُ","zwd","زود","tazawwadu","verb","tzwd","1","2:197:22","And take provision","auto"
"zwd-zaad","ٱلزَّادِ","زَّاد","zwd","زود","zād","noun","zaad","1","2:197:25","provision","auto"
"zwj-zwj","أَزْوَٰجٌۭ","زَوْج","zwj","زوج","zawǧ","noun","zwj","76","2:25:30","pairs","auto"
"zwj-zwjt","زَوَّجْنَٰكَهَا","زُوِّجَتْ","zwj","زوج","zūwiǧat","verb","zwjt","5","33:37:31","We married her to you","auto"
"zwl-zaal","لِتَزُولَ","زَالَ","zwl","زول","zāla","verb","zaal","3","14:46:10","that should be moved","auto"
"zwl-zwaal","زَوَالٍۢ","زَوَال","zwl","زول","zawāl","noun","zwaal","1","14:44:26","end","auto"
"zwr-tzwr","تَّزَٰوَرُ","تَّزَٰوَرُ","zwr","زور","tazāwaru","verb","tzwr","1","18:17:5","inclining away","auto"
"zwr-zr","زُرْتُمُ","زُرْ","zwr","زور","zur","verb","zr","1","102:2:2","you visit","auto"
"zwr-zwr","ٱلزُّورِ","زُّور","zwr","زور","zūr","noun","zwr","4","22:30:24","and a lie","auto"
"zyd-aazdaad","ٱزْدَادُوا۟","ٱزْدَادُ","zyd","زيد","āzdādu","verb","aazdaad","8","3:90:7","they increased","auto"
"zyd-mzyd","مَّزِيدٍۢ","مَّزِيد","zyd","زيد","mazīd","noun","mzyd","2","50:30:9","more","auto"
"zyd-zaad","فَزَادَهُمُ","زَادَ","zyd","زيد","zāda","verb","zaad","49","2:10:4","increase","auto"
"zyd-zyaad@","زِيَادَةٌۭ","زِيَادَة","zyd","زيد","ziyāda","noun","zyaad@","2","9:37:3","(is) an increase","auto"
"zygh-a2zaagh","تُزِغْ","أَزَاغَ","zyg","زيغ","ʾazāġa","verb","a2zaagh","2","3:8:3","deviate","auto"
"zygh-zaagh","يَزِيغُ","زَاغَ","zyg","زيغ","zāġa","verb","zaagh","6","9:117:17","deviated","auto"
"zygh-zygh","زَيْغٌۭ","زَيْغ","zyg","زيغ","zayġ","noun","zygh","1","3:7:18","(is) perversity","auto"
"zyl-tzyl","تَزَيَّلُوا۟","تَزَيَّلُ","zyl","زيل","tazayyalu","verb","tzyl","1","48:25:34","they had been apart","auto"
"zyl-zaalt","يَزَالُونَ","زَالَت","zyl","زيل","zālat","verb","zaalt","8","2:217:30","they will cease","auto"
"zyl-zyl","فَزَيَّلْنَا","زَيَّلْ","zyl","زيل","zayyal","verb","zyl","1","10:28:11","Then We will separate","auto"
"zyn-aazynt","وَٱزَّيَّنَتْ","ٱزَّيَّنَتْ","zyn","زين","āzzayyanat","verb","aazynt","1","10:24:22","and is beautified","auto"
"zyn-zyn","زُيِّنَ","زَيَّنَ","zyn","زين","zayyana","verb","zyn","26","2:212:1","Beautified","auto"
"zyn-zyn@","زِينَتَكُمْ","زِينَة","zyn","زين","zīna","noun","zyn@","19","7:31:4","their adornment","auto"
"zyt-zyt","زَيْتُهَا","زَيْت","zyt","زيت","zayt","noun","zyt","1","24:35:27","its oil","auto"
"zyt-zytwn","وَٱلزَّيْتُونَ","زَّيْتُون","zyt","زيت","zaytūn","noun","zytwn","5","6:99:28","and the olives","auto"
"zyt-zytwn@","زَيْتُونَةٍۢ","زَيْتُونَة","zyt","زيت","zaytūna","noun","zytwn@","1","24:35:21","an olive","auto"